CustomerID,Age,HouseholdIncome,HouseholdSize,ChildrenAtHome,Homeowner,Region,Education,HomeSizeSqFt,SiteVisits30d,ProductViews30d,DaysSinceLastVisit,EmailEngagement90d,PreviousSpend,Treatment,Conversion,CampaignSpend
HG00001,25,50100,2,1,0,South,High school or less,900,5,21,5,0,778.26,1,0,0
HG00002,47,207800,4,1,0,Midwest,Bachelor's,1960,5,19,1,0,1034.99,1,0,0
HG00003,39,54100,2,1,0,Midwest,Some college/associate,1200,4,10,4,0,563.25,1,0,0
HG00004,27,74700,4,1,0,West,Graduate,1940,9,31,2,0,1350.18,1,1,151.07
HG00005,22,52400,2,0,0,South,High school or less,630,15,47,1,0,660.37,0,0,0
HG00006,36,180200,1,0,0,South,Some college/associate,1670,7,20,0,0.352941176,1091.45,0,0,0
HG00007,50,32000,3,0,1,Northeast,High school or less,1130,0,0,48,0,934.09,0,1,53.82
HG00008,39,228400,2,1,0,Midwest,Bachelor's,1650,4,12,11,0,1349.48,1,0,0
HG00009,23,60900,5,0,0,South,Some college/associate,3020,0,0,41,0,1000.13,1,0,0
HG00010,46,119700,1,0,1,Northeast,Bachelor's,1200,5,20,2,0.142857143,976.64,1,0,0
HG00011,28,150100,2,0,0,Northeast,Graduate,890,11,32,4,0,1132.45,0,0,0
HG00012,47,41600,2,1,0,South,High school or less,1060,0,0,107,0,628.07,1,0,0
HG00013,37,149800,2,0,0,West,Bachelor's,1340,20,51,1,0,1138.52,0,1,239.66
HG00014,44,74000,3,1,0,Midwest,Graduate,1130,9,22,2,0,1158.1,0,0,0
HG00015,48,212600,2,1,1,Midwest,Graduate,1030,8,20,3,0,1194.96,1,1,190.06
HG00016,49,100600,1,0,1,Midwest,Some college/associate,1020,6,16,1,0,1344.59,0,1,63.6
HG00017,45,298400,2,0,1,West,Bachelor's,2260,8,26,9,0,1501.45,1,1,101
HG00018,27,121200,4,1,1,Northeast,Some college/associate,2130,9,25,2,0,1065.88,0,0,0
HG00019,65,88100,3,0,1,South,Some college/associate,1560,4,10,3,0,1211.53,0,0,0
HG00020,49,71800,2,0,0,Northeast,Some college/associate,1090,11,42,1,0,587.47,1,0,0
HG00021,67,145800,1,0,1,Northeast,Bachelor's,1870,5,36,2,0.375,950.62,1,0,0
HG00022,30,76800,4,1,1,Midwest,Some college/associate,1510,15,21,0,0,1064.4,1,1,80.03
HG00023,42,64100,2,0,0,West,High school or less,1250,10,27,1,0,338.9,0,0,0
HG00024,61,103300,1,0,1,South,Some college/associate,1510,4,12,6,0,896.24,1,0,0
HG00025,32,67600,1,0,1,South,Some college/associate,780,10,19,2,0,957.95,0,0,0
HG00026,28,39900,2,0,1,South,High school or less,1510,0,0,44,0,713.35,0,0,0
HG00027,72,81900,2,0,1,Midwest,Some college/associate,1720,4,25,7,0.45,1135.16,0,1,204.73
HG00028,52,88600,5,2,1,Northeast,Graduate,3870,0,0,73,0,1324.12,0,1,354.9
HG00029,58,90500,3,1,1,South,High school or less,3220,4,13,0,0,1182.05,1,0,0
HG00030,49,192200,2,1,1,Northeast,Bachelor's,1810,8,23,8,0,1316.49,0,1,67.02
HG00031,50,66600,1,0,0,West,Some college/associate,970,4,22,5,0,891.94,1,0,0
HG00032,54,160000,1,0,1,Midwest,Graduate,1180,3,10,3,0,1207.48,1,0,0
HG00033,33,94500,3,0,1,South,Bachelor's,2410,9,24,1,0,926.03,0,0,0
HG00034,33,111400,3,1,1,West,Graduate,1910,0,0,69,0,1223.16,0,0,0
HG00035,43,135500,1,0,1,Midwest,Some college/associate,2140,8,19,6,0,1184.15,0,0,0
HG00036,43,219800,2,0,1,West,Bachelor's,2140,6,14,1,0,1251.68,0,0,0
HG00037,71,62600,1,0,1,South,Some college/associate,1260,6,22,0,0.166666667,807.38,1,0,0
HG00038,58,52700,4,1,1,Northeast,High school or less,2330,0,0,69,0,1168.15,0,0,0
HG00039,33,60000,2,1,1,West,Some college/associate,2250,0,0,114,0,922.61,0,0,0
HG00040,47,29600,2,0,1,South,Some college/associate,2630,0,0,53,0,943.16,0,0,0
HG00041,21,107700,2,0,1,West,Bachelor's,1200,8,27,4,0,932.43,1,1,137.01
HG00042,35,63500,5,1,1,Northeast,Graduate,3260,0,0,57,0,1059.02,0,0,0
HG00043,19,55300,2,0,1,South,Some college/associate,1400,7,22,5,0,661.75,1,0,0
HG00044,40,56300,2,0,1,Midwest,High school or less,1590,10,45,5,0,915,0,0,0
HG00045,36,62700,2,1,1,South,High school or less,1350,6,16,12,0.222222222,1059.55,0,0,0
HG00046,50,61700,3,0,1,Midwest,Some college/associate,2030,10,24,3,0,873.12,0,0,0
HG00047,57,203200,3,0,1,South,Graduate,1640,8,33,2,0,1401.19,1,0,0
HG00048,52,137500,1,0,1,Midwest,Graduate,1660,5,17,1,0.5,1199.36,1,1,120.87
HG00049,59,50400,1,0,0,South,High school or less,890,3,7,2,0,880.72,1,0,0
HG00050,31,92300,2,1,1,South,Bachelor's,2130,7,11,4,0.666666667,807.74,0,0,0
HG00051,63,150800,3,0,1,Midwest,Bachelor's,2760,0,0,149,0,1535.99,1,0,0
HG00052,29,153100,1,0,1,Northeast,Graduate,1080,9,16,5,0,792.9,0,0,0
HG00053,42,53100,5,3,0,Midwest,Graduate,2070,5,16,3,0,916.19,0,0,0
HG00054,37,82800,6,1,1,West,Some college/associate,4440,0,0,63,0,1009.43,1,1,80.64
HG00055,46,59600,1,0,1,South,High school or less,1350,3,6,15,0,932.49,0,0,0
HG00056,59,84700,1,0,1,South,Graduate,1640,4,9,3,0,799.55,0,0,0
HG00057,20,40400,4,0,1,Midwest,High school or less,2100,7,27,1,0,708.97,0,0,0
HG00058,35,242800,1,0,1,South,Graduate,1910,6,13,2,0,1524.47,0,1,283.43
HG00059,28,40000,1,0,0,Midwest,High school or less,710,2,7,19,0,897.25,0,0,0
HG00060,30,32600,2,0,0,West,High school or less,950,12,27,1,0,809.12,0,1,101.35
HG00061,33,39600,2,1,1,West,High school or less,1880,9,27,2,0,920.68,1,1,205.64
HG00062,40,173100,5,2,0,Northeast,Bachelor's,3260,8,13,0,0,1314.17,1,0,0
HG00063,62,60400,1,0,1,South,High school or less,1060,5,23,2,0.315789474,699.84,1,1,114.1
HG00064,45,40300,6,2,1,Midwest,High school or less,3440,0,0,82,0,1186.91,1,1,126.05
HG00065,46,100600,2,1,1,Midwest,Some college/associate,1390,10,19,2,0,1078.11,0,0,0
HG00066,43,39600,4,1,1,Midwest,Some college/associate,1570,0,0,94,0,993.42,0,0,0
HG00067,56,96600,3,0,1,South,Some college/associate,1690,3,6,18,0,781.07,1,1,41.53
HG00068,45,186300,4,1,1,South,Some college/associate,2480,9,27,0,0,1313.32,1,0,0
HG00069,44,44100,1,0,1,South,Some college/associate,1190,6,11,5,0,653.12,1,0,0
HG00070,49,61300,1,0,1,Midwest,Some college/associate,1150,11,26,7,0,750.46,0,0,0
HG00071,40,78300,2,0,1,West,High school or less,1510,4,14,12,0,918.12,0,0,0
HG00072,50,43600,3,0,1,West,High school or less,1080,0,0,90,0,791.69,1,0,0
HG00073,73,95900,1,0,0,Northeast,Bachelor's,1360,7,31,5,0.363636364,835.84,0,0,0
HG00074,55,215100,2,0,1,West,Bachelor's,1910,6,15,16,0,1369.47,1,0,0
HG00075,36,71500,2,0,1,West,Some college/associate,2740,0,0,73,0,1026.34,0,0,0
HG00076,53,182800,2,0,0,Northeast,Graduate,1680,10,21,2,0.384615385,1176.97,1,0,0
HG00077,39,50000,3,0,1,West,High school or less,1920,0,0,43,0,956.18,1,0,0
HG00078,37,52500,3,1,0,West,Some college/associate,1680,0,0,58,0,943.23,0,0,0
HG00079,43,156500,3,2,1,South,Bachelor's,1410,9,25,0,0,1176.53,1,0,0
HG00080,53,43200,5,0,0,South,Graduate,2560,0,0,80,0,1138.51,1,1,91.95
HG00081,47,166300,4,1,1,West,Bachelor's,1960,9,31,2,0,1049.23,1,0,0
HG00082,55,188000,3,0,1,West,Graduate,2090,20,65,2,0,1418.95,0,1,219.97
HG00083,28,21300,1,0,1,Midwest,High school or less,630,4,10,2,0.375,964.25,1,0,0
HG00084,49,113600,4,1,1,Midwest,Some college/associate,2450,10,26,0,0,891.29,1,0,0
HG00085,50,122500,1,0,0,South,Bachelor's,1150,6,20,5,0,868.22,1,0,0
HG00086,38,85200,2,1,1,Northeast,Bachelor's,970,6,15,2,0,967.79,1,0,0
HG00087,36,74900,4,1,0,Midwest,Some college/associate,2280,6,26,1,0,1384.06,0,1,334.42
HG00088,32,45400,5,2,1,West,High school or less,2260,0,0,99,0,987.38,0,0,0
HG00089,31,,2,0,0,Northeast,Graduate,2090,8,22,5,0,1054.68,1,0,0
HG00090,39,126600,3,1,1,South,Bachelor's,1280,26,46,0,0,1229.21,0,0,0
HG00091,41,65600,2,0,1,South,Some college/associate,1970,12,26,1,0,1105.94,1,0,0
HG00092,57,158900,4,0,1,Northeast,Bachelor's,2590,8,21,1,0,1365.69,1,1,91.08
HG00093,34,26500,2,0,0,Midwest,High school or less,690,14,25,0,0.444444444,573.18,0,0,0
HG00094,36,64400,4,1,1,Northeast,Some college/associate,2210,0,0,87,0,1048.23,0,1,368.18
HG00095,52,73400,1,0,1,South,Some college/associate,1250,4,21,8,0.125,1090.53,1,0,0
HG00096,47,67600,1,0,1,Northeast,High school or less,1910,5,12,1,0,985.14,0,0,0
HG00097,37,29000,2,0,1,South,High school or less,1370,0,0,55,0,1075.15,1,0,0
HG00098,50,43200,4,0,1,West,Some college/associate,1560,0,0,53,0,692.25,0,0,0
HG00099,37,112200,6,2,1,Northeast,Bachelor's,3430,11,27,0,0,1271.2,0,0,0
HG00100,54,63300,1,0,1,Midwest,Bachelor's,1300,1,2,23,0.444444444,845.88,1,0,0
HG00101,58,106100,1,0,1,South,Bachelor's,1210,8,25,2,0,997.17,1,0,0
HG00102,43,77600,2,0,1,South,Bachelor's,900,6,11,7,0,874.42,0,0,0
HG00103,35,71000,1,0,1,Northeast,High school or less,1200,2,12,17,0.25,907.99,0,0,0
HG00104,46,83800,1,0,0,South,High school or less,1740,0,0,72,0,531.65,0,0,0
HG00105,43,155000,4,3,1,South,Bachelor's,2700,11,31,0,0,1424.36,1,0,0
HG00106,31,113900,3,0,0,South,Graduate,1300,7,13,8,0,1195.01,1,0,0
HG00107,47,39500,3,1,1,West,Some college/associate,1970,0,0,55,0,1170.55,0,0,0
HG00108,44,,2,0,1,Northeast,High school or less,1550,3,6,0,0,1159.63,0,1,93.13
HG00109,46,,2,1,1,Northeast,Bachelor's,1350,10,35,0,0,960.85,0,1,80.73
HG00110,38,177000,4,1,0,South,Some college/associate,3170,11,34,2,0,1052.02,0,0,0
HG00111,41,83400,1,0,1,Northeast,Some college/associate,1480,4,7,3,0.421052632,929.05,0,0,0
HG00112,40,45300,2,0,0,South,Some college/associate,1090,12,30,1,0,940.09,0,0,0
HG00113,42,196300,1,0,1,West,Graduate,1960,4,13,10,0,1431.48,1,0,0
HG00114,38,74900,2,0,1,West,Bachelor's,1500,6,13,6,0,942.54,0,0,0
HG00115,25,40500,5,0,0,Midwest,High school or less,2650,0,0,49,0,943.33,1,0,0
HG00116,35,64000,2,1,1,West,Bachelor's,1290,7,19,2,0,947.37,0,0,0
HG00117,30,49600,6,2,0,Northeast,Some college/associate,1970,0,0,65,0,751.34,1,0,0
HG00118,66,45400,1,0,1,Midwest,Some college/associate,2010,9,31,3,0,1127.14,0,0,0
HG00119,20,36900,6,2,0,South,High school or less,2350,0,0,77,0,977.77,0,0,0
HG00120,60,285000,1,0,1,South,Graduate,1400,3,2,12,0,1442.11,0,0,0
HG00121,36,33900,3,1,0,West,High school or less,2110,0,0,72,0,831.8,1,0,0
HG00122,38,76700,2,0,1,South,Some college/associate,1570,19,33,1,0,814.46,1,0,0
HG00123,51,102800,2,0,1,South,Bachelor's,1520,10,23,5,0,987.69,0,0,0
HG00124,35,105200,4,1,1,South,Some college/associate,2350,5,9,10,0,1285.82,1,1,469.63
HG00125,29,116600,2,1,0,South,Bachelor's,2130,0,0,69,0,988.12,0,0,0
HG00126,31,50200,1,0,1,Midwest,Some college/associate,1030,8,21,0,0.222222222,724.08,1,0,0
HG00127,52,100600,1,0,0,Midwest,Bachelor's,1630,6,39,2,0.166666667,1028,1,0,0
HG00128,55,82600,2,0,0,South,Some college/associate,1190,4,23,2,0,961.81,1,0,0
HG00129,26,88300,1,0,0,West,Graduate,1080,5,16,4,0,875.28,0,0,0
HG00130,49,111500,2,0,1,Midwest,Bachelor's,1060,9,37,1,0,996.21,0,0,0
HG00131,71,53700,1,0,1,South,High school or less,1300,6,30,1,0,888.4,1,1,268.58
HG00132,38,84400,2,1,1,West,Graduate,1800,6,16,8,0,1051.24,0,0,0
HG00133,41,144300,3,0,0,South,Bachelor's,2380,0,0,56,0.333333333,935.22,0,0,0
HG00134,56,71500,2,1,0,Northeast,Some college/associate,1500,0,0,61,0,898.19,0,0,0
HG00135,68,77000,2,0,1,Northeast,Bachelor's,1530,7,25,3,0,935.27,0,0,0
HG00136,47,150800,1,0,1,West,Graduate,,7,25,1,0.375,1096.02,0,0,0
HG00137,20,81600,3,1,0,Northeast,High school or less,1420,16,36,1,0,772.24,1,1,31.36
HG00138,19,45300,1,0,0,West,Some college/associate,1130,6,24,0,0,890.99,1,0,0
HG00139,47,55800,1,0,0,Northeast,High school or less,740,5,16,9,0,871.69,0,0,0
HG00140,49,52500,2,1,0,West,High school or less,1760,9,30,3,0,714.8,1,0,0
HG00141,31,94300,2,0,0,Northeast,Some college/associate,990,20,61,0,0,990.78,1,0,0
HG00142,18,83700,1,0,0,Northeast,Some college/associate,910,8,18,6,0,908.92,0,0,0
HG00143,49,18600,4,2,1,Midwest,High school or less,1600,0,0,71,0,780.51,0,0,0
HG00144,49,108200,1,0,1,South,Graduate,1650,7,42,3,0,1098.79,0,0,0
HG00145,52,58000,1,0,1,Midwest,Graduate,1550,0,0,58,0,970.22,1,0,0
HG00146,42,23700,2,0,0,South,High school or less,1260,0,0,45,0,904.45,0,0,0
HG00147,54,79000,3,0,1,South,Some college/associate,2770,0,0,124,0,841.15,0,0,0
HG00148,50,129200,2,0,1,South,Some college/associate,1580,3,4,19,0,685.47,1,0,0
HG00149,45,89800,2,0,0,South,Bachelor's,1620,10,16,10,0,781.83,1,0,0
HG00150,51,69000,1,0,1,Northeast,High school or less,2700,0,0,82,0,899.59,0,0,0
HG00151,51,34700,1,0,1,West,High school or less,1010,4,12,6,0,500.61,1,0,0
HG00152,50,46800,3,1,0,West,High school or less,1500,0,0,68,0,1118.2,1,0,0
HG00153,18,74500,1,0,1,South,Some college/associate,1490,5,9,0,0,815.72,0,1,83.31
HG00154,51,93000,1,0,1,Northeast,Bachelor's,1380,5,16,4,0,1306.68,0,1,436.56
HG00155,24,77100,3,0,0,South,Some college/associate,1760,8,22,3,0,928.52,0,0,0
HG00156,33,43800,3,0,0,South,Some college/associate,3250,0,0,58,0,1026.55,1,0,0
HG00157,46,141500,1,0,0,South,Some college/associate,2360,4,7,0,0,885.53,0,1,122.35
HG00158,51,96700,2,1,1,Northeast,High school or less,1740,6,22,3,0.304347826,904.07,0,0,0
HG00159,48,170300,2,0,0,South,Graduate,2290,5,12,2,0,904.97,1,0,0
HG00160,32,87200,4,2,0,West,Bachelor's,1500,8,15,2,0,1101.67,0,0,0
HG00161,65,61300,2,0,0,West,High school or less,1530,9,26,7,0,733.41,1,1,82.53
HG00162,47,35100,5,2,0,South,High school or less,2380,0,0,41,0,800.82,1,1,26.48
HG00163,37,178100,3,0,1,Midwest,Bachelor's,2920,12,37,1,0,1276.43,0,0,0
HG00164,27,250600,4,2,1,Midwest,Bachelor's,2800,6,19,0,0,1491.44,1,0,0
HG00165,56,98200,4,0,1,Midwest,Bachelor's,2260,5,16,11,0,987.38,1,0,0
HG00166,53,57300,3,0,0,Northeast,Some college/associate,1470,4,13,3,0.416666667,839.13,1,0,0
HG00167,55,142800,4,2,1,Midwest,Graduate,2660,0,0,49,0,1414.22,0,1,578.02
HG00168,42,37500,2,0,1,Midwest,Some college/associate,1910,0,0,72,0,978.99,0,0,0
HG00169,20,72500,3,0,1,South,Some college/associate,2110,11,32,0,0,979.51,1,0,0
HG00170,64,350000,4,1,1,West,Graduate,3230,11,40,0,0,1643.09,1,1,101.63
HG00171,49,71600,1,0,0,South,High school or less,1290,6,31,0,0,656.21,0,1,43.67
HG00172,50,114100,1,0,1,Midwest,Graduate,,10,41,0,0.4,1106.94,1,0,0
HG00173,76,129000,2,0,1,South,Bachelor's,1760,14,56,4,0,1033.93,0,0,0
HG00174,57,139400,2,0,1,South,Graduate,2240,8,23,8,0,1277.2,1,1,46.45
HG00175,37,107200,3,2,1,South,Bachelor's,1600,12,31,0,0,1452.71,1,0,0
HG00176,60,77000,2,0,1,Northeast,Some college/associate,1850,8,37,0,0,1042.61,1,0,0
HG00177,35,125600,1,0,0,Northeast,Bachelor's,1300,17,42,0,0,948.36,0,0,0
HG00178,44,,5,2,1,South,Bachelor's,2230,8,13,8,0,1018.52,1,0,0
HG00179,44,173400,4,0,1,Northeast,Bachelor's,3210,13,31,1,0,1259.84,0,0,0
HG00180,44,79000,3,1,1,Northeast,Some college/associate,1670,2,3,23,0,930.96,1,0,0
HG00181,51,65800,4,3,1,Midwest,Some college/associate,2500,0,0,59,0,1235.15,1,0,0
HG00182,40,28000,4,1,1,Northeast,High school or less,2810,0,0,74,0,1307.28,0,1,291.57
HG00183,34,146700,4,1,1,Northeast,Graduate,2610,6,18,0,0,1019.27,0,0,0
HG00184,27,49000,4,1,0,West,Some college/associate,1120,7,24,5,0.307692308,762.19,0,1,93.15
HG00185,77,136300,1,0,1,Northeast,Bachelor's,1140,6,9,8,0.235294118,1147.36,0,0,0
HG00186,36,40300,3,2,1,South,High school or less,1370,11,35,2,0,872.53,0,0,0
HG00187,38,53200,1,0,1,West,High school or less,1040,4,5,0,0,649.24,0,0,0
HG00188,43,84100,2,1,1,Northeast,Bachelor's,1570,4,9,0,0,978.61,1,0,0
HG00189,42,79100,6,3,1,South,Some college/associate,2350,9,31,0,0,1144.62,0,0,0
HG00190,28,48400,2,0,1,Midwest,Some college/associate,1280,0,0,71,0,830.22,0,0,0
HG00191,30,174500,3,1,0,South,Bachelor's,2450,4,9,8,0,1267.85,0,0,0
HG00192,54,136000,1,0,1,South,Graduate,1360,16,43,0,0,1172.19,1,0,0
HG00193,34,116400,3,1,1,Midwest,Graduate,1470,12,24,7,0,1041.55,0,0,0
HG00194,47,73000,3,1,1,South,Some college/associate,2120,7,36,1,0,998.45,0,0,0
HG00195,61,82900,2,0,1,Northeast,Bachelor's,1660,0,0,56,0,1172.47,0,0,0
HG00196,34,120500,4,1,0,Midwest,Some college/associate,1430,13,43,2,0,852.81,0,0,0
HG00197,43,78600,2,1,1,Midwest,Bachelor's,1270,12,48,2,0,733.22,0,0,0
HG00198,47,104000,2,0,1,West,Bachelor's,1690,9,30,1,0,906.16,0,0,0
HG00199,55,,2,0,1,South,Graduate,2230,6,12,0,0,1409.16,1,0,0
HG00200,59,324500,3,1,0,Northeast,Graduate,1590,11,30,0,0,1538.9,0,1,140.5
HG00201,49,128100,1,0,1,West,Bachelor's,1460,4,11,2,0.230769231,969.88,0,1,13.05
HG00202,22,87700,2,0,0,Midwest,Some college/associate,1040,8,28,5,0,1039.11,1,0,0
HG00203,22,63900,1,0,1,Midwest,High school or less,970,4,13,3,0,460.04,1,0,0
HG00204,48,82100,1,0,0,South,Some college/associate,1300,5,21,2,0,711.82,0,0,0
HG00205,27,33900,2,1,0,West,High school or less,750,7,22,6,0.1,670.3,1,0,0
HG00206,52,134000,2,0,0,Northeast,Graduate,2020,5,27,1,0,1126.17,0,0,0
HG00207,23,73500,3,0,1,South,Some college/associate,1290,11,44,3,0,870.38,1,0,0
HG00208,30,61700,2,0,0,Northeast,Some college/associate,760,14,43,4,0,879.58,0,0,0
HG00209,60,106900,1,0,0,West,Graduate,1290,0,0,52,0,1030.25,0,0,0
HG00210,46,34800,3,1,0,South,High school or less,1550,0,0,49,0,868.63,1,1,119.31
HG00211,32,121300,1,0,1,West,Graduate,1520,6,19,0,0,914.07,0,0,0
HG00212,35,98000,3,1,1,Midwest,Some college/associate,1720,8,23,1,0.333333333,1069.47,1,0,0
HG00213,32,69700,1,0,1,Midwest,High school or less,1880,0,0,45,0,929.78,0,0,0
HG00214,49,68500,4,2,1,Midwest,Some college/associate,1640,8,28,0,0,1259.01,1,0,0
HG00215,47,51400,1,0,1,West,High school or less,1480,3,7,5,0,870.67,0,0,0
HG00216,58,96800,4,0,1,Northeast,Some college/associate,1950,0,0,56,0,1120.34,1,0,0
HG00217,47,80000,4,2,1,Midwest,Bachelor's,1350,5,20,11,0,922.71,0,0,0
HG00218,50,50200,1,0,1,Northeast,Some college/associate,1440,0,0,87,0,1003.22,0,0,0
HG00219,70,153900,1,0,1,West,Bachelor's,2060,3,15,2,0.5,1163.4,0,1,104.96
HG00220,38,130500,3,2,1,Northeast,Graduate,1770,9,29,0,0,1433.7,1,1,116.23
HG00221,53,114900,3,0,1,South,Some college/associate,2970,7,24,0,0,1323.19,1,1,481.53
HG00222,24,25100,6,1,1,Northeast,High school or less,2230,2,5,2,0,999.59,1,1,59.55
HG00223,27,42800,2,0,0,Northeast,Some college/associate,1370,7,23,3,0,907.66,0,0,0
HG00224,47,53800,4,1,0,South,High school or less,2940,0,0,57,0,1115.6,1,1,100.06
HG00225,53,38000,2,0,1,South,High school or less,1570,0,0,54,0,807.11,1,0,0
HG00226,41,109900,3,2,1,South,Graduate,2610,9,26,0,0,1036.89,0,0,0
HG00227,50,225200,2,1,1,Midwest,Graduate,1960,13,54,0,0,1210.38,1,0,0
HG00228,51,136700,1,0,1,Northeast,Some college/associate,2300,2,1,3,0.315789474,1243.91,0,0,0
HG00229,33,121100,3,0,0,Midwest,Some college/associate,1590,4,5,7,0,1223.02,0,1,159.91
HG00230,33,72200,5,1,1,West,Some college/associate,1830,8,17,1,0,997.4,1,0,0
HG00231,43,60700,2,0,0,West,Some college/associate,1730,0,0,125,0,1102.52,1,0,0
HG00232,51,117700,4,3,1,South,Bachelor's,2050,6,18,5,0,1345.01,0,1,115.62
HG00233,60,131300,1,0,0,Midwest,Graduate,1530,9,33,1,0.333333333,939.6,1,0,0
HG00234,56,130400,3,0,1,South,Graduate,1910,6,20,2,0,1299.3,1,0,0
HG00235,29,36700,1,0,0,South,High school or less,720,2,5,7,0,553.4,1,0,0
HG00236,22,54200,1,0,0,South,Some college/associate,1010,4,20,1,0,902.92,1,0,0
HG00237,38,49600,4,1,1,South,Some college/associate,1230,8,33,2,0,1080.63,0,0,0
HG00238,32,135400,1,0,1,South,Bachelor's,1860,12,31,0,0,1010.32,1,0,0
HG00239,74,100900,3,0,1,South,Bachelor's,3560,0,0,146,0,1474.9,1,0,0
HG00240,26,29100,2,0,0,South,High school or less,1640,0,0,89,0,558.21,1,0,0
HG00241,50,56500,2,0,0,South,High school or less,1230,3,7,0,0,617.28,1,0,0
HG00242,41,151800,1,0,1,Northeast,Bachelor's,2400,6,16,3,0,1309.7,0,0,0
HG00243,41,45500,1,0,0,South,Some college/associate,1050,7,18,3,0,922.64,0,0,0
HG00244,47,80300,1,0,1,Northeast,Some college/associate,2200,5,15,0,0.294117647,1017.48,0,0,0
HG00245,36,123800,1,0,1,Northeast,Graduate,2100,9,30,2,0,918.43,1,0,0
HG00246,50,70100,3,2,1,South,High school or less,1490,5,27,9,0.363636364,1033.15,1,0,0
HG00247,66,76300,2,0,1,South,Bachelor's,1350,10,19,0,0,932.37,1,1,57.14
HG00248,55,59800,1,0,0,Northeast,Some college/associate,1610,1,4,10,0.173913043,801.61,0,0,0
HG00249,43,43200,2,1,0,Northeast,Some college/associate,1290,0,0,89,0,876.29,1,0,0
HG00250,22,44400,3,2,0,West,High school or less,1120,18,61,0,0,1027.18,0,0,0
HG00251,51,92200,2,0,0,Northeast,Some college/associate,1520,8,36,2,0.444444444,1219.06,1,0,0
HG00252,32,29400,2,1,0,Northeast,Some college/associate,1380,0,0,47,0,673.07,0,0,0
HG00253,45,37000,1,0,1,South,High school or less,1110,4,11,13,0.416666667,756.84,0,1,37.39
HG00254,56,164500,3,0,1,South,Bachelor's,2210,14,58,4,0,1228.8,0,0,0
HG00255,34,50700,1,0,0,South,High school or less,1060,5,20,2,0,919.49,1,0,0
HG00256,44,112600,3,2,1,West,Bachelor's,1160,15,34,0,0,1208.05,0,0,0
HG00257,45,68600,2,1,1,Midwest,Bachelor's,1500,14,51,1,0.272727273,825.09,0,0,0
HG00258,22,91000,2,0,1,South,Bachelor's,1310,7,18,3,0,1160.61,0,0,0
HG00259,52,58800,1,0,0,Midwest,Some college/associate,1590,5,16,4,0.214285714,1040.57,0,0,0
HG00260,56,146400,1,0,1,South,Graduate,1820,4,7,8,0,963.64,0,0,0
HG00261,55,47900,1,0,0,South,Some college/associate,1000,11,35,0,0,753.67,1,0,0
HG00262,45,125800,2,0,1,South,Bachelor's,1100,8,23,2,0,903.75,1,0,0
HG00263,69,122000,5,0,1,Northeast,Graduate,3460,9,18,2,0,1335.76,0,1,212.26
HG00264,58,58500,2,1,1,West,Some college/associate,1330,0,0,130,0,1038.39,0,0,0
HG00265,27,36900,2,0,0,West,High school or less,910,6,22,9,0,253.58,0,0,0
HG00266,47,179200,3,1,1,West,Graduate,2200,3,12,3,0,1324.92,0,1,175.67
HG00267,43,76500,3,0,1,West,Bachelor's,2220,0,0,115,0,896.14,1,0,0
HG00268,62,94100,1,0,0,South,Bachelor's,1610,3,10,3,0,935.21,0,0,0
HG00269,71,348100,4,0,1,West,Graduate,3330,7,16,3,0,1929.22,0,1,584.87
HG00270,53,105000,2,0,0,Midwest,Graduate,1440,1,2,20,0.19047619,1257.74,0,1,198.64
HG00271,39,78700,1,0,1,Midwest,Some college/associate,1450,5,15,7,0,1059.6,1,1,126.69
HG00272,52,87700,2,1,0,South,Some college/associate,,5,25,3,0,1004.93,0,0,0
HG00273,44,78900,1,0,0,South,Some college/associate,930,2,5,1,0,425.47,0,0,0
HG00274,60,53200,2,0,1,West,Some college/associate,1490,4,17,7,0,1136.88,0,1,165.31
HG00275,34,27100,2,0,0,West,High school or less,1010,0,0,85,0,694.71,1,0,0
HG00276,36,187000,4,0,1,South,Graduate,2020,19,55,1,0,1457.73,1,0,0
HG00277,35,115400,2,0,1,West,Bachelor's,1730,10,28,4,0,1193.18,0,1,393.52
HG00278,51,78100,4,3,1,South,Some college/associate,3460,0,0,51,0,1261.16,1,0,0
HG00279,24,52600,1,0,1,South,Some college/associate,1140,4,11,7,0,767.89,1,0,0
HG00280,26,100000,1,0,1,South,Some college/associate,1590,10,35,0,0,844.21,0,0,0
HG00281,42,112400,4,2,0,West,Some college/associate,1780,7,10,1,0.222222222,1123.4,1,1,220
HG00282,47,163700,2,0,1,West,Bachelor's,1800,3,10,0,0,1425.54,0,1,110.73
HG00283,23,47200,6,2,1,Northeast,High school or less,2950,0,0,46,0,1242.89,1,0,0
HG00284,46,80100,4,1,1,West,Bachelor's,2700,0,0,57,0,1018.47,1,1,39.58
HG00285,64,53700,1,0,1,South,High school or less,1480,13,39,1,0,625.91,0,0,0
HG00286,66,44500,1,0,1,West,Some college/associate,1250,0,0,67,0,808.59,1,0,0
HG00287,48,52000,4,2,0,West,High school or less,2330,0,0,49,0,969.2,1,0,0
HG00288,34,118500,2,1,1,South,Some college/associate,2390,5,9,1,0,830.66,0,0,0
HG00289,33,193900,5,3,1,West,Graduate,2770,16,34,0,0,1424.83,0,1,266.4
HG00290,69,78500,2,0,1,Midwest,High school or less,1430,7,14,0,0.285714286,833.44,1,1,131.33
HG00291,55,350000,4,0,1,Midwest,Graduate,3150,13,29,0,0,1611.9,0,0,0
HG00292,32,57200,4,3,1,Midwest,Some college/associate,2270,0,0,82,0,1202.63,1,0,0
HG00293,50,55800,2,0,1,Midwest,Some college/associate,,10,23,2,0,739.08,0,0,0
HG00294,54,167200,2,0,1,West,Graduate,3340,3,12,2,0.52173913,1295.47,0,0,0
HG00295,41,85800,2,0,0,West,Bachelor's,1270,10,33,3,0,940.13,1,0,0
HG00296,42,48200,4,3,1,South,Some college/associate,1750,0,0,47,0,1113.2,0,1,71.12
HG00297,37,56100,1,0,0,South,Some college/associate,1310,7,13,1,0.428571429,938.84,1,1,355.77
HG00298,44,124700,2,0,1,West,Bachelor's,2000,12,33,1,0,908.58,0,0,0
HG00299,28,51800,4,2,1,South,Bachelor's,1830,0,0,85,0,1466.78,1,0,0
HG00300,51,129000,2,0,0,West,Graduate,1100,5,13,0,0,886.11,0,0,0
HG00301,69,41100,1,0,0,Northeast,High school or less,1420,1,6,0,0.1875,912.55,1,0,0
HG00302,67,65100,1,0,1,West,High school or less,1630,4,8,11,0.2,1000.09,0,0,0
HG00303,45,85300,1,0,1,South,Some college/associate,1130,2,9,8,0,1007.41,1,0,0
HG00304,44,46000,1,0,0,South,Some college/associate,1430,0,0,72,0,1058.75,1,1,84.68
HG00305,39,63800,5,1,0,South,High school or less,2880,0,0,87,0,1058.81,1,0,0
HG00306,41,92000,1,0,0,West,Some college/associate,740,13,35,8,0,895.43,0,0,0
HG00307,54,74400,2,0,1,Midwest,Bachelor's,1430,7,12,4,0,857.75,1,0,0
HG00308,28,56000,3,1,0,Midwest,Graduate,1870,0,0,53,0,1029.26,0,0,0
HG00309,44,106700,3,1,1,South,Bachelor's,1740,8,29,1,0,1077.12,0,0,0
HG00310,51,294900,3,2,1,Midwest,Graduate,2820,9,40,12,0,1579.71,1,0,0
HG00311,50,118800,2,1,1,West,High school or less,1670,10,27,6,0,1298.06,0,1,107.26
HG00312,46,130500,1,0,1,Midwest,Graduate,1660,2,5,3,0.4,1116.63,0,0,0
HG00313,76,80600,1,0,1,West,Some college/associate,1000,8,14,0,0,967.69,0,0,0
HG00314,53,61800,1,0,1,South,High school or less,1730,8,26,2,0,813.2,0,0,0
HG00315,43,59000,1,0,1,West,Some college/associate,1430,3,15,7,0,1139,0,0,0
HG00316,31,42200,3,1,0,West,High school or less,1530,0,0,75,0,1096.52,1,0,0
HG00317,47,90300,2,0,0,Northeast,Bachelor's,1050,4,11,7,0,832.31,1,0,0
HG00318,35,46400,2,1,1,West,Some college/associate,2260,0,0,51,0,955.96,0,0,0
HG00319,35,87400,2,0,1,Northeast,Bachelor's,2210,3,16,19,0.368421053,957.78,0,0,0
HG00320,61,67700,3,1,0,West,High school or less,1320,0,0,145,0,937.29,1,0,0
HG00321,35,55500,1,0,0,West,Some college/associate,1170,0,0,61,0,992.93,1,0,0
HG00322,65,153800,1,0,1,Northeast,Graduate,1150,9,35,3,0,1354.15,0,0,0
HG00323,64,74600,1,0,1,Midwest,High school or less,1590,4,13,6,0,1095.36,0,0,0
HG00324,34,36800,5,2,0,South,High school or less,2300,0,0,116,0,1056.61,0,0,0
HG00325,29,33200,1,0,0,Midwest,High school or less,1130,0,0,88,0,861.69,1,0,0
HG00326,46,54800,2,1,0,South,Some college/associate,2150,0,0,76,0,978.14,1,0,0
HG00327,37,25800,2,0,0,South,High school or less,790,4,5,8,0,910.04,1,0,0
HG00328,60,246000,1,0,1,West,Graduate,1200,10,33,3,0,1548.05,1,1,301.27
HG00329,35,35900,3,0,1,South,High school or less,2780,0,0,56,0,1143.48,0,0,0
HG00330,37,107100,2,1,1,Midwest,Some college/associate,2080,3,6,11,0,1190.75,1,0,0
HG00331,19,35400,1,0,1,South,High school or less,860,4,9,2,0.181818182,1002.99,0,1,50.77
HG00332,50,220600,4,1,1,Northeast,Some college/associate,2170,26,80,0,0,1434.96,0,0,0
HG00333,57,278100,4,1,1,South,Graduate,3020,13,47,0,0,1386.72,1,0,0
HG00334,50,110700,1,0,1,West,Some college/associate,880,15,51,0,0,854.77,1,1,93.61
HG00335,51,42000,2,1,1,West,Some college/associate,2090,6,18,2,0,848.69,1,0,0
HG00336,33,44000,2,0,1,West,High school or less,890,11,24,1,0,766.91,0,0,0
HG00337,58,96700,3,0,1,Midwest,Bachelor's,2350,0,0,62,0,1205.72,1,0,0
HG00338,33,43300,1,0,1,Northeast,High school or less,970,3,5,13,0,888.31,0,0,0
HG00339,60,94300,6,1,0,South,Some college/associate,2380,6,27,12,0,1046.06,1,0,0
HG00340,63,,1,0,1,Northeast,Bachelor's,1050,2,5,12,0.083333333,1342.73,0,0,0
HG00341,35,53500,2,1,0,West,High school or less,1540,0,0,47,0,969.65,1,1,60.23
HG00342,34,42000,3,1,1,South,High school or less,1550,0,0,116,0,872.16,1,0,0
HG00343,77,72000,1,0,1,West,High school or less,1650,11,58,6,0.181818182,1080.6,1,0,0
HG00344,51,162300,4,1,1,Midwest,Bachelor's,2450,7,29,1,0,1499.81,0,1,139.67
HG00345,42,35700,6,2,1,Midwest,Some college/associate,2830,10,31,1,0,1074.7,0,0,0
HG00346,53,167700,5,0,0,South,Graduate,2530,6,23,1,0,1098.93,1,0,0
HG00347,24,53600,3,1,1,West,High school or less,2380,0,0,79,0,901.13,1,1,93.87
HG00348,37,102200,1,0,1,South,High school or less,1580,11,32,3,0,823.17,1,0,0
HG00349,67,157700,2,0,1,West,Bachelor's,1800,7,18,1,0,1023.47,1,0,0
HG00350,31,97000,2,1,1,Midwest,Some college/associate,1960,12,26,0,0,904.54,1,0,0
HG00351,24,104600,3,0,1,Midwest,Some college/associate,1650,14,43,3,0,843.5,1,0,0
HG00352,43,73300,2,0,0,West,Bachelor's,1360,6,21,0,0,864.83,0,0,0
HG00353,45,90600,2,0,1,West,Some college/associate,2070,7,22,7,0,1088.51,0,0,0
HG00354,50,61300,2,1,1,West,Some college/associate,2160,0,0,66,0,1047.02,0,0,0
HG00355,40,122000,1,0,0,Midwest,Bachelor's,1240,4,10,2,0,950.41,0,0,0
HG00356,61,116700,1,0,0,Northeast,Bachelor's,1840,5,16,9,0,1048.11,1,0,0
HG00357,55,190000,5,0,1,Northeast,Graduate,2560,9,20,2,0,1409,0,1,650.19
HG00358,46,67900,2,1,1,Northeast,Some college/associate,2720,0,0,71,0,889.53,0,0,0
HG00359,57,39400,4,1,1,South,High school or less,2710,0,0,144,0,1007.72,0,0,0
HG00360,30,36600,2,0,0,Midwest,High school or less,970,9,34,0,0.25,867.52,1,1,91.66
HG00361,56,98400,1,0,1,West,Bachelor's,1850,2,17,9,0,998.87,0,0,0
HG00362,42,32700,4,2,1,South,Bachelor's,2410,17,48,0,0.538461538,920.58,1,1,106.53
HG00363,44,65300,4,1,1,South,High school or less,2020,0,0,103,0,859.64,1,0,0
HG00364,50,120500,4,1,1,West,Some college/associate,2960,9,31,2,0,1119.33,1,0,0
HG00365,66,256600,5,0,1,South,Bachelor's,3110,7,26,2,0,1763.02,1,1,351.58
HG00366,45,135500,2,1,1,West,Bachelor's,1700,10,26,5,0,928.24,1,0,0
HG00367,24,47400,4,0,1,Northeast,High school or less,1600,5,9,0,0,885.67,0,0,0
HG00368,61,75700,4,0,1,South,Some college/associate,3760,0,0,123,0,1087.04,1,0,0
HG00369,44,88700,2,1,0,South,Some college/associate,1030,6,20,10,0,869.81,1,0,0
HG00370,50,126300,3,1,0,Midwest,Bachelor's,1540,6,15,6,0,1273.48,0,0,0
HG00371,47,71100,2,0,1,West,Some college/associate,1350,11,42,3,0.4,865.56,1,0,0
HG00372,36,79900,4,3,1,South,Bachelor's,3090,0,0,81,0,1090.71,1,0,0
HG00373,66,76100,2,0,1,Midwest,Some college/associate,1540,2,3,3,0,917.21,1,1,22.63
HG00374,56,68300,2,0,1,Northeast,Bachelor's,2120,0,0,64,0,891.11,0,0,0
HG00375,55,201800,2,0,0,Midwest,Graduate,2220,11,39,0,0,1438.49,0,0,0
HG00376,61,73600,1,0,1,West,Some college/associate,1970,7,21,7,0,1117.82,1,0,0
HG00377,44,320100,3,1,1,South,Bachelor's,2700,8,21,0,0,1526.19,1,0,0
HG00378,50,53400,2,0,0,South,High school or less,1430,0,0,103,0,1129.06,0,0,0
HG00379,27,96400,2,0,1,Northeast,Graduate,1850,4,14,2,0,1245.24,1,1,100.87
HG00380,50,218800,1,0,0,South,Bachelor's,1920,3,9,6,0,1174.44,0,0,0
HG00381,64,61100,3,0,0,South,Some college/associate,1860,0,0,77,0,819.2,0,0,0
HG00382,24,39700,1,0,0,South,High school or less,1950,0,0,43,0,564.11,1,0,0
HG00383,46,68000,2,1,1,West,Some college/associate,1270,0,0,56,0,1079.83,0,0,0
HG00384,55,88800,3,0,1,South,Some college/associate,1690,7,20,5,0,907.69,0,0,0
HG00385,43,46200,2,0,1,Midwest,Bachelor's,2280,0,0,85,0,896.89,1,0,0
HG00386,19,28500,1,0,0,South,High school or less,1010,1,7,15,0,697.59,1,0,0
HG00387,27,117800,4,1,1,West,Bachelor's,1420,20,63,3,0,953.84,0,0,0
HG00388,60,154500,1,0,0,Midwest,Graduate,1460,4,10,4,0.133333333,1123.45,1,1,84.19
HG00389,47,55400,3,1,0,Midwest,High school or less,1870,5,12,6,0,641.4,0,0,0
HG00390,66,202700,2,0,0,Midwest,Graduate,1570,8,24,2,0,1273.47,1,0,0
HG00391,50,66000,4,2,0,Midwest,High school or less,1330,4,6,6,0,897.37,0,0,0
HG00392,38,52400,3,0,1,West,High school or less,1420,0,0,77,0,972.31,1,0,0
HG00393,43,330500,4,1,1,South,Graduate,3370,10,29,0,0,1505.38,1,0,0
HG00394,76,78500,1,0,1,West,Some college/associate,2060,2,10,7,0.25,1105.83,0,0,0
HG00395,26,54500,3,0,0,Midwest,High school or less,1660,17,35,0,0,807.11,0,0,0
HG00396,27,37400,3,1,0,Midwest,High school or less,1220,0,0,53,0,806.16,0,0,0
HG00397,38,64700,2,0,1,Midwest,High school or less,1850,0,0,71,0,756.16,1,0,0
HG00398,40,140700,3,0,1,South,Some college/associate,1870,6,16,9,0,1177.67,0,0,0
HG00399,41,84400,3,1,0,Midwest,Some college/associate,1610,9,19,4,0,1054.81,1,0,0
HG00400,43,56600,1,0,1,Midwest,High school or less,1550,2,7,12,0,980.3,1,0,0
HG00401,68,,1,0,1,South,Bachelor's,1480,5,26,2,0,944.83,1,0,0
HG00402,42,137700,2,1,0,Northeast,Some college/associate,910,13,26,1,0,1136.84,1,1,85.92
HG00403,26,35800,3,0,0,Midwest,High school or less,1520,0,0,42,0,838.49,0,0,0
HG00404,39,110100,2,1,1,South,Some college/associate,1870,10,24,5,0,905.71,1,1,45.31
HG00405,57,105500,2,0,1,South,Bachelor's,2410,0,0,54,0,871.76,1,0,0
HG00406,46,100100,4,0,0,West,Bachelor's,1030,0,0,55,0,818.15,0,0,0
HG00407,21,44700,2,0,0,South,Bachelor's,1240,0,0,66,0,568.75,0,0,0
HG00408,70,109600,1,0,1,South,Some college/associate,1070,6,20,1,0,1011.09,1,0,0
HG00409,46,56400,6,2,0,West,High school or less,3930,4,12,0,0,1227.68,1,1,242.36
HG00410,44,47700,1,0,1,Midwest,Some college/associate,1250,7,21,3,0,342.03,0,0,0
HG00411,53,106400,4,0,1,West,Bachelor's,2140,6,19,3,0,1305.66,0,1,374.68
HG00412,36,42700,2,0,0,South,Some college/associate,1260,3,13,6,0,899.06,0,0,0
HG00413,42,34900,5,2,1,Northeast,Some college/associate,2200,0,0,63,0,795.18,1,0,0
HG00414,36,107800,2,0,0,Midwest,Some college/associate,1330,14,49,0,0,821.88,0,0,0
HG00415,53,123300,1,0,0,West,Graduate,2310,5,14,3,0,1097.67,1,1,74.15
HG00416,31,85000,2,0,0,South,Some college/associate,920,4,17,7,0,628.23,0,0,0
HG00417,60,59200,5,0,1,South,High school or less,5000,0,0,71,0,1083.44,1,0,0
HG00418,34,106400,2,1,1,West,Bachelor's,2390,0,0,63,0,1109.23,0,0,0
HG00419,40,62700,2,1,1,Midwest,Bachelor's,1950,0,0,70,0,813.29,1,0,0
HG00420,62,34400,2,0,1,South,High school or less,1190,10,32,7,0,873.14,0,0,0
HG00421,62,74100,1,0,1,Northeast,Bachelor's,1090,5,6,0,0.133333333,731.46,1,0,0
HG00422,39,58100,1,0,0,South,Bachelor's,950,6,14,6,0,670.3,1,0,0
HG00423,56,25200,2,0,1,South,High school or less,1460,6,15,1,0,775.28,0,0,0
HG00424,46,101000,2,0,1,Midwest,Bachelor's,1380,10,33,3,0,1047.39,0,0,0
HG00425,26,147400,4,2,0,West,Some college/associate,2420,10,18,0,0,1054.63,1,0,0
HG00426,47,92200,2,0,1,Midwest,Bachelor's,1670,5,15,6,0,997.88,1,0,0
HG00427,36,286700,3,1,1,South,Bachelor's,1930,12,34,2,0,1535.51,0,0,0
HG00428,40,151000,4,0,1,South,Bachelor's,3930,10,33,4,0,971.43,1,0,0
HG00429,59,40800,2,0,1,South,Some college/associate,620,6,24,0,0,702.71,0,0,0
HG00430,34,42300,1,0,0,Midwest,High school or less,1070,3,11,9,0,665.34,1,0,0
HG00431,32,89400,2,0,1,South,Bachelor's,1500,2,3,13,0,776.42,0,0,0
HG00432,44,46200,5,3,0,Midwest,High school or less,1710,9,38,9,0,1180.66,1,1,203.88
HG00433,31,60300,1,0,1,Midwest,High school or less,2600,4,11,2,0,727.23,0,0,0
HG00434,74,108500,1,0,1,Northeast,Bachelor's,1970,10,33,9,0,1217.65,0,1,81.91
HG00435,67,59500,2,0,1,Northeast,Bachelor's,1970,3,8,3,0,943.93,1,0,0
HG00436,36,87700,1,0,0,Northeast,High school or less,1050,7,22,1,0,894.27,0,0,0
HG00437,52,50300,2,0,1,Northeast,High school or less,1490,0,0,78,0,845.64,0,0,0
HG00438,36,126000,2,0,1,South,Bachelor's,1610,13,28,6,0,1174.79,0,1,225.38
HG00439,77,51600,4,0,1,West,Bachelor's,2150,4,18,14,0,972.48,1,0,0
HG00440,38,165700,1,0,1,South,Bachelor's,970,4,12,3,0,1012.77,0,0,0
HG00441,55,180300,1,0,1,West,Graduate,2410,6,18,6,0,1136.03,1,0,0
HG00442,41,35200,3,2,1,South,High school or less,1400,0,0,76,0,824.94,0,0,0
HG00443,46,101600,2,0,1,Northeast,Graduate,1460,7,14,1,0,1159.02,1,0,0
HG00444,46,126400,2,0,1,West,Bachelor's,970,7,13,1,0,881.14,1,0,0
HG00445,55,64700,1,0,0,South,Graduate,1000,3,13,2,0,769.63,1,1,96.28
HG00446,64,182700,5,3,1,South,Graduate,1930,11,21,12,0,1490.87,0,0,0
HG00447,56,100000,4,0,0,South,Bachelor's,2420,15,36,3,0,986.77,0,1,72.75
HG00448,31,48200,2,0,0,South,Some college/associate,1160,11,24,4,0,627.9,1,0,0
HG00449,54,146300,5,2,1,Northeast,Bachelor's,3930,4,5,5,0,1624.2,0,1,369.36
HG00450,60,,1,0,0,South,High school or less,1140,0,0,76,0,793.81,1,0,0
HG00451,21,,5,2,0,South,Bachelor's,3260,6,19,2,0,1158.47,0,0,0
HG00452,61,117500,2,0,1,Northeast,Bachelor's,1350,2,4,1,0.25,1215.02,0,0,0
HG00453,36,43000,1,0,1,Northeast,High school or less,1220,5,13,9,0,682.81,0,0,0
HG00454,55,68800,1,0,1,Northeast,High school or less,760,5,12,0,0.2,781.32,1,1,20.95
HG00455,29,44900,4,0,1,Midwest,High school or less,1670,0,0,48,0,1040.03,0,0,0
HG00456,57,55700,2,0,1,Midwest,Bachelor's,1130,5,14,8,0.391304348,948.92,1,0,0
HG00457,56,57500,1,0,1,South,Some college/associate,990,9,28,2,0,530.17,0,0,0
HG00458,41,74200,2,1,1,West,High school or less,1800,6,19,4,0,811.56,0,0,0
HG00459,66,64200,1,0,1,West,High school or less,1350,4,16,0,0,672.75,1,0,0
HG00460,51,49500,1,0,1,South,High school or less,1590,2,6,11,0,703.06,1,0,0
HG00461,48,53600,3,1,1,Midwest,High school or less,1350,4,19,11,0,1015.34,0,1,84.57
HG00462,31,97700,2,1,1,South,Bachelor's,1270,6,9,8,0,1024.57,0,0,0
HG00463,41,75600,5,1,1,Northeast,Some college/associate,3230,7,36,0,0,989.68,0,0,0
HG00464,32,24700,3,0,0,Northeast,High school or less,1510,0,0,90,0,936.17,1,0,0
HG00465,44,180100,3,0,1,South,Bachelor's,3500,17,55,3,0,1469.67,1,1,278.83
HG00466,25,29600,2,0,0,Midwest,High school or less,730,3,12,4,0,612.79,0,0,0
HG00467,34,32000,2,0,1,West,High school or less,1190,0,0,74,0,639.42,0,0,0
HG00468,56,56900,1,0,1,Northeast,Some college/associate,1060,8,30,0,0.357142857,998.19,1,0,0
HG00469,31,98700,2,0,0,Midwest,High school or less,1380,7,13,3,0,860.43,1,0,0
HG00470,32,74900,2,0,0,South,Some college/associate,1520,11,46,0,0,696.37,1,0,0
HG00471,64,77300,1,0,1,South,Bachelor's,1720,4,12,4,0,966.65,0,0,0
HG00472,20,141200,4,0,1,Northeast,Some college/associate,2230,7,23,2,0,1124,0,0,0
HG00473,78,98500,1,0,1,Northeast,Some college/associate,1450,5,14,1,0.222222222,728.61,0,0,0
HG00474,21,70600,1,0,1,West,High school or less,1350,5,19,5,0.625,999.58,1,0,0
HG00475,34,30000,3,2,1,Midwest,High school or less,1800,0,0,57,0,828.01,1,0,0
HG00476,58,74900,1,0,1,Northeast,Bachelor's,1820,3,13,3,0.260869565,1181.43,1,0,0
HG00477,32,72300,3,1,0,Midwest,Some college/associate,1190,5,13,6,0,1150.65,1,1,120.18
HG00478,35,222000,4,2,1,Midwest,Graduate,3150,3,11,4,0,1090.17,0,0,0
HG00479,35,243600,1,0,0,South,Bachelor's,1780,5,7,9,0,1190.82,1,0,0
HG00480,58,101100,1,0,1,West,Graduate,1760,0,0,127,0,821.8,0,0,0
HG00481,55,78800,2,0,0,Midwest,High school or less,1730,5,25,1,0.411764706,846.14,1,0,0
HG00482,57,69400,2,1,1,Northeast,High school or less,2200,3,19,6,0.352941176,875.69,0,0,0
HG00483,58,75200,1,0,1,Northeast,High school or less,1730,3,8,2,0.375,1141.76,1,1,120.95
HG00484,36,122600,2,1,1,South,Graduate,1970,2,9,7,0,886.29,0,0,0
HG00485,46,217600,1,0,1,Midwest,Bachelor's,1970,5,14,3,0,972.37,1,0,0
HG00486,58,171900,1,0,0,South,Graduate,1510,9,30,2,0,1260.01,1,1,217.53
HG00487,59,52900,2,0,1,South,High school or less,3100,0,0,68,0,991.8,1,0,0
HG00488,49,92100,4,1,1,West,Some college/associate,3330,9,15,0,0,1062.89,1,0,0
HG00489,39,80500,3,2,1,West,High school or less,1160,5,16,7,0,1023.55,1,0,0
HG00490,42,306900,3,0,1,South,Graduate,3340,9,16,2,0,1550.72,1,1,216.8
HG00491,52,,1,0,1,Northeast,Some college/associate,1360,5,15,3,0.1,778.66,1,0,0
HG00492,46,124900,2,0,1,South,Graduate,1250,17,48,1,0,1075.68,0,0,0
HG00493,52,203600,4,0,0,Northeast,Graduate,1160,23,44,0,0,1075.4,1,0,0
HG00494,44,50900,2,0,0,Midwest,Some college/associate,1460,9,28,6,0,788.28,1,0,0
HG00495,56,350000,2,0,1,West,Graduate,1880,7,20,4,0,1475.77,0,0,0
HG00496,57,46400,2,0,0,Northeast,High school or less,1350,8,45,10,0.222222222,616.7,1,0,0
HG00497,40,63200,1,0,1,West,High school or less,1100,7,33,9,0,875.98,1,0,0
HG00498,64,71200,1,0,1,West,High school or less,1640,13,50,0,0,782.4,0,0,0
HG00499,57,90800,3,1,1,South,Some college/associate,2530,4,8,3,0,1010.11,0,1,111.68
HG00500,53,162900,1,0,1,Northeast,Graduate,1530,6,24,0,0,1091.51,0,0,0
HG00501,50,145400,3,2,1,Midwest,Graduate,3900,0,0,45,0,1310.3,1,1,145.64
HG00502,78,97800,3,0,1,Northeast,Some college/associate,1550,12,32,4,0,1134.73,1,0,0
HG00503,51,70500,1,0,1,West,Some college/associate,1560,8,35,5,0,796,1,0,0
HG00504,51,96000,2,0,1,South,Graduate,2330,0,0,49,0,1201.85,0,0,0
HG00505,63,64700,1,0,1,South,Bachelor's,1880,0,0,74,0,1160.43,1,1,69.2
HG00506,21,83400,1,0,1,West,High school or less,1270,3,4,1,0,989.01,0,0,0
HG00507,51,60700,5,0,1,South,Bachelor's,2030,10,35,1,0,857.99,0,0,0
HG00508,52,41400,2,0,0,South,High school or less,1310,8,27,1,0,974.85,0,0,0
HG00509,74,162200,5,0,1,Northeast,Graduate,3520,6,11,7,0,1633.99,1,1,138.97
HG00510,53,64200,2,0,1,South,Some college/associate,1430,6,17,2,0.214285714,864.03,1,0,0
HG00511,32,168400,3,2,0,Northeast,Bachelor's,2560,10,24,3,0,1398.49,0,1,236.73
HG00512,51,102200,1,0,1,South,Bachelor's,1960,6,15,2,0,1024.25,1,0,0
HG00513,50,54900,2,0,1,South,High school or less,1050,9,28,0,0,712.1,0,0,0
HG00514,40,32000,1,0,1,South,High school or less,870,6,15,0,0,577.34,0,0,0
HG00515,39,97400,3,1,0,South,Bachelor's,1300,11,26,1,0,1059.54,1,0,0
HG00516,27,117200,6,1,1,South,High school or less,,13,29,0,0,1136.15,1,0,0
HG00517,55,124200,3,0,1,South,Graduate,1380,16,37,0,0,1093.97,1,1,187.77
HG00518,72,89900,3,0,1,South,High school or less,2590,0,0,59,0,1072.07,0,0,0
HG00519,33,71900,2,1,1,West,Some college/associate,1120,12,43,5,0,1046.9,1,1,184.45
HG00520,43,77900,4,2,1,Northeast,Some college/associate,2880,0,0,76,0,1202.93,1,0,0
HG00521,47,58100,2,0,0,West,High school or less,1190,0,0,70,0,691.63,1,1,283.3
HG00522,69,70800,3,0,1,South,Some college/associate,2300,0,0,42,0,1061.25,1,0,0
HG00523,18,115700,2,0,0,South,Some college/associate,1060,3,9,15,0,750.03,0,0,0
HG00524,31,106400,4,1,1,West,Some college/associate,2520,7,17,0,0,1085.24,1,1,908.98
HG00525,42,89600,4,1,0,South,Bachelor's,1810,8,15,1,0,924.71,1,1,34.04
HG00526,50,118700,3,0,1,South,Graduate,1740,11,41,0,0,1051.11,1,0,0
HG00527,58,90100,1,0,0,Northeast,High school or less,1050,5,15,1,0.454545455,875.14,0,0,0
HG00528,38,56800,2,0,1,West,Some college/associate,920,4,10,8,0,654.41,0,0,0
HG00529,50,53900,2,0,1,South,High school or less,2320,0,0,60,0,1157.67,1,0,0
HG00530,55,69800,1,0,1,South,Some college/associate,1330,5,25,0,0,805.73,0,0,0
HG00531,44,25700,3,0,0,West,High school or less,1100,0,0,61,0,838.31,1,0,0
HG00532,38,52700,3,1,1,Midwest,High school or less,1660,0,0,61,0,711.07,1,0,0
HG00533,45,94600,4,2,1,Northeast,Some college/associate,2670,0,0,81,0,1287.05,0,0,0
HG00534,35,39000,2,1,1,South,High school or less,1150,5,12,1,0,774.43,1,0,0
HG00535,41,,5,1,1,Northeast,Graduate,5000,6,18,0,0,2020.52,1,1,158.45
HG00536,35,170100,2,1,1,Midwest,Bachelor's,2520,7,14,0,0,1228.36,0,0,0
HG00537,71,69900,1,0,1,West,Some college/associate,1580,3,18,1,0,1146.49,1,0,0
HG00538,45,105500,2,1,1,South,Bachelor's,2080,9,19,6,0,1022.35,0,0,0
HG00539,60,173300,1,0,1,West,Graduate,1620,7,32,3,0,1042.22,1,0,0
HG00540,46,77200,6,3,1,Northeast,Bachelor's,2760,0,0,64,0,956.42,0,0,0
HG00541,60,220100,2,0,1,Midwest,Graduate,1970,7,17,4,0,1415.18,0,0,0
HG00542,45,104500,3,2,1,Northeast,Bachelor's,1960,13,42,0,0,1032.11,1,0,0
HG00543,53,102100,3,0,0,South,Graduate,3340,0,0,92,0,910.4,1,0,0
HG00544,23,197200,2,0,0,South,Bachelor's,1040,13,22,1,0,952.95,0,0,0
HG00545,48,65700,2,1,0,West,High school or less,1450,0,0,104,0,983.41,1,0,0
HG00546,46,112600,4,1,1,Northeast,Bachelor's,2360,0,0,69,0,1283.28,0,0,0
HG00547,35,108000,2,0,0,West,Bachelor's,960,20,51,0,0,928.8,0,0,0
HG00548,44,187100,2,1,1,South,Bachelor's,2230,14,48,3,0,1112.61,0,0,0
HG00549,49,105400,2,1,1,Midwest,Bachelor's,1810,4,11,8,0,1112.73,1,0,0
HG00550,57,58600,2,0,1,Northeast,High school or less,1350,4,13,1,0.357142857,942.87,0,0,0
HG00551,34,115600,2,0,0,West,Bachelor's,1310,8,24,10,0,983.24,1,0,0
HG00552,65,121700,3,0,1,West,Some college/associate,2140,6,24,0,0,1035.02,0,1,71.63
HG00553,51,41800,6,3,0,West,High school or less,3240,9,39,3,0.090909091,939.42,1,0,0
HG00554,56,33000,2,0,1,South,Some college/associate,940,8,29,1,0,1076.17,1,1,72.38
HG00555,30,51300,2,0,1,South,Some college/associate,1370,0,0,108,0,783.91,0,0,0
HG00556,56,107800,1,0,0,Northeast,Graduate,1910,2,7,2,0,1032.75,1,0,0
HG00557,47,48200,3,0,1,West,Some college/associate,1780,0,0,58,0,797.39,0,1,156.95
HG00558,37,119700,2,1,0,South,Some college/associate,1180,8,24,0,0,946.9,0,1,165.22
HG00559,51,132600,1,0,1,Northeast,Graduate,2090,3,18,0,0,968.14,0,0,0
HG00560,38,53600,5,1,0,South,High school or less,2190,3,8,4,0,876.91,0,1,165.23
HG00561,38,35900,5,2,0,South,Some college/associate,1490,0,0,52,0,1143.34,1,0,0
HG00562,54,76600,1,0,1,West,High school or less,1450,9,34,0,0,1072.15,0,0,0
HG00563,75,111300,1,0,1,Northeast,Graduate,1610,9,17,3,0,1187.01,0,0,0
HG00564,25,52000,2,0,0,Midwest,Some college/associate,1330,0,0,43,0,808.76,0,0,0
HG00565,45,28200,5,0,0,West,High school or less,1880,0,0,96,0,849.37,1,0,0
HG00566,62,40900,4,0,0,South,Some college/associate,2360,0,0,66,0,1103.97,1,0,0
HG00567,46,110400,4,1,1,Midwest,Graduate,2620,0,0,64,0.2,1188.89,1,0,0
HG00568,61,,1,0,1,Midwest,Some college/associate,1130,5,16,5,0.4375,933.45,0,0,0
HG00569,30,59800,2,0,0,South,Some college/associate,1250,6,22,2,0,1155.65,0,0,0
HG00570,53,249100,5,1,1,Northeast,Graduate,3370,7,25,1,0,1640.45,1,0,0
HG00571,53,83500,1,0,0,Northeast,Bachelor's,1020,2,6,24,0.25,886.78,0,0,0
HG00572,48,34800,1,0,0,Northeast,High school or less,890,8,22,0,0.538461538,968.62,1,1,124.81
HG00573,40,22200,2,0,0,Northeast,High school or less,1580,0,0,64,0,764.27,1,0,0
HG00574,35,105400,4,2,0,South,Bachelor's,1630,13,71,0,0,893.26,0,0,0
HG00575,49,67100,4,1,1,South,High school or less,2270,0,0,51,0,1001.63,1,0,0
HG00576,51,95200,1,0,1,South,Bachelor's,1290,8,9,1,0,809.85,0,1,159.77
HG00577,44,269800,2,0,1,West,Graduate,1640,9,21,0,0,1347.95,1,1,138.4
HG00578,32,30900,1,0,1,Northeast,High school or less,1480,6,22,2,0,839.69,1,0,0
HG00579,30,43200,1,0,0,Northeast,High school or less,750,6,13,2,0.526315789,725.65,1,0,0
HG00580,28,78700,4,1,1,Midwest,Some college/associate,2560,0,0,51,0,1038.67,0,0,0
HG00581,39,82700,2,0,1,West,Some college/associate,2260,0,0,92,0,969.35,0,0,0
HG00582,49,46900,3,0,0,Northeast,Some college/associate,860,0,0,56,0,963.22,0,0,0
HG00583,55,194000,4,0,1,Northeast,Some college/associate,2430,21,57,1,0,1148.2,1,0,0
HG00584,36,38100,1,0,1,West,Some college/associate,1680,8,31,5,0,1092.81,0,0,0
HG00585,41,47500,2,0,0,Northeast,High school or less,1090,0,0,115,0,595.08,0,0,0
HG00586,66,83100,2,0,1,Midwest,Graduate,1830,3,10,5,0,976.46,0,0,0
HG00587,54,34300,4,1,1,South,High school or less,1300,6,14,2,0,890.56,0,0,0
HG00588,54,237500,2,0,1,West,Bachelor's,1710,22,73,2,0,1265.73,0,0,0
HG00589,51,69200,5,3,1,Midwest,Some college/associate,2690,0,0,48,0,1245.19,0,0,0
HG00590,24,45700,1,0,0,West,High school or less,1080,5,15,2,0,1043.86,0,0,0
HG00591,29,63300,3,1,0,Northeast,High school or less,1610,0,0,46,0,645.66,1,0,0
HG00592,57,80000,2,0,1,South,High school or less,1920,5,10,9,0,1013.23,1,0,0
HG00593,68,111100,2,0,1,West,Graduate,1920,6,20,0,0.538461538,918.85,1,0,0
HG00594,48,,4,1,1,Northeast,Some college/associate,2800,0,0,97,0,1065.72,0,0,0
HG00595,47,20700,2,0,1,West,High school or less,1510,6,20,2,0.4,818.93,0,0,0
HG00596,63,39800,3,0,1,Midwest,High school or less,1870,6,26,18,0,1027.9,1,0,0
HG00597,46,87100,2,0,1,South,Some college/associate,2070,0,0,59,0,758.04,0,0,0
HG00598,40,31600,2,0,1,West,Some college/associate,2070,0,0,75,0,1114.59,1,0,0
HG00599,31,110000,1,0,1,South,Bachelor's,1640,7,13,2,0,771.65,1,0,0
HG00600,50,63500,5,1,1,Midwest,Bachelor's,2180,23,48,5,0,897.09,1,1,230.47
HG00601,20,77100,5,1,0,Northeast,Some college/associate,1420,13,37,4,0,1020.8,1,1,127.85
HG00602,69,139800,1,0,1,West,Some college/associate,1600,3,12,18,0,1020.99,1,0,0
HG00603,45,118800,1,0,1,Northeast,Graduate,1510,2,7,12,0.285714286,1092.39,0,0,0
HG00604,50,59300,1,0,1,Northeast,Bachelor's,1930,6,31,2,0.294117647,894.85,0,0,0
HG00605,53,47100,3,0,1,West,High school or less,1710,3,9,2,0,595.76,1,0,0
HG00606,49,84200,1,0,0,West,Some college/associate,960,19,26,1,0,639.32,1,1,66.42
HG00607,48,49100,1,0,0,Midwest,Some college/associate,1310,9,34,1,0.25,846.12,1,1,51.36
HG00608,60,95300,2,0,1,West,Bachelor's,1970,6,14,11,0,1282.02,1,1,314.47
HG00609,41,134400,1,0,1,Midwest,Some college/associate,2660,2,4,16,0,939.72,0,0,0
HG00610,49,73400,3,1,0,South,Some college/associate,2690,0,0,55,0,1027.4,0,0,0
HG00611,47,111500,4,2,0,Northeast,Bachelor's,2120,13,47,6,0.409090909,1173.49,0,0,0
HG00612,39,15000,4,0,0,West,High school or less,1280,19,66,1,0,754.34,1,1,115.71
HG00613,52,166900,6,2,1,West,Graduate,4320,4,10,10,0,1493.01,0,1,168.1
HG00614,24,90200,2,0,0,West,Some college/associate,2050,18,36,0,0,1018.66,1,0,0
HG00615,41,100600,2,1,0,West,Bachelor's,1210,13,32,0,0,1263.08,1,0,0
HG00616,48,162800,3,1,0,Northeast,Bachelor's,1310,10,39,1,0,1341.37,0,0,0
HG00617,49,40500,2,0,1,Northeast,High school or less,1750,7,28,3,0.5,961.26,1,0,0
HG00618,59,28000,4,1,1,South,High school or less,1060,7,19,1,0,1147.55,0,0,0
HG00619,58,89500,2,0,0,South,Graduate,1510,5,11,4,0,849.2,0,0,0
HG00620,50,142800,5,2,0,South,Bachelor's,2900,18,45,0,0,921.01,0,0,0
HG00621,29,29800,1,0,0,Midwest,High school or less,730,3,13,5,0,739,0,0,0
HG00622,34,109800,5,3,1,Midwest,Some college/associate,1820,7,19,4,0,1390.13,1,1,43.46
HG00623,19,71600,4,1,1,South,Some college/associate,1360,12,35,2,0,718.37,0,0,0
HG00624,47,120400,1,0,0,Northeast,Graduate,1320,5,14,6,0.285714286,711.25,1,0,0
HG00625,69,92300,1,0,1,Northeast,Bachelor's,1250,3,8,17,0.2,1141.54,1,1,176.61
HG00626,50,46900,2,1,1,South,Some college/associate,1580,11,35,2,0,924.7,0,1,53.41
HG00627,51,63100,2,1,1,Midwest,Bachelor's,1880,4,13,1,0,815.11,0,0,0
HG00628,51,71800,1,0,1,West,Bachelor's,1160,3,7,14,0,818.32,1,0,0
HG00629,44,52000,1,0,1,South,Some college/associate,2580,5,14,2,0,855.91,1,0,0
HG00630,64,76100,3,1,1,South,Some college/associate,1730,7,24,1,0,1096.38,0,0,0
HG00631,45,83000,1,0,0,Northeast,Bachelor's,1520,3,12,10,0.375,750.13,0,0,0
HG00632,26,99300,6,2,0,Midwest,Graduate,2070,13,25,0,0,1166.01,0,1,67.22
HG00633,70,94400,2,0,1,South,Bachelor's,1770,7,21,5,0,632.31,1,0,0
HG00634,48,155200,2,0,0,South,Graduate,1780,10,31,2,0,950.98,0,0,0
HG00635,45,113800,2,0,1,West,Some college/associate,1360,9,26,1,0,715.04,0,0,0
HG00636,27,115900,6,4,0,South,High school or less,2180,7,22,6,0.272727273,1274.35,1,1,288.99
HG00637,45,72200,2,0,1,South,Some college/associate,950,7,34,0,0,761.16,0,0,0
HG00638,61,114800,1,0,1,West,Bachelor's,1740,4,13,11,0,1123.86,0,0,0
HG00639,25,137700,2,1,1,Midwest,Some college/associate,2110,10,28,4,0,886.73,0,0,0
HG00640,74,211100,2,0,1,South,Bachelor's,2130,4,6,2,0,1175.01,0,1,87.91
HG00641,19,68200,1,0,0,Northeast,Some college/associate,960,7,19,0,0,937.64,0,0,0
HG00642,63,107300,2,0,1,West,Graduate,900,2,4,3,0,1239.14,0,0,0
HG00643,49,59600,1,0,1,South,Some college/associate,850,1,2,26,0,795.23,0,0,0
HG00644,56,43100,3,1,1,West,High school or less,1640,0,0,51,0,968.88,0,0,0
HG00645,37,44400,1,0,0,South,Some college/associate,570,11,56,0,0,850.92,1,0,0
HG00646,58,54000,3,0,1,South,Bachelor's,1310,8,45,2,0,1135.17,1,0,0
HG00647,56,47500,2,0,1,Midwest,High school or less,1500,2,7,14,0,837.51,1,0,0
HG00648,42,183600,4,1,1,West,Graduate,2640,3,8,26,0,1392.22,1,0,0
HG00649,49,117800,2,1,1,South,Bachelor's,2010,4,8,4,0,1271.58,1,1,39.3
HG00650,77,126100,1,0,1,South,Bachelor's,1680,2,5,11,0,1396.35,1,0,0
HG00651,58,70400,2,1,1,Midwest,Some college/associate,2180,0,0,223,0,800.9,1,0,0
HG00652,44,109000,5,3,1,South,Graduate,4160,8,40,3,0.5,1133.84,0,0,0
HG00653,35,79000,3,0,1,South,Some college/associate,2680,0,0,50,0,877.66,1,0,0
HG00654,41,33900,1,0,0,Midwest,High school or less,860,11,29,5,0,739.99,1,0,0
HG00655,44,69500,6,2,1,South,Graduate,2240,14,44,0,0,760.14,1,0,0
HG00656,70,201700,2,0,1,West,Bachelor's,2060,11,30,3,0,1045.25,0,0,0
HG00657,54,147300,2,0,1,West,Bachelor's,1610,11,38,0,0,1039.36,0,1,58.4
HG00658,35,56500,3,2,0,Northeast,Some college/associate,960,8,20,0,0,545.54,1,0,0
HG00659,78,99500,3,0,1,West,Bachelor's,2520,0,0,82,0,1152.59,0,0,0
HG00660,65,67900,2,0,0,Northeast,High school or less,2230,4,13,5,0.384615385,836.18,0,0,0
HG00661,70,193600,2,0,1,West,Bachelor's,1340,5,18,5,0,1255.84,0,0,0
HG00662,49,79000,5,3,1,Northeast,Graduate,2920,0,0,71,0,1152.28,1,0,0
HG00663,76,175100,1,0,1,Northeast,Bachelor's,2340,7,32,2,0.318181818,1466.79,0,1,95.18
HG00664,70,96200,3,0,1,Northeast,Bachelor's,2070,4,7,8,0,1230.79,0,1,209.04
HG00665,29,101200,1,0,0,South,Graduate,1560,10,35,4,0,953.18,1,0,0
HG00666,46,84600,1,0,1,Midwest,Some college/associate,1100,11,25,2,0,943.34,0,0,0
HG00667,53,64200,1,0,1,Northeast,High school or less,1180,7,35,7,0,722.01,0,0,0
HG00668,38,97700,2,0,0,West,High school or less,1280,5,17,9,0,974.84,1,0,0
HG00669,56,114400,3,1,1,South,Graduate,2520,0,0,48,0,1212.53,1,0,0
HG00670,36,104700,5,1,0,Midwest,Some college/associate,,20,66,2,0,1234.31,0,0,0
HG00671,42,130900,6,3,1,South,Some college/associate,4350,5,16,2,0,1297.44,1,0,0
HG00672,37,104300,3,0,0,South,Bachelor's,2320,4,13,2,0,1388.92,1,1,113.35
HG00673,29,166100,2,0,1,West,Bachelor's,1360,7,18,2,0,1323.97,0,0,0
HG00674,45,96500,1,0,0,Midwest,Bachelor's,1570,5,17,18,0,1138.07,1,0,0
HG00675,47,48000,4,0,1,South,High school or less,1590,6,15,6,0,723.78,1,0,0
HG00676,22,151200,2,0,1,South,Bachelor's,1710,8,21,5,0,1102.01,1,0,0
HG00677,30,47700,2,1,1,West,High school or less,1780,5,9,0,0,825.8,0,0,0
HG00678,39,129700,3,1,0,Midwest,Graduate,1150,12,40,0,0,1054.64,1,0,0
HG00679,75,129200,1,0,1,South,Some college/associate,2400,5,19,17,0,1232.1,1,1,123.19
HG00680,42,102000,4,2,1,West,High school or less,1850,10,21,0,0,922.04,0,0,0
HG00681,44,88200,1,0,1,Midwest,Some college/associate,1600,1,3,29,0,968.99,0,0,0
HG00682,52,75600,1,0,1,West,Some college/associate,1440,11,23,0,0,872.78,1,0,0
HG00683,47,92900,1,0,1,South,Bachelor's,1010,5,13,0,0,1003.68,1,0,0
HG00684,41,73000,1,0,1,Northeast,Some college/associate,1660,5,18,12,0.47826087,1002.12,1,0,0
HG00685,67,111200,3,0,0,West,Bachelor's,2490,0,0,74,0,1240.86,0,0,0
HG00686,58,224800,4,2,1,South,Graduate,3480,7,11,1,0,1179.16,1,1,51.8
HG00687,26,42400,4,2,0,Northeast,Some college/associate,2180,4,18,0,0.214285714,870.93,0,0,0
HG00688,55,80300,1,0,1,Northeast,Some college/associate,990,5,26,14,0.5,789.37,1,0,0
HG00689,58,,2,0,1,Midwest,High school or less,2190,0,0,149,0,1342.61,0,1,482.65
HG00690,52,43000,2,0,1,West,Some college/associate,1460,0,0,47,0,786.35,1,1,49.06
HG00691,56,67400,3,0,0,South,Bachelor's,1650,9,25,5,0,922.32,0,1,103.3
HG00692,58,68000,5,0,0,South,High school or less,1900,0,0,123,0,809.32,0,0,0
HG00693,54,98600,1,0,1,Midwest,Graduate,1480,5,21,2,0,885.95,0,0,0
HG00694,31,44700,2,0,1,Midwest,Some college/associate,1440,0,0,61,0,950.06,0,0,0
HG00695,33,53500,2,0,1,South,Some college/associate,1050,9,24,1,0.217391304,858.92,0,0,0
HG00696,63,129500,4,1,1,South,Graduate,1640,7,19,3,0,1270.98,0,1,136.41
HG00697,35,193000,6,1,1,Northeast,Bachelor's,5000,0,0,50,0,1287.93,1,0,0
HG00698,36,137500,2,1,1,Northeast,Bachelor's,1220,11,36,2,0,1110.96,1,0,0
HG00699,44,46800,2,0,0,Northeast,High school or less,1090,0,0,52,0,792.83,1,0,0
HG00700,63,,2,1,1,West,Graduate,1550,10,36,1,0,1180.91,0,0,0
HG00701,40,39600,1,0,0,South,Bachelor's,1050,3,5,4,0.352941176,585.52,1,0,0
HG00702,64,55000,1,0,0,South,Graduate,1200,4,6,2,0.266666667,800.93,0,1,36.61
HG00703,36,63300,2,1,1,West,Bachelor's,2180,0,0,104,0,807.19,0,0,0
HG00704,57,47700,3,0,1,South,High school or less,1400,0,0,61,0,948.61,1,0,0
HG00705,42,350000,1,0,0,West,Some college/associate,1590,11,24,0,0,1729.1,1,1,73.43
HG00706,32,97300,1,0,1,South,Graduate,1630,8,20,3,0,1113.91,1,0,0
HG00707,70,112200,2,0,1,Midwest,Some college/associate,3100,6,7,7,0.375,1052.22,0,0,0
HG00708,50,106600,4,2,1,South,Some college/associate,1970,19,63,0,0,1294.85,1,0,0
HG00709,57,115600,2,0,1,South,Graduate,2330,3,6,3,0,1212.66,0,0,0
HG00710,54,51200,4,0,1,South,High school or less,2270,0,0,85,0,1074.97,0,0,0
HG00711,50,48300,6,3,1,West,Bachelor's,2740,0,0,57,0,1176.65,1,1,75.62
HG00712,44,150200,2,1,0,West,Bachelor's,1110,16,41,0,0,1209.99,1,1,63.73
HG00713,31,131700,4,2,1,West,Some college/associate,2600,5,14,0,0,974.63,0,0,0
HG00714,55,59300,5,1,1,Midwest,Some college/associate,2940,0,0,154,0,1092.84,1,0,0
HG00715,55,89300,5,0,1,South,Bachelor's,3140,0,0,98,0,1073.92,1,0,0
HG00716,44,126200,2,1,1,South,Bachelor's,2180,12,46,4,0,1008.56,1,0,0
HG00717,37,48100,3,2,0,South,Some college/associate,930,9,33,0,0,1008.9,1,0,0
HG00718,55,67900,1,0,0,Midwest,High school or less,2120,7,35,1,0,1032.25,0,0,0
HG00719,37,53400,5,1,1,South,High school or less,2720,0,0,40,0,1102.83,1,0,0
HG00720,61,87800,2,0,1,South,Bachelor's,2190,4,15,0,0,915.93,0,0,0
HG00721,64,55100,4,0,1,Midwest,Some college/associate,3020,0,0,108,0,1023.16,0,0,0
HG00722,45,133000,3,1,1,South,Some college/associate,1960,11,30,0,0,1092.22,1,0,0
HG00723,41,87900,4,1,1,South,Graduate,2580,0,0,93,0,1251.71,1,1,158
HG00724,49,107400,4,1,0,West,Bachelor's,3020,7,14,5,0,1228.63,0,0,0
HG00725,59,184400,3,0,1,South,Bachelor's,2800,0,0,131,0,950.9,1,0,0
HG00726,36,100900,2,0,1,South,Some college/associate,1690,16,40,0,0,1308.03,0,1,238.59
HG00727,46,127500,5,3,1,South,Bachelor's,4480,8,15,5,0,1230.51,0,1,375.03
HG00728,66,84900,2,0,1,South,Some college/associate,1420,8,23,0,0,829.16,0,0,0
HG00729,35,148100,1,0,1,South,High school or less,1840,13,27,0,0,655.94,1,0,0
HG00730,57,93400,1,0,0,South,Graduate,1540,0,0,36,0,826.2,1,0,0
HG00731,56,58300,3,0,1,Midwest,Graduate,2460,0,0,72,0,1105.04,0,0,0
HG00732,61,54500,2,0,1,South,High school or less,,8,18,0,0,890.13,0,0,0
HG00733,44,,3,1,1,West,High school or less,1670,10,39,1,0,1287.21,0,0,0
HG00734,24,90900,6,1,1,South,Some college/associate,2800,7,16,10,0,939.56,0,0,0
HG00735,46,47000,1,0,0,West,High school or less,1060,7,28,5,0.157894737,967.32,0,1,59.3
HG00736,62,139000,1,0,1,South,Graduate,1310,6,22,3,0,1324.67,1,0,0
HG00737,36,52200,2,0,1,South,Some college/associate,1320,0,0,56,0,716.45,1,0,0
HG00738,39,54100,2,0,1,Northeast,Bachelor's,1880,0,0,75,0,1067.76,1,0,0
HG00739,51,63400,3,1,0,West,Bachelor's,2410,0,0,77,0,966.21,1,1,84.28
HG00740,38,95900,3,0,0,Northeast,Some college/associate,1680,0,0,57,0,898.89,1,0,0
HG00741,40,101400,2,1,0,Midwest,Bachelor's,2050,10,36,2,0,1051.54,0,0,0
HG00742,43,67000,2,1,1,West,High school or less,1240,6,10,1,0,1011.77,0,0,0
HG00743,29,92100,2,0,1,Midwest,Bachelor's,2140,11,42,3,0,880.89,1,0,0
HG00744,68,155900,1,0,1,Northeast,Graduate,1900,4,23,0,0.272727273,1349.14,0,0,0
HG00745,49,53900,2,1,0,West,High school or less,990,2,2,11,0,821.79,1,0,0
HG00746,42,47500,2,1,0,South,High school or less,1800,0,0,102,0,685.89,1,0,0
HG00747,45,63200,3,1,0,South,Bachelor's,1190,13,37,3,0.3,616.98,1,0,0
HG00748,52,36600,3,2,1,West,High school or less,980,9,34,0,0,878.13,1,0,0
HG00749,52,85700,2,1,0,West,Some college/associate,2390,0,0,45,0,821.92,0,0,0
HG00750,33,96100,4,2,0,West,Bachelor's,1590,16,56,0,0,958.45,0,0,0
HG00751,70,99700,3,0,1,South,Bachelor's,2570,14,57,0,0,1194.4,1,1,40.74
HG00752,34,134400,1,0,1,West,Some college/associate,2220,8,13,3,0,1061.42,1,1,65.06
HG00753,25,49200,5,1,1,South,High school or less,2490,0,0,59,0,1100.58,0,0,0
HG00754,65,155100,4,0,1,South,Graduate,2480,4,16,1,0,1203.08,1,0,0
HG00755,52,34200,4,2,0,South,High school or less,1240,5,17,0,0,837.68,0,0,0
HG00756,50,70100,1,0,1,South,Bachelor's,2020,0,0,77,0,986.79,0,0,0
HG00757,62,118000,1,0,1,Northeast,Bachelor's,1570,8,32,2,0.090909091,1138.89,0,0,0
HG00758,51,37800,3,1,0,West,High school or less,1310,0,0,83,0,714.33,1,0,0
HG00759,69,124600,2,0,1,South,Graduate,1800,0,0,104,0,1287.09,1,1,104.96
HG00760,52,51000,2,0,1,Northeast,High school or less,2200,6,18,4,0.181818182,665.68,0,1,80.6
HG00761,39,26900,2,1,1,Northeast,High school or less,1260,0,0,69,0,963.56,0,0,0
HG00762,52,70600,1,0,1,South,Some college/associate,1720,5,14,2,0.421052632,885.64,1,1,98.66
HG00763,24,110000,2,0,0,West,Bachelor's,1490,6,10,6,0,557.38,0,0,0
HG00764,59,138400,1,0,1,West,Bachelor's,1440,5,22,2,0,1008.63,0,0,0
HG00765,20,80400,2,0,1,Midwest,Some college/associate,1480,10,28,0,0,843.57,1,0,0
HG00766,29,105200,2,1,1,West,Some college/associate,1900,9,26,2,0,1070.57,1,1,67.5
HG00767,53,120100,1,0,1,South,Bachelor's,1390,7,23,5,0,1249.42,0,0,0
HG00768,28,54000,4,1,1,South,Some college/associate,1330,23,74,0,0,983.83,0,1,255.08
HG00769,32,27100,2,1,1,South,High school or less,1480,0,0,58,0,733.34,0,0,0
HG00770,41,70300,2,0,0,South,High school or less,990,0,0,86,0,1023.7,0,0,0
HG00771,27,62700,3,2,1,Midwest,Bachelor's,1290,8,20,0,0,763.97,1,0,0
HG00772,62,98100,2,1,1,South,High school or less,,0,0,140,0,935.52,1,0,0
HG00773,56,91800,2,0,0,Northeast,Graduate,1280,6,19,5,0,934.09,1,0,0
HG00774,52,159900,4,1,1,West,Bachelor's,1950,5,12,1,0,1065.83,0,0,0
HG00775,50,123000,3,1,1,South,Bachelor's,2040,14,40,1,0,905.94,0,0,0
HG00776,52,44800,1,0,1,Northeast,High school or less,1170,5,21,5,0.157894737,938.44,1,0,0
HG00777,56,33000,3,0,1,West,High school or less,1970,0,0,109,0,956.76,0,0,0
HG00778,31,119500,4,2,1,South,Some college/associate,2690,15,18,1,0,1107.71,1,0,0
HG00779,42,152300,1,0,1,West,Graduate,1750,8,19,0,0,872.51,0,0,0
HG00780,58,69700,2,1,1,West,Bachelor's,2050,0,0,62,0,1156.17,0,0,0
HG00781,66,118800,2,0,1,South,Some college/associate,2400,8,37,6,0,1084.08,1,0,0
HG00782,69,108200,1,0,0,West,Some college/associate,1050,8,39,0,0,910.62,1,1,75.52
HG00783,48,31100,3,2,0,South,High school or less,1870,0,0,46,0,1013.65,1,1,357.24
HG00784,57,81500,2,0,0,Midwest,Bachelor's,1780,0,0,131,0,1119.78,1,0,0
HG00785,35,162700,2,1,1,West,Some college/associate,2180,12,26,0,0.235294118,1243.49,0,1,204.13
HG00786,53,119400,1,0,1,Northeast,Some college/associate,2020,7,24,1,0.363636364,1121.84,0,0,0
HG00787,44,245200,1,0,0,South,Some college/associate,1670,4,3,0,0,988.24,0,0,0
HG00788,47,37000,3,1,1,Northeast,High school or less,1870,0,0,61,0,766.44,0,0,0
HG00789,19,176100,2,1,0,Northeast,Some college/associate,1920,9,25,2,0,1022.95,0,0,0
HG00790,29,28900,5,3,1,Northeast,High school or less,1820,14,34,1,0,963.44,1,0,0
HG00791,60,56700,2,0,1,Northeast,High school or less,2700,0,0,46,0,924.1,0,0,0
HG00792,56,100000,5,1,1,South,Bachelor's,2660,8,23,3,0,1170.45,0,0,0
HG00793,46,48600,1,0,1,Midwest,High school or less,1560,6,15,2,0,1021.82,1,0,0
HG00794,55,86300,2,0,1,Northeast,Bachelor's,1140,4,16,5,0,973.61,0,0,0
HG00795,47,68800,2,1,1,Northeast,High school or less,1510,9,41,1,0,931.05,1,0,0
HG00796,34,80600,2,1,1,South,Bachelor's,1510,11,29,4,0,1040.92,1,0,0
HG00797,54,58200,2,0,1,Northeast,High school or less,1350,5,20,7,0,1034.22,0,0,0
HG00798,21,49200,3,0,0,West,High school or less,990,5,16,6,0,743.84,1,0,0
HG00799,48,148000,2,0,1,South,Bachelor's,2130,6,15,1,0,1254.64,0,0,0
HG00800,52,65800,4,1,1,South,Bachelor's,3640,0,0,66,0,1296.48,0,0,0
HG00801,36,66700,1,0,0,South,Bachelor's,1750,4,9,6,0,888.01,1,0,0
HG00802,23,74600,4,0,1,South,Some college/associate,2240,9,22,7,0,1043.54,0,0,0
HG00803,45,73600,2,1,1,West,Bachelor's,1590,0,0,99,0,886.28,1,0,0
HG00804,42,43000,6,1,1,Northeast,High school or less,2080,5,29,1,0.3,905.85,0,0,0
HG00805,33,68300,3,1,1,West,Some college/associate,2280,2,7,11,0,1214.24,1,1,124.63
HG00806,40,33500,2,0,0,Northeast,High school or less,790,14,51,1,0,819.13,0,0,0
HG00807,78,38600,4,0,0,South,High school or less,1040,11,34,0,0,1061.9,0,1,74.39
HG00808,36,54600,1,0,0,West,Some college/associate,760,4,10,1,0.222222222,765.46,1,0,0
HG00809,29,88800,4,2,1,South,Bachelor's,1470,8,12,5,0,1088.35,1,1,223.97
HG00810,54,222700,2,0,0,South,Graduate,1620,11,19,4,0,1207.06,0,0,0
HG00811,37,39300,2,1,1,Midwest,Some college/associate,1960,0,0,64,0,1154.77,0,0,0
HG00812,25,34300,2,0,0,Northeast,High school or less,1040,0,0,64,0,575.87,0,0,0
HG00813,34,133100,4,0,1,West,Bachelor's,2090,10,35,2,0,926.88,0,1,118.95
HG00814,30,102900,3,1,0,Northeast,Some college/associate,1620,10,39,0,0,1087.07,1,1,147.07
HG00815,32,88000,5,2,1,South,Some college/associate,2360,6,13,2,0,1067.93,0,0,0
HG00816,51,43500,2,1,1,Midwest,High school or less,1280,7,19,1,0,1089.94,1,1,103.97
HG00817,59,48100,1,0,1,South,High school or less,1720,0,0,103,0,926.08,1,1,171.4
HG00818,69,110700,1,0,1,South,Bachelor's,1720,3,7,2,0,825.76,0,0,0
HG00819,56,158300,1,0,1,South,Graduate,1970,8,28,0,0,1046.73,1,0,0
HG00820,60,46800,4,2,1,West,High school or less,2530,0,0,73,0,994.38,0,0,0
HG00821,44,102300,2,1,1,South,Bachelor's,1430,7,16,8,0,1069.28,0,0,0
HG00822,56,100800,5,1,1,Midwest,Bachelor's,4650,0,0,86,0,1123.32,0,0,0
HG00823,32,34100,1,0,1,South,High school or less,1460,6,20,2,0,807,0,0,0
HG00824,51,77200,1,0,1,South,Some college/associate,1330,5,12,0,0,1017.01,1,0,0
HG00825,40,,1,0,1,South,High school or less,1750,4,15,8,0,812.31,0,0,0
HG00826,50,71100,5,0,1,Midwest,Some college/associate,2030,15,43,4,0,957.94,0,1,60.74
HG00827,27,25900,2,1,0,West,High school or less,970,0,0,53,0,493.49,0,0,0
HG00828,34,83700,1,0,1,West,Bachelor's,1240,4,6,2,0,1110.36,1,0,0
HG00829,45,72000,3,1,1,Midwest,Some college/associate,2550,6,15,3,0,1245.19,0,0,0
HG00830,39,123700,5,2,0,West,Graduate,3400,2,10,1,0,1109.51,1,0,0
HG00831,48,45900,1,0,1,Northeast,Some college/associate,1160,9,35,3,0.307692308,1047.66,1,0,0
HG00832,58,139300,4,1,1,Midwest,Bachelor's,1860,14,52,1,0,1354.34,1,1,370.32
HG00833,49,161300,4,2,1,West,Some college/associate,2990,7,22,0,0,1220.14,1,1,68.85
HG00834,42,93900,1,0,1,West,Graduate,2370,0,0,100,0,998.01,0,1,104.79
HG00835,41,113400,2,0,1,Midwest,Some college/associate,1300,22,64,1,0,835.38,1,0,0
HG00836,19,89600,2,0,0,South,Some college/associate,1420,4,11,2,0,603.14,0,0,0
HG00837,51,114300,1,0,1,South,Graduate,2060,0,0,77,0,1069.54,1,0,0
HG00838,31,73100,4,2,0,Midwest,Bachelor's,2240,5,12,17,0,956.6,1,1,84.37
HG00839,37,133800,1,0,1,Northeast,Graduate,1290,15,60,3,0,955.2,1,0,0
HG00840,55,166500,2,0,1,West,Some college/associate,1480,4,14,0,0,1227.58,1,0,0
HG00841,56,53600,3,0,0,West,High school or less,2650,0,0,157,0,796.08,1,0,0
HG00842,48,143900,2,1,1,West,Graduate,1410,8,19,4,0,995.19,1,0,0
HG00843,56,95400,1,0,0,Midwest,Some college/associate,950,7,33,6,0,934.16,0,0,0
HG00844,58,156100,1,0,1,West,Graduate,1330,21,52,0,0,1178.41,0,1,55.31
HG00845,58,46200,5,1,0,West,Some college/associate,1960,9,33,1,0,815.8,1,0,0
HG00846,37,64300,1,0,0,Northeast,Some college/associate,1170,0,0,75,0,771.62,0,0,0
HG00847,46,64100,2,1,1,South,Bachelor's,2180,0,0,51,0,1204.12,0,0,0
HG00848,46,60100,2,0,1,South,High school or less,1380,0,0,80,0,798.34,0,0,0
HG00849,47,58400,4,1,1,Northeast,High school or less,1790,0,0,45,0,754.91,0,0,0
HG00850,46,213200,2,1,1,West,Graduate,2110,7,27,3,0,1278.82,1,0,0
HG00851,18,81800,2,0,1,South,High school or less,1410,9,32,3,0,965.78,0,0,0
HG00852,52,89400,1,0,1,Northeast,Some college/associate,1910,5,14,8,0,946.3,1,0,0
HG00853,49,74000,2,0,1,Midwest,High school or less,1140,0,0,65,0,859.85,0,0,0
HG00854,41,86100,6,2,1,Midwest,Bachelor's,2830,15,30,0,0,963.82,0,0,0
HG00855,40,90900,4,2,1,South,High school or less,2040,15,51,0,0,1041.38,0,1,218.72
HG00856,53,24900,1,0,0,South,High school or less,800,0,0,48,0,361.29,0,0,0
HG00857,40,39500,2,1,1,South,High school or less,1850,0,0,81,0,872.63,1,1,180.62
HG00858,60,103500,1,0,1,South,Graduate,1990,6,14,7,0.214285714,1027.82,0,0,0
HG00859,54,58300,1,0,0,South,Some college/associate,1880,0,0,140,0,866.87,1,0,0
HG00860,19,45100,4,0,1,Midwest,High school or less,2060,5,13,6,0,859.05,1,1,72.61
HG00861,32,84600,3,2,1,Northeast,High school or less,2070,7,13,2,0,985.48,1,0,0
HG00862,47,66900,2,1,0,Northeast,Bachelor's,2480,0,0,92,0,832.23,1,0,0
HG00863,63,70900,2,0,0,Midwest,High school or less,900,4,10,4,0.125,1282.11,0,1,122.88
HG00864,61,170100,1,0,1,South,Graduate,1750,6,21,2,0.111111111,1237,1,1,113.71
HG00865,55,82600,1,0,0,South,Bachelor's,1040,13,29,0,0,961.39,0,0,0
HG00866,39,219500,4,1,0,West,Bachelor's,2800,12,46,0,0,1156.61,0,0,0
HG00867,38,53900,4,3,0,South,High school or less,2800,0,0,105,0,1114.44,0,0,0
HG00868,37,198500,2,0,0,West,Bachelor's,2310,6,8,0,0,1233.85,0,0,0
HG00869,37,195900,6,2,1,Midwest,Bachelor's,2970,7,25,4,0,1335.39,1,0,0
HG00870,25,42300,1,0,0,West,High school or less,1490,5,15,0,0,957.61,0,0,0
HG00871,38,154200,3,1,1,West,Bachelor's,1430,8,14,6,0,1208.4,1,0,0
HG00872,29,62300,2,0,0,Midwest,High school or less,1650,0,0,51,0,990.06,0,0,0
HG00873,23,158100,4,0,1,Midwest,Bachelor's,2220,6,25,4,0,1102.35,0,0,0
HG00874,51,36200,1,0,1,Northeast,High school or less,1420,6,8,1,0,615.33,1,0,0
HG00875,24,65100,1,0,0,Northeast,High school or less,1270,6,20,3,0,488.43,1,0,0
HG00876,23,23000,2,1,0,South,High school or less,770,0,0,63,0,763.69,0,0,0
HG00877,36,46700,3,1,0,Midwest,High school or less,1020,6,22,1,0,1138.83,0,1,423.41
HG00878,44,123600,5,3,1,West,Graduate,2620,5,7,3,0,1478.62,0,1,172.01
HG00879,64,90000,4,0,1,Midwest,Bachelor's,2220,8,17,2,0,1053.33,0,1,113.53
HG00880,37,60000,1,0,1,West,High school or less,2020,2,5,14,0,868.36,1,0,0
HG00881,44,59300,2,0,1,West,High school or less,2120,0,0,98,0,981.42,1,0,0
HG00882,63,45400,1,0,1,Northeast,High school or less,1780,4,18,7,0.2,1071.39,0,1,154.94
HG00883,30,83300,4,0,1,West,Graduate,3660,0,0,51,0,1140.47,1,0,0
HG00884,53,76900,1,0,1,South,High school or less,1550,0,0,105,0,1037.24,1,0,0
HG00885,32,103500,1,0,0,West,High school or less,1650,9,19,3,0,1164.13,0,0,0
HG00886,36,55100,4,2,1,West,Bachelor's,1680,0,0,46,0,800.6,0,0,0
HG00887,63,156600,2,0,1,South,Bachelor's,1500,8,25,5,0,1092.71,1,1,89.57
HG00888,52,108300,2,0,1,South,Graduate,,6,18,9,0,1002.24,1,1,111.65
HG00889,63,53000,2,0,1,Midwest,Graduate,1000,0,0,98,0,980.63,0,0,0
HG00890,56,163200,4,0,0,South,Graduate,2770,0,0,85,0,987.06,0,0,0
HG00891,31,68800,1,0,0,Midwest,High school or less,1080,6,20,13,0,949.85,0,0,0
HG00892,64,84400,1,0,0,South,Bachelor's,1360,6,22,1,0,1064.77,1,1,67.34
HG00893,46,248500,4,1,1,Midwest,Graduate,2620,6,17,9,0,1389.1,1,1,60.63
HG00894,44,55100,2,0,1,West,High school or less,1650,11,35,1,0,666.62,0,0,0
HG00895,53,109300,1,0,1,South,Graduate,1690,4,9,4,0,1058.57,1,0,0
HG00896,28,48400,1,0,1,South,Some college/associate,1390,6,14,9,0,1029.39,1,1,58.83
HG00897,27,39100,4,3,0,Midwest,Bachelor's,1430,7,28,2,0,917.25,1,1,591.89
HG00898,38,123900,5,1,1,Northeast,Bachelor's,2520,12,43,2,0,1256.16,1,1,385.81
HG00899,74,88300,1,0,1,Northeast,Some college/associate,1300,4,7,14,0,888.6,1,0,0
HG00900,70,121600,2,0,1,South,Bachelor's,1880,6,20,1,0,1327.52,0,1,145.94
HG00901,34,23600,3,0,0,Midwest,High school or less,1600,3,4,7,0,641.68,0,0,0
HG00902,53,72100,1,0,0,West,Bachelor's,1320,8,16,3,0,676.69,0,0,0
HG00903,64,54300,1,0,0,Northeast,High school or less,1210,4,9,4,0,933.74,1,1,50.34
HG00904,38,156000,6,2,1,Northeast,Graduate,,11,38,4,0,1508.52,1,1,360.89
HG00905,49,70900,4,1,1,South,Bachelor's,3160,0,0,96,0,1311.55,1,0,0
HG00906,50,113300,2,1,1,West,Graduate,,11,39,2,0,1251.38,1,1,233.96
HG00907,67,112900,4,0,1,Northeast,Bachelor's,4180,0,0,54,0,1220.33,1,0,0
HG00908,46,58800,3,0,1,South,Some college/associate,2190,0,0,67,0,828.69,1,0,0
HG00909,47,45900,3,0,0,South,High school or less,2260,0,0,74,0,1040.11,0,1,184.34
HG00910,28,50300,1,0,0,West,High school or less,930,8,25,6,0.1,759.98,1,0,0
HG00911,54,68700,2,0,1,West,High school or less,2140,5,18,7,0,856.75,0,0,0
HG00912,64,123100,2,0,0,Northeast,Bachelor's,1860,5,26,0,0,1064.02,0,0,0
HG00913,58,220000,1,0,1,West,Graduate,2090,7,23,0,0,1335.91,0,0,0
HG00914,29,213400,4,2,0,West,Bachelor's,3180,6,23,0,0,1130.02,0,0,0
HG00915,48,66700,1,0,1,West,Some college/associate,2150,6,29,2,0,608.91,0,0,0
HG00916,21,72100,2,0,0,Midwest,High school or less,920,24,41,0,0,556.78,0,0,0
HG00917,40,167300,2,0,1,Midwest,Bachelor's,2510,4,16,8,0,1363,1,1,57.57
HG00918,55,,5,1,0,South,Graduate,2500,15,35,3,0,1531.41,0,0,0
HG00919,63,72800,1,0,1,Midwest,Bachelor's,900,2,7,0,0,1098.35,0,0,0
HG00920,36,55600,5,4,1,Northeast,High school or less,3220,0,0,89,0,1007.45,0,0,0
HG00921,55,139800,3,1,1,South,High school or less,1560,6,26,2,0,1097.06,1,0,0
HG00922,34,41000,2,1,1,South,High school or less,1580,0,0,64,0,888.86,1,0,0
HG00923,34,61000,1,0,0,South,High school or less,1270,0,0,103,0,627.16,1,0,0
HG00924,63,188600,5,1,1,West,Graduate,2570,11,31,0,0,1499.86,1,1,394.23
HG00925,51,71900,2,0,1,West,Some college/associate,2760,0,0,84,0,1115.42,0,0,0
HG00926,30,,4,0,1,South,Some college/associate,2480,10,24,9,0,1030.68,1,0,0
HG00927,44,52300,5,2,1,West,High school or less,2040,0,0,83,0,698.82,0,0,0
HG00928,49,212200,2,1,1,Midwest,High school or less,2260,7,27,1,0,1303.8,1,0,0
HG00929,61,72600,4,0,0,West,Bachelor's,2790,0,0,78,0,1011.67,1,0,0
HG00930,35,50800,4,2,0,West,High school or less,2420,0,0,81,0,1079.9,0,1,28.54
HG00931,46,131600,4,1,1,Midwest,Some college/associate,2190,10,21,3,0,1106.82,0,0,0
HG00932,20,83200,2,1,0,West,Some college/associate,,3,6,18,0,698.55,1,0,0
HG00933,41,97500,1,0,1,Northeast,High school or less,1520,5,17,0,0,898.85,0,0,0
HG00934,45,79400,3,2,1,West,Graduate,2880,0,0,62,0,1191.55,0,0,0
HG00935,36,96100,4,0,1,West,Bachelor's,1680,13,34,1,0,1233.36,1,1,534.35
HG00936,29,127500,1,0,0,South,Some college/associate,1610,8,25,0,0,949.3,1,0,0
HG00937,36,24500,3,0,0,Midwest,Some college/associate,1580,0,0,109,0,719.52,0,0,0
HG00938,55,51900,2,0,1,South,Some college/associate,1490,7,31,2,0,965.65,0,0,0
HG00939,53,51000,2,1,1,Midwest,Some college/associate,1100,5,12,0,0,1058.35,0,1,137.08
HG00940,53,92500,2,0,0,West,Bachelor's,1700,5,17,4,0,1069.52,1,0,0
HG00941,39,148900,3,1,1,Midwest,Some college/associate,1960,5,13,6,0,1031.02,0,0,0
HG00942,41,45100,1,0,0,South,High school or less,920,5,21,9,0,710.79,1,0,0
HG00943,47,86500,2,0,0,West,Bachelor's,2180,6,12,0,0,980.45,1,0,0
HG00944,67,58100,2,0,1,Midwest,Some college/associate,1840,10,23,1,0,1024.05,0,0,0
HG00945,55,57100,3,0,1,South,High school or less,,0,0,67,0,794,0,0,0
HG00946,43,106400,1,0,0,West,Some college/associate,970,5,20,1,0,1030.54,1,0,0
HG00947,58,37300,5,2,0,West,High school or less,2170,0,0,77,0,996.11,0,0,0
HG00948,50,144500,2,1,0,South,Bachelor's,1440,11,25,2,0,1223.69,0,0,0
HG00949,50,199800,1,0,0,Midwest,Bachelor's,1180,11,14,1,0,1168.99,0,0,0
HG00950,45,90500,2,0,1,South,Bachelor's,1650,5,11,0,0,1159.68,1,0,0
HG00951,37,103100,3,2,1,West,Bachelor's,1770,5,14,4,0,1088.05,0,0,0
HG00952,48,350000,2,0,1,Midwest,Bachelor's,3170,5,11,2,0,1626.86,0,1,178.96
HG00953,47,166700,3,1,1,South,Some college/associate,1820,13,30,0,0,1382.46,0,0,0
HG00954,41,64100,3,0,1,Midwest,High school or less,2930,0,0,59,0,1066.18,0,0,0
HG00955,45,350000,3,1,1,Midwest,Bachelor's,3200,14,43,0,0,1855.28,1,1,183.04
HG00956,50,171400,2,1,1,Northeast,Graduate,1640,4,11,2,0,1209.91,0,0,0
HG00957,50,120200,2,1,1,West,Graduate,2060,2,2,4,0,1031.1,1,0,0
HG00958,69,143800,4,0,1,South,Some college/associate,2910,12,34,1,0,1084.67,0,0,0
HG00959,36,101100,4,1,1,Midwest,Bachelor's,1900,10,23,2,0,1263.51,0,1,109.71
HG00960,46,130100,2,0,1,West,Bachelor's,1080,15,57,0,0,775.5,1,0,0
HG00961,47,75800,5,1,1,South,Some college/associate,2940,0,0,61,0,1094.24,0,0,0
HG00962,72,143500,2,0,1,Northeast,Graduate,3810,2,6,14,0.1875,1453.22,1,0,0
HG00963,49,130200,2,1,1,South,Graduate,1690,3,4,2,0,1208.56,1,0,0
HG00964,40,163100,3,1,1,West,Bachelor's,2490,7,14,2,0,1083.44,1,0,0
HG00965,25,72900,1,0,1,Midwest,High school or less,1400,7,23,0,0,675.81,0,0,0
HG00966,62,116400,1,0,0,Midwest,Graduate,1400,7,23,0,0,957.38,1,1,39.6
HG00967,49,134200,4,1,1,South,Some college/associate,1810,10,31,2,0,1438.61,0,1,299.03
HG00968,50,112700,3,1,1,South,Bachelor's,1530,9,22,1,0,1255.49,0,0,0
HG00969,51,148400,4,1,1,Midwest,Bachelor's,1900,12,31,6,0,1260.77,0,0,0
HG00970,56,186500,2,0,0,South,Bachelor's,1180,15,51,4,0,1139.93,1,0,0
HG00971,39,144900,1,0,1,West,Graduate,1870,5,19,1,0,958.74,0,1,41.8
HG00972,56,60900,4,0,1,South,Some college/associate,1330,7,28,0,0,1054.66,0,0,0
HG00973,48,58100,1,0,1,West,Some college/associate,1650,6,13,1,0,932.96,0,0,0
HG00974,73,49300,4,0,1,South,Graduate,1460,0,0,82,0,1219.66,0,1,44.9
HG00975,61,141100,4,1,1,Northeast,Graduate,3270,10,22,4,0,1470.76,1,1,148.87
HG00976,23,42200,1,0,1,Northeast,High school or less,1120,6,19,0,0,994.38,1,1,225.7
HG00977,39,157700,2,1,1,South,Bachelor's,1890,15,50,0,0,1167.85,1,0,0
HG00978,34,32700,4,2,1,West,High school or less,2520,0,0,96,0,1080.61,0,0,0
HG00979,29,88000,4,2,1,Midwest,Some college/associate,2450,7,24,2,0,1030.69,0,0,0
HG00980,38,130400,2,0,1,West,Graduate,1580,13,36,2,0,1092.2,1,1,48.79
HG00981,64,80400,6,1,1,Midwest,Bachelor's,3070,5,24,4,0,1304.57,0,0,0
HG00982,37,72500,1,0,0,South,Bachelor's,1000,6,10,6,0,774.66,1,0,0
HG00983,44,23200,2,1,0,South,Some college/associate,1280,0,0,79,0,799.79,0,0,0
HG00984,44,41300,2,0,0,South,Some college/associate,870,11,25,1,0,668.28,1,1,64.85
HG00985,53,151900,2,1,1,South,Some college/associate,1330,11,33,0,0,1068.79,1,0,0
HG00986,61,50400,1,0,1,South,Some college/associate,1520,11,51,0,0,861.54,0,0,0
HG00987,31,125500,1,0,1,Midwest,Bachelor's,2540,2,5,0,0,1382.44,0,0,0
HG00988,49,66500,3,0,1,South,Bachelor's,2460,0,0,71,0,1140.07,0,0,0
HG00989,30,69200,2,0,1,West,Bachelor's,1040,18,56,1,0,843.05,0,0,0
HG00990,33,169700,1,0,1,Midwest,Some college/associate,1450,9,24,0,0,1260.11,0,0,0
HG00991,60,120200,5,0,1,Northeast,Bachelor's,3690,9,35,4,0,1082.6,1,0,0
HG00992,67,127800,2,0,1,Northeast,Bachelor's,1900,3,15,3,0.533333333,1201.06,1,0,0
HG00993,26,95400,2,1,1,Northeast,Some college/associate,1590,6,10,2,0.454545455,1239.74,0,0,0
HG00994,44,74000,1,0,1,South,Some college/associate,1110,5,11,16,0.428571429,1007.5,0,1,66.38
HG00995,57,109300,2,0,1,South,Bachelor's,2320,3,15,11,0,969.42,1,0,0
HG00996,24,32100,1,0,1,South,High school or less,1490,2,9,8,0.294117647,818.6,1,1,122.5
HG00997,49,42400,6,1,0,South,Some college/associate,1870,0,0,88,0,973.97,0,0,0
HG00998,53,44600,3,0,1,West,High school or less,2080,0,0,71,0,926.59,0,1,47.51
HG00999,53,133400,2,0,1,Northeast,Graduate,2440,3,7,6,0,1145.44,1,0,0
HG01000,39,76800,1,0,1,South,High school or less,1480,7,13,1,0,1020.94,1,1,197.6
HG01001,20,40800,4,1,1,South,High school or less,2960,0,0,55,0,722.83,0,0,0
HG01002,53,38400,4,0,1,Midwest,High school or less,3440,0,0,73,0,952.9,1,0,0
HG01003,50,159900,3,2,0,Midwest,Graduate,2660,12,30,3,0,1198.62,0,0,0
HG01004,48,122600,4,2,1,South,Bachelor's,2450,10,23,4,0,1133.01,1,1,129.05
HG01005,52,106300,2,0,1,South,Some college/associate,2310,7,22,3,0,1117.75,1,0,0
HG01006,47,26200,1,0,1,South,High school or less,770,3,15,7,0,592.42,0,0,0
HG01007,59,21500,3,1,0,South,High school or less,940,0,0,103,0,624.45,0,0,0
HG01008,38,156100,2,1,0,West,Bachelor's,1490,11,39,1,0,1234.66,1,1,181.35
HG01009,45,333100,3,2,1,South,Graduate,1510,24,77,0,0.411764706,1626.84,0,0,0
HG01010,27,66800,2,0,0,Midwest,High school or less,1760,0,0,99,0,1064.53,1,0,0
HG01011,31,55800,2,1,1,West,Some college/associate,1430,0,0,48,0,1054.28,0,0,0
HG01012,50,78800,5,2,0,Northeast,Graduate,2620,0,0,45,0,1256.67,0,1,323.11
HG01013,53,74900,1,0,1,Midwest,Some college/associate,1480,5,17,9,0,1116.93,1,0,0
HG01014,41,,3,0,1,South,Bachelor's,5000,0,0,94,0.375,961.78,0,0,0
HG01015,45,125800,4,0,0,West,Some college/associate,2030,11,22,1,0,1044.96,1,0,0
HG01016,60,47200,1,0,1,West,Some college/associate,2150,0,0,44,0,768.2,1,0,0
HG01017,20,69600,1,0,0,South,Some college/associate,930,8,26,2,0,736.4,0,0,0
HG01018,24,99000,5,0,1,Northeast,Some college/associate,2230,14,39,4,0,701.43,1,0,0
HG01019,46,,5,0,0,Midwest,Bachelor's,2180,0,0,90,0,941.27,0,0,0
HG01020,54,26200,3,0,1,Midwest,High school or less,2140,0,0,112,0,779.73,0,0,0
HG01021,33,121500,3,0,1,West,Bachelor's,1310,10,26,0,0,1023.38,0,1,205.95
HG01022,48,89500,4,1,1,South,Graduate,2080,0,0,59,0,987.55,1,0,0
HG01023,69,76000,2,0,0,South,High school or less,1940,8,18,1,0.428571429,858.88,0,0,0
HG01024,26,28600,3,1,1,West,High school or less,1880,0,0,68,0,860.07,1,0,0
HG01025,26,34200,1,0,0,South,Graduate,870,13,32,0,0,893.88,0,0,0
HG01026,50,92700,3,0,0,South,Bachelor's,1730,19,49,0,0,914.04,1,1,112.45
HG01027,28,87400,1,0,0,South,Bachelor's,1060,6,13,2,0,1013,0,0,0
HG01028,51,67400,3,2,0,West,Some college/associate,1150,0,0,95,0,1218.24,0,1,127
HG01029,49,37400,1,0,1,West,High school or less,1200,8,42,8,0,813.56,0,0,0
HG01030,48,146600,2,0,1,Northeast,Graduate,1770,0,0,52,0,1155.76,1,0,0
HG01031,52,67400,1,0,0,Northeast,High school or less,1390,9,27,7,0.111111111,711.39,1,1,140.6
HG01032,48,213100,3,1,1,Midwest,Graduate,1680,7,16,4,0,1042.25,1,0,0
HG01033,70,90000,1,0,1,Midwest,Some college/associate,,7,22,7,0.315789474,801.31,0,0,0
HG01034,59,120600,1,0,1,South,Bachelor's,940,8,21,3,0,828.4,1,0,0
HG01035,47,58900,1,0,1,Midwest,Bachelor's,590,8,15,5,0,941.71,1,0,0
HG01036,34,42200,2,0,1,South,Some college/associate,1160,16,42,0,0,1017.15,1,0,0
HG01037,35,59300,2,0,1,West,High school or less,1200,5,17,9,0,839.18,0,0,0
HG01038,62,86100,1,0,1,South,Some college/associate,1320,5,10,4,0,683.51,0,0,0
HG01039,66,91900,4,0,1,West,Some college/associate,2810,4,16,1,0,1060.41,1,0,0
HG01040,20,41600,2,0,0,South,Some college/associate,860,7,22,0,0,969.59,1,0,0
HG01041,44,160600,6,3,0,South,Some college/associate,2630,5,12,0,0,1328.71,1,0,0
HG01042,54,81900,1,0,1,Midwest,Bachelor's,1520,3,3,2,0,1065.5,0,0,0
HG01043,32,49100,1,0,0,Midwest,High school or less,870,13,40,0,0,565.73,0,0,0
HG01044,31,114500,1,0,0,Northeast,Graduate,1770,7,14,4,0,950.06,0,0,0
HG01045,79,169800,1,0,0,South,Graduate,1150,10,39,5,0.4375,1240.07,0,1,102.24
HG01046,25,109400,1,0,0,West,Graduate,1210,9,26,3,0,722.63,1,0,0
HG01047,62,45700,4,1,1,Midwest,High school or less,2070,7,21,0,0,833.28,0,0,0
HG01048,35,22700,1,0,0,West,High school or less,620,4,9,1,0,963.31,0,1,48.52
HG01049,78,108300,5,0,1,South,Some college/associate,2460,6,17,7,0,1189.06,0,0,0
HG01050,47,166900,2,0,0,West,Graduate,1940,9,30,5,0,1189.7,0,0,0
HG01051,20,61800,2,0,0,Northeast,Some college/associate,1340,0,0,86,0,646.65,0,0,0
HG01052,65,96500,4,1,1,South,Some college/associate,3420,0,0,51,0,1210.05,1,0,0
HG01053,44,31100,6,2,0,Northeast,High school or less,1290,44,87,2,0,1039.44,1,1,48
HG01054,38,67000,2,0,1,Northeast,Some college/associate,1860,0,0,44,0,881.23,1,0,0
HG01055,64,166700,6,2,1,Midwest,Graduate,2680,11,34,0,0,1444.25,0,0,0
HG01056,72,177500,3,0,1,Northeast,Graduate,2530,0,0,79,0,1590.17,0,0,0
HG01057,37,149500,1,0,1,Midwest,Some college/associate,1350,4,12,0,0,895.4,1,1,89.63
HG01058,52,104800,3,1,1,South,Bachelor's,1710,8,25,18,0,1215.38,1,0,0
HG01059,55,136700,2,0,1,South,Graduate,1860,7,14,0,0,1017.16,0,0,0
HG01060,45,181200,2,1,0,Northeast,Graduate,940,5,10,2,0,1038.24,1,0,0
HG01061,39,68400,4,1,1,Northeast,Some college/associate,2720,0,0,66,0,1084.22,0,0,0
HG01062,46,,2,1,0,South,High school or less,2130,0,0,46,0,1116.94,0,0,0
HG01063,39,114300,2,1,1,West,Some college/associate,1390,9,41,1,0,1084.11,1,1,93.38
HG01064,55,141400,4,1,1,South,Some college/associate,3040,9,30,6,0,1133.25,0,0,0
HG01065,43,69800,1,0,1,Northeast,High school or less,1540,5,16,0,0.333333333,891.8,1,1,139.2
HG01066,42,104600,3,2,0,South,Bachelor's,1490,8,18,5,0,1176.57,0,0,0
HG01067,65,54300,3,2,0,West,High school or less,2150,0,0,75,0,919.93,0,0,0
HG01068,42,138900,3,0,1,South,Bachelor's,1590,10,34,2,0,1029.85,1,0,0
HG01069,77,50600,1,0,1,South,Bachelor's,770,12,35,0,0,827.91,0,1,60.86
HG01070,64,120400,4,1,1,South,Graduate,2270,8,33,3,0.285714286,1483.97,0,1,210.84
HG01071,59,128200,1,0,1,West,Bachelor's,1790,8,15,2,0,1050.34,1,0,0
HG01072,21,94700,4,1,0,South,Some college/associate,1510,11,21,2,0,918.15,1,1,44.6
HG01073,20,96700,2,0,1,Midwest,Some college/associate,1530,13,44,1,0,440.69,0,1,39.17
HG01074,42,42700,1,0,1,Northeast,Some college/associate,1200,10,56,0,0.388888889,855.56,0,0,0
HG01075,52,130000,2,0,1,Northeast,Bachelor's,1670,8,31,4,0,1194.58,0,0,0
HG01076,33,169700,3,1,0,Northeast,Bachelor's,1810,9,22,5,0,1242.43,1,0,0
HG01077,46,50100,1,0,0,South,High school or less,1130,0,0,52,0,1012.5,0,0,0
HG01078,33,57600,2,0,1,South,High school or less,1390,11,54,1,0.208333333,904.43,0,0,0
HG01079,41,67900,1,0,1,South,Some college/associate,970,18,46,0,0,737.31,0,1,92.41
HG01080,54,148600,2,0,1,South,Graduate,2100,4,17,5,0,1255.1,0,1,220.26
HG01081,35,122700,2,1,1,Northeast,High school or less,2340,8,27,1,0,977.58,0,0,0
HG01082,33,32200,4,3,1,Midwest,High school or less,2570,0,0,75,0,1007.67,0,1,194.42
HG01083,37,35900,2,0,1,South,High school or less,1600,0,0,55,0,855.29,1,1,174.31
HG01084,59,76500,5,1,1,West,Graduate,2150,0,0,106,0,1270.05,0,0,0
HG01085,77,86300,3,0,1,South,Bachelor's,2270,5,16,6,0.230769231,887.6,0,1,89.4
HG01086,55,62800,1,0,1,Midwest,Some college/associate,1230,4,11,14,0.4,766.37,0,0,0
HG01087,40,47100,5,1,1,Midwest,Some college/associate,2240,0,0,51,0,1161.98,1,0,0
HG01088,29,15000,1,0,1,South,High school or less,740,5,11,0,0,577.41,0,0,0
HG01089,72,96200,1,0,0,West,Some college/associate,1820,6,12,13,0,1142.25,1,0,0
HG01090,40,49100,4,1,1,South,High school or less,3220,0,0,49,0,1074.33,1,0,0
HG01091,28,49100,2,1,0,Midwest,High school or less,1090,3,9,20,0,765.71,0,0,0
HG01092,64,84800,4,0,1,West,Some college/associate,3400,0,0,193,0,867,0,0,0
HG01093,34,59900,1,0,1,Midwest,Some college/associate,1190,4,16,3,0,659.27,1,0,0
HG01094,46,77800,3,1,0,Midwest,Some college/associate,3020,0,0,63,0,1108.65,0,0,0
HG01095,18,38800,3,1,0,South,High school or less,1310,7,22,2,0,757.92,1,0,0
HG01096,69,146400,3,0,1,South,Graduate,2000,10,28,3,0,1055.62,0,0,0
HG01097,29,91600,4,1,1,West,Some college/associate,2380,5,14,7,0,1144.03,1,0,0
HG01098,52,134800,3,1,1,West,Graduate,1560,10,23,0,0,1130.72,0,0,0
HG01099,48,36800,3,1,0,South,High school or less,1700,0,0,78,0,624.17,0,0,0
HG01100,52,162500,4,1,1,Midwest,Bachelor's,2350,25,62,0,0,1096.43,1,1,143.49
HG01101,56,275200,2,0,1,Midwest,Graduate,1810,7,19,0,0,1348.18,1,0,0
HG01102,34,74700,3,0,1,South,Bachelor's,2080,14,62,2,0,976.36,0,0,0
HG01103,45,98600,2,1,1,Northeast,Graduate,1440,0,0,62,0,1115.71,0,1,66.84
HG01104,23,43100,4,1,0,Northeast,Bachelor's,1640,9,19,0,0,747.19,0,0,0
HG01105,30,81700,1,0,1,Midwest,Some college/associate,1510,6,14,4,0,811.21,0,0,0
HG01106,39,129700,1,0,1,West,Some college/associate,1640,12,35,0,0,1170.67,0,0,0
HG01107,62,77000,1,0,0,Northeast,Bachelor's,1330,3,7,1,0.1,755.49,0,0,0
HG01108,43,115600,1,0,0,Midwest,Bachelor's,1320,5,13,1,0,1058.12,1,0,0
HG01109,41,196200,4,1,0,South,Graduate,2180,4,8,8,0,1064.97,0,0,0
HG01110,57,78600,2,0,1,South,Bachelor's,1370,10,24,0,0,860.51,0,0,0
HG01111,22,24200,2,0,0,South,High school or less,1450,0,0,63,0,576.72,0,0,0
HG01112,37,109000,2,1,0,South,Graduate,2790,0,0,86,0,1133.52,1,0,0
HG01113,26,126000,3,0,0,South,Bachelor's,2200,11,30,0,0,1075.41,0,1,29.48
HG01114,32,38500,3,2,0,South,Some college/associate,810,11,31,4,0,873.4,1,1,123.75
HG01115,72,92400,2,0,0,West,Some college/associate,2230,4,7,8,0,1112.39,0,1,160.54
HG01116,56,58100,5,1,0,Midwest,Some college/associate,2980,0,0,65,0,947.41,1,0,0
HG01117,60,108600,4,0,1,Midwest,Bachelor's,2200,8,24,0,0,1220.72,1,1,278.34
HG01118,47,126700,3,1,1,Midwest,Bachelor's,2590,6,14,0,0,1076.33,1,0,0
HG01119,53,279100,1,0,1,West,Graduate,2460,9,28,1,0,1585.02,1,0,0
HG01120,24,26500,5,0,1,West,High school or less,1440,7,17,5,0,761.12,0,0,0
HG01121,51,148000,2,1,1,West,Graduate,2020,14,47,3,0,752.15,1,0,0
HG01122,38,121800,2,1,1,South,Some college/associate,1340,13,34,2,0,1040.71,0,0,0
HG01123,49,130800,3,2,0,South,Bachelor's,1460,9,21,5,0,1053.06,1,0,0
HG01124,59,85800,1,0,1,Midwest,Graduate,1340,4,15,17,0,1028.67,0,0,0
HG01125,53,121900,2,0,1,South,Bachelor's,1800,7,14,2,0,1120.7,1,1,67.05
HG01126,38,81300,2,0,0,Midwest,Graduate,1320,4,17,1,0,1114.69,0,1,157.78
HG01127,27,125100,2,1,0,South,Some college/associate,1500,8,12,2,0,855.02,0,0,0
HG01128,57,144800,2,0,1,Northeast,Graduate,1570,12,35,4,0,1190.7,1,1,91.35
HG01129,62,48400,4,1,1,Midwest,Some college/associate,1830,8,35,6,0,1077.15,0,1,24.68
HG01130,31,128500,2,1,0,Northeast,Bachelor's,1740,4,13,0,0,800.61,1,1,131.29
HG01131,31,81100,2,1,1,West,Bachelor's,1340,15,44,0,0,906.8,1,0,0
HG01132,30,78000,3,1,0,West,Some college/associate,1330,10,27,0,0,1092.85,1,0,0
HG01133,59,127700,3,0,1,Northeast,Some college/associate,1490,16,32,1,0,1138.87,1,1,203.58
HG01134,58,37300,4,0,1,West,Bachelor's,2740,0,0,68,0,819.89,0,0,0
HG01135,29,81700,3,2,1,South,Some college/associate,1260,10,32,5,0,845.83,0,0,0
HG01136,46,64100,3,2,1,West,Bachelor's,1850,0,0,73,0,1087.7,0,0,0
HG01137,33,102400,3,0,1,South,Some college/associate,1290,21,50,0,0,973.17,1,1,146.32
HG01138,77,95900,1,0,1,Northeast,Graduate,1500,4,16,0,0.272727273,1072.47,0,0,0
HG01139,41,99900,1,0,1,South,Some college/associate,2270,6,14,3,0,1077.8,1,1,494.29
HG01140,42,79500,2,1,1,Midwest,Bachelor's,1380,7,19,5,0,964.42,0,0,0
HG01141,35,59800,2,1,1,West,Bachelor's,3040,0,0,90,0,1129.64,1,1,63.46
HG01142,54,60100,1,0,1,South,Bachelor's,1760,0,0,99,0,1215,0,0,0
HG01143,39,90400,4,2,0,Midwest,Graduate,1690,15,60,4,0,939.61,0,0,0
HG01144,25,32100,5,0,0,South,High school or less,2500,0,0,76,0,519.36,0,0,0
HG01145,41,60900,6,1,0,Midwest,Some college/associate,1830,7,22,0,0,833.17,1,0,0
HG01146,38,25500,3,1,1,Northeast,High school or less,1090,17,43,0,0,949.45,0,1,39.28
HG01147,53,42800,1,0,1,West,High school or less,1170,10,18,1,0,655.65,1,0,0
HG01148,63,121100,3,0,0,Midwest,Graduate,2640,0,0,106,0,1233.94,0,1,94.3
HG01149,67,101400,1,0,0,Northeast,Graduate,2180,8,25,2,0,841.4,0,0,0
HG01150,68,87100,3,0,0,South,Some college/associate,1960,10,32,4,0,878.39,1,1,100.96
HG01151,44,52400,2,1,1,Midwest,Some college/associate,2670,0,0,111,0,947.95,0,0,0
HG01152,43,45600,1,0,0,Northeast,High school or less,1020,9,27,2,0,705.02,0,0,0
HG01153,62,200700,4,1,1,Midwest,Bachelor's,2400,9,19,2,0,1385.4,1,0,0
HG01154,30,80200,2,1,1,South,Some college/associate,1360,8,29,4,0,961.12,0,0,0
HG01155,30,42700,2,0,0,Northeast,Graduate,1620,0,0,56,0,835.94,0,0,0
HG01156,36,86300,1,0,1,Midwest,Bachelor's,1370,10,28,0,0,1000.34,0,0,0
HG01157,27,55300,2,1,1,South,High school or less,1310,16,38,1,0,563.49,1,0,0
HG01158,65,214800,2,1,1,West,Bachelor's,1700,11,33,6,0,854.8,1,0,0
HG01159,43,25100,3,0,1,Midwest,High school or less,2090,0,0,88,0,763.86,1,0,0
HG01160,33,120800,2,0,1,South,Bachelor's,2430,11,21,2,0.444444444,1207.22,1,1,103.05
HG01161,28,118700,2,0,0,West,Some college/associate,1430,5,17,6,0,864.55,1,0,0
HG01162,40,350000,2,0,0,South,Bachelor's,1600,6,15,10,0,1794.98,1,0,0
HG01163,21,70200,2,0,0,South,High school or less,880,10,26,3,0,973.71,1,1,97.06
HG01164,48,89700,4,1,1,West,Some college/associate,1740,11,30,0,0,1265.63,0,1,147.96
HG01165,57,108100,2,0,0,South,Graduate,2700,0,0,95,0,1080.69,0,0,0
HG01166,22,64500,1,0,1,South,Bachelor's,1130,2,7,25,0,829.38,1,0,0
HG01167,25,116300,4,1,1,South,Some college/associate,1850,14,53,3,0,1108.71,1,0,0
HG01168,70,59200,2,0,1,South,High school or less,1040,2,6,2,0.111111111,746.99,1,0,0
HG01169,57,139700,1,0,1,Northeast,Graduate,2090,6,22,0,0,936.79,1,0,0
HG01170,52,49700,2,0,1,South,High school or less,950,6,17,2,0,1127.83,0,1,123.74
HG01171,30,,1,0,0,Northeast,High school or less,690,3,6,3,0,531.78,1,0,0
HG01172,71,194600,1,0,1,Midwest,Bachelor's,1700,16,47,2,0,1451.14,1,0,0
HG01173,29,15000,1,0,0,Midwest,High school or less,1200,0,0,64,0,738.13,0,0,0
HG01174,28,,1,0,1,Midwest,High school or less,950,3,12,4,0,839.71,1,0,0
HG01175,31,55000,4,2,1,South,Some college/associate,2380,7,21,3,0,1044.36,0,0,0
HG01176,67,54800,3,0,1,Midwest,Some college/associate,1710,6,13,9,0,1041.68,1,0,0
HG01177,48,350000,3,2,1,South,Bachelor's,4090,2,1,15,0.2,1757.46,1,0,0
HG01178,38,80900,2,0,1,Midwest,Some college/associate,1320,5,15,1,0,1120.04,1,0,0
HG01179,63,55600,1,0,1,Northeast,High school or less,1740,8,29,2,0.272727273,814.37,1,1,64.13
HG01180,48,225700,3,0,1,Midwest,Graduate,2180,10,29,15,0,1294.23,0,1,114.18
HG01181,42,61700,1,0,0,South,High school or less,1060,5,14,8,0,634.92,1,1,56.97
HG01182,62,60800,2,0,1,Midwest,High school or less,1770,9,34,12,0,727.15,1,0,0
HG01183,54,175800,1,0,1,South,Bachelor's,1170,8,25,0,0,989.13,0,0,0
HG01184,36,187200,3,0,0,West,Some college/associate,1750,5,9,2,0,1141.38,0,0,0
HG01185,19,24400,3,1,0,Northeast,High school or less,1590,0,0,57,0,564.02,1,0,0
HG01186,38,68300,3,2,0,South,Graduate,1130,8,21,2,0,1015.11,1,0,0
HG01187,50,36700,4,1,1,Midwest,Bachelor's,2390,0,0,58,0,1207.52,1,0,0
HG01188,30,100700,2,1,0,West,Bachelor's,870,5,17,2,0,829.16,0,0,0
HG01189,61,69100,2,1,1,Northeast,High school or less,1040,8,34,0,0,1135.57,1,1,343.01
HG01190,54,53100,2,0,1,Midwest,Some college/associate,1310,0,0,81,0,740.31,0,0,0
HG01191,49,92800,2,0,1,South,Some college/associate,1680,0,0,60,0,880.19,0,0,0
HG01192,23,168900,2,1,1,South,Some college/associate,1740,12,39,0,0,1083.51,0,1,325.11
HG01193,52,115700,2,0,1,Midwest,Some college/associate,1580,16,58,4,0,1101.59,0,0,0
HG01194,37,62100,1,0,0,Northeast,Graduate,2100,0,0,91,0,856.23,0,0,0
HG01195,51,46700,2,0,1,Northeast,High school or less,2460,9,29,4,0,648.47,0,0,0
HG01196,34,44900,4,2,1,West,Some college/associate,4030,0,0,80,0,944.11,1,0,0
HG01197,39,42500,2,0,0,Midwest,Some college/associate,1340,0,0,105,0,967.53,0,0,0
HG01198,46,129800,2,0,1,South,Bachelor's,1920,5,14,2,0,927.89,1,0,0
HG01199,37,79500,2,0,0,Northeast,Bachelor's,2290,0,0,80,0,1145.16,1,0,0
HG01200,66,86900,2,0,0,Midwest,Some college/associate,1200,13,62,1,0,1126.43,1,1,39.82
HG01201,40,74100,4,3,0,Midwest,Some college/associate,2690,12,33,3,0,1282.49,1,0,0
HG01202,54,56100,3,0,1,Midwest,Some college/associate,1230,9,19,1,0,961.04,1,1,192.24
HG01203,27,53700,4,1,1,Midwest,Some college/associate,2040,11,35,0,0,934.83,1,0,0
HG01204,47,139300,1,0,1,South,Graduate,1810,5,10,3,0,1045.02,0,0,0
HG01205,64,63100,6,3,1,West,Bachelor's,2820,3,24,9,0.090909091,981.77,0,0,0
HG01206,23,39000,4,0,1,South,High school or less,2670,0,0,89,0,948.05,1,0,0
HG01207,46,175700,5,2,1,Midwest,Graduate,2470,7,27,1,0,1269.27,1,0,0
HG01208,50,136400,5,4,0,West,Some college/associate,2100,6,15,11,0,1388.53,1,0,0
HG01209,30,,3,0,1,Northeast,Some college/associate,2260,15,56,2,0,782.89,0,0,0
HG01210,55,238600,1,0,0,South,Bachelor's,1660,5,6,3,0,1430.08,0,0,0
HG01211,68,48200,1,0,0,Midwest,Some college/associate,1310,3,15,4,0.235294118,870.39,0,0,0
HG01212,27,37000,1,0,0,West,High school or less,1420,5,24,5,0,702.7,1,0,0
HG01213,44,110600,2,0,1,Northeast,Graduate,1680,14,29,0,0,1037.37,0,1,121.42
HG01214,23,68400,2,0,0,West,High school or less,1510,14,43,1,0,619.85,0,0,0
HG01215,61,80200,3,0,1,Midwest,High school or less,1450,11,41,0,0,1081.32,0,1,224.07
HG01216,46,108400,4,1,1,Northeast,Bachelor's,1300,12,22,0,0,1413.74,1,0,0
HG01217,47,214500,3,2,1,West,Bachelor's,2610,4,14,9,0,1490.97,0,0,0
HG01218,65,89800,2,1,1,West,Graduate,1330,10,32,2,0,980.99,1,0,0
HG01219,40,59200,2,0,0,South,Bachelor's,1310,5,14,1,0,592.89,0,0,0
HG01220,80,66400,3,0,1,South,Some college/associate,1340,5,16,9,0.470588235,966.85,1,0,0
HG01221,46,95100,1,0,1,South,Bachelor's,1220,11,27,0,0,798.71,0,0,0
HG01222,54,73800,1,0,0,Northeast,Bachelor's,1870,2,7,23,0,1061.69,1,1,215.12
HG01223,53,265300,1,0,1,West,Graduate,1540,7,21,1,0,1490.25,0,0,0
HG01224,51,55900,1,0,1,West,High school or less,810,16,55,0,0,804.68,0,0,0
HG01225,30,86600,2,0,1,South,Graduate,1080,3,12,13,0,698.95,0,0,0
HG01226,35,27300,3,1,1,South,High school or less,1420,0,0,107,0,818.62,0,0,0
HG01227,51,83200,2,1,1,West,High school or less,2340,0,0,93,0,1220.15,0,0,0
HG01228,47,158800,2,1,1,South,Bachelor's,1950,7,13,2,0,1369.04,0,1,77.2
HG01229,40,56500,1,0,0,South,Some college/associate,1440,0,0,48,0,884.28,0,0,0
HG01230,52,195500,2,1,1,Northeast,Some college/associate,1880,9,39,3,0,1055.97,1,0,0
HG01231,63,77400,3,1,0,South,Some college/associate,1990,7,23,4,0.333333333,1136.76,1,1,189.22
HG01232,34,30700,2,0,1,South,High school or less,1290,0,0,52,0,942.06,1,0,0
HG01233,26,99100,1,0,1,West,Bachelor's,1440,3,9,2,0.363636364,1138.67,1,0,0
HG01234,27,99500,2,0,0,West,Some college/associate,800,25,94,0,0,1108.05,0,0,0
HG01235,36,146800,3,1,1,Midwest,Some college/associate,2150,6,13,1,0,1142.95,0,0,0
HG01236,45,96500,3,1,0,Midwest,Bachelor's,1460,19,84,1,0,1078.7,0,0,0
HG01237,40,126600,5,2,1,Northeast,Bachelor's,2200,7,12,0,0,1228.3,1,0,0
HG01238,75,83800,2,0,1,Northeast,Graduate,2010,2,7,18,0.125,1049.86,1,0,0
HG01239,34,147300,2,0,0,West,Some college/associate,1670,6,17,7,0,1078.9,1,1,35.81
HG01240,21,23800,3,0,0,Northeast,High school or less,1300,5,11,5,0.35,610.61,0,0,0
HG01241,45,150700,1,0,1,Northeast,Graduate,1960,5,13,3,0.375,985.45,1,0,0
HG01242,51,67300,1,0,0,Northeast,Bachelor's,1090,2,2,2,0,901.44,1,1,102.12
HG01243,64,,5,1,1,Midwest,Graduate,2070,7,14,16,0.294117647,1209.54,0,1,1229.45
HG01244,33,137800,2,1,1,South,Some college/associate,1600,6,9,2,0,1189.35,1,1,172.13
HG01245,35,29700,2,0,0,West,High school or less,1030,3,1,10,0,709.57,0,0,0
HG01246,57,132400,2,1,0,West,Some college/associate,1280,15,49,1,0,1106.27,1,1,99.84
HG01247,34,21100,2,0,0,Midwest,High school or less,1110,10,64,6,0,410.38,1,0,0
HG01248,69,112600,1,0,0,Midwest,Bachelor's,1760,5,25,4,0.25,997.82,0,0,0
HG01249,30,54600,1,0,1,West,High school or less,1420,0,0,51,0,720.54,1,0,0
HG01250,39,95600,3,0,0,Midwest,Some college/associate,2100,8,22,10,0.208333333,846.39,0,0,0
HG01251,44,72700,3,0,1,Northeast,Some college/associate,2260,7,22,6,0.260869565,887.12,0,0,0
HG01252,71,81600,2,0,1,South,Graduate,2710,5,19,11,0.4,1005.1,0,0,0
HG01253,57,221800,3,1,0,Midwest,Graduate,1910,13,50,2,0,1149.07,0,1,82.92
HG01254,60,149900,1,0,1,South,Graduate,1120,11,34,3,0,1144.36,1,0,0
HG01255,19,38700,2,0,0,Midwest,Some college/associate,1760,0,0,53,0,757.05,0,0,0
HG01256,47,125900,1,0,1,Northeast,Bachelor's,2310,7,20,11,0,1138.88,0,0,0
HG01257,49,93600,1,0,0,South,Graduate,990,3,9,19,0,983.14,0,0,0
HG01258,37,36800,3,0,1,Northeast,High school or less,2980,0,0,61,0,819.13,0,0,0
HG01259,42,193200,3,2,1,South,Graduate,2450,14,42,2,0,1354.1,0,1,109.5
HG01260,32,75700,3,1,0,South,Bachelor's,1250,12,36,1,0,836.42,0,0,0
HG01261,52,84100,1,0,1,South,Some college/associate,2070,6,24,2,0.285714286,1123.05,1,0,0
HG01262,57,90600,2,0,1,Northeast,Bachelor's,1680,0,0,62,0,1209.02,1,1,38.86
HG01263,54,47000,2,0,1,Midwest,High school or less,1260,0,0,56,0,984.91,0,0,0
HG01264,43,88400,2,1,1,South,Some college/associate,1740,0,0,70,0,847.4,0,0,0
HG01265,28,54500,1,0,0,West,High school or less,1540,7,12,4,0,687.47,1,0,0
HG01266,25,219300,4,1,0,West,Bachelor's,2290,4,10,12,0,1245.58,1,0,0
HG01267,18,72700,3,0,0,Midwest,Some college/associate,1040,8,18,5,0,841.35,1,0,0
HG01268,41,130600,2,1,1,South,Bachelor's,2690,6,15,2,0,1346.89,1,0,0
HG01269,44,54400,2,1,0,South,Some college/associate,1410,8,29,0,0.5,930.7,0,0,0
HG01270,26,76100,2,0,0,Midwest,Graduate,1820,0,0,56,0,979.19,1,0,0
HG01271,38,68900,1,0,1,West,Some college/associate,1600,5,11,0,0.555555556,710.02,1,0,0
HG01272,63,70300,1,0,1,Midwest,Some college/associate,1930,7,38,3,0,892.25,0,0,0
HG01273,62,119300,2,0,1,Northeast,Bachelor's,2220,7,18,5,0.071428571,852.87,0,0,0
HG01274,76,43500,3,0,1,West,Some college/associate,1740,0,0,62,0,911.34,1,0,0
HG01275,41,82800,2,0,1,Northeast,Bachelor's,1850,8,16,0,0,981.13,0,0,0
HG01276,65,100200,2,0,1,South,Bachelor's,1960,6,28,1,0,1025.42,1,1,48.51
HG01277,48,40500,5,0,1,Northeast,Some college/associate,3440,0,0,54,0,958.66,0,0,0
HG01278,54,40900,3,0,1,South,Some college/associate,1950,0,0,56,0,882.32,0,0,0
HG01279,48,83300,1,0,1,Northeast,Some college/associate,1440,11,29,5,0,1053.02,0,1,81.97
HG01280,49,64800,2,0,1,West,Some college/associate,1120,24,53,3,0,848.78,1,0,0
HG01281,32,107400,3,1,1,South,Some college/associate,2130,1,4,0,0,808.91,1,0,0
HG01282,52,64700,2,0,1,West,High school or less,1760,0,0,46,0,1130.59,1,0,0
HG01283,58,,4,2,1,South,Bachelor's,2820,4,12,3,0,1363.39,0,0,0
HG01284,39,107900,3,1,0,South,Some college/associate,1410,10,37,1,0,838.09,0,0,0
HG01285,33,76100,2,0,0,Midwest,Some college/associate,1440,5,11,9,0,780.44,1,0,0
HG01286,20,31000,4,0,0,Midwest,High school or less,1870,0,0,45,0,548.15,1,0,0
HG01287,32,66800,2,1,1,South,Bachelor's,1210,7,23,0,0,1005.67,1,0,0
HG01288,37,36600,3,0,0,Midwest,High school or less,840,14,34,3,0,611.81,0,0,0
HG01289,27,134700,5,0,0,Northeast,Graduate,,6,14,0,0,941.29,1,0,0
HG01290,67,41500,2,0,1,South,Some college/associate,2040,0,0,54,0,851.89,0,0,0
HG01291,58,86800,3,0,1,South,Some college/associate,1470,6,20,0,0,1078.82,1,1,41.44
HG01292,46,92600,4,0,1,Midwest,Some college/associate,1640,12,40,2,0,1114.71,1,0,0
HG01293,57,83400,1,0,1,Midwest,Bachelor's,670,15,29,1,0,872.57,1,0,0
HG01294,42,65000,4,1,1,South,High school or less,1870,10,27,1,0,937.32,1,0,0
HG01295,36,61900,2,1,1,Northeast,Bachelor's,1600,0,0,78,0,824.83,1,0,0
HG01296,27,147200,2,0,1,West,Some college/associate,1480,4,14,5,0,1038.11,1,0,0
HG01297,41,80000,6,2,1,Northeast,Bachelor's,2100,17,40,0,0,1088.87,1,0,0
HG01298,52,57800,2,0,0,South,High school or less,1210,5,18,3,0.058823529,580.17,1,0,0
HG01299,56,70500,2,0,1,South,Bachelor's,1400,6,20,0,0,926.16,1,0,0
HG01300,54,61000,1,0,1,West,Some college/associate,1800,3,7,14,0,771.57,1,0,0
HG01301,61,51800,1,0,1,Northeast,Bachelor's,1700,4,13,1,0,915.59,0,0,0
HG01302,47,98200,1,0,1,South,Bachelor's,1710,0,0,53,0,827.15,1,0,0
HG01303,28,53500,5,3,1,Midwest,Bachelor's,1320,12,26,3,0,1083.06,1,1,88.58
HG01304,60,61200,3,0,1,Northeast,High school or less,2020,0,0,177,0,934.71,1,0,0
HG01305,27,39700,1,0,0,South,High school or less,1130,3,9,0,0,613.27,0,0,0
HG01306,44,41900,2,0,1,Northeast,High school or less,1750,0,0,90,0,744.74,0,0,0
HG01307,68,68300,6,0,1,Northeast,Some college/associate,2450,3,14,5,0.333333333,1102.39,1,0,0
HG01308,43,106700,2,1,0,West,Some college/associate,1250,9,18,3,0,706.77,1,0,0
HG01309,57,279600,3,1,1,West,Graduate,2290,12,29,0,0,1746.66,0,1,455.74
HG01310,32,83900,3,1,1,Midwest,Some college/associate,1520,5,11,0,0,915.45,1,1,125.4
HG01311,46,92400,4,2,1,South,Some college/associate,2540,0,0,147,0,1048.92,1,0,0
HG01312,36,56600,2,1,1,West,High school or less,1490,5,15,0,0,858.83,0,0,0
HG01313,41,84600,5,0,1,Northeast,Some college/associate,2660,0,0,63,0.368421053,939.76,1,0,0
HG01314,40,39800,1,0,1,West,High school or less,1230,9,29,0,0,946.16,1,0,0
HG01315,41,135800,1,0,1,West,Graduate,1280,3,15,11,0,1013.21,0,0,0
HG01316,58,48900,1,0,1,South,High school or less,1510,3,3,6,0,940.44,0,1,56.22
HG01317,67,40700,2,0,1,Northeast,High school or less,1670,7,20,2,0,934.02,1,1,129.5
HG01318,45,,2,1,0,West,Bachelor's,900,7,18,4,0,720.57,1,0,0
HG01319,49,63000,2,1,0,West,High school or less,1400,4,15,0,0,923.42,1,0,0
HG01320,40,24800,3,0,1,South,High school or less,1350,0,0,74,0,730.58,0,0,0
HG01321,47,,2,1,1,West,High school or less,2000,0,0,58,0,1189.04,0,0,0
HG01322,76,134800,1,0,1,Northeast,Graduate,1500,8,22,8,0,1265,1,1,418.89
HG01323,47,68300,2,1,0,South,Some college/associate,1290,13,36,0,0,785.72,0,0,0
HG01324,46,92200,1,0,0,South,Some college/associate,1410,5,11,0,0,804.1,1,0,0
HG01325,65,83100,1,0,0,South,Some college/associate,1290,4,12,0,0,871.57,1,0,0
HG01326,33,17300,5,3,0,Midwest,High school or less,1650,0,0,68,0,857.03,0,0,0
HG01327,59,121100,1,0,1,West,Graduate,1320,3,9,4,0,885.88,0,0,0
HG01328,65,80100,1,0,1,West,Bachelor's,980,8,30,6,0.421052632,964.09,1,0,0
HG01329,44,101300,2,1,0,Midwest,Bachelor's,1530,13,34,0,0,1036.44,1,0,0
HG01330,34,41900,2,0,1,Midwest,High school or less,1280,7,25,5,0,709.24,1,1,71.24
HG01331,34,259000,3,1,0,South,Graduate,1600,9,33,3,0,1344.57,0,0,0
HG01332,28,76300,1,0,0,South,Bachelor's,1300,0,0,48,0,940.16,0,0,0
HG01333,35,,1,0,1,Northeast,High school or less,1870,0,0,48,0,985.05,1,0,0
HG01334,60,141800,4,1,1,Midwest,Graduate,2240,8,31,5,0,1343.92,0,0,0
HG01335,20,32100,5,1,1,Northeast,Some college/associate,2260,0,0,53,0,640.71,1,0,0
HG01336,28,46900,2,0,0,Midwest,Some college/associate,770,16,44,6,0,624.78,1,0,0
HG01337,41,101700,1,0,1,Midwest,Some college/associate,1230,5,20,0,0,859.37,1,0,0
HG01338,47,57300,1,0,1,South,High school or less,1360,8,28,3,0,920.46,1,0,0
HG01339,39,45600,4,1,1,South,High school or less,2010,5,4,3,0,1224.57,1,0,0
HG01340,40,79300,2,0,1,West,Bachelor's,2020,0,0,71,0,1188.09,1,1,332.67
HG01341,24,71800,1,0,0,West,Some college/associate,890,5,12,5,0,698.2,0,0,0
HG01342,27,,6,3,0,South,High school or less,2450,5,10,5,0,775.83,1,0,0
HG01343,50,58000,5,2,1,South,Bachelor's,3420,0,0,45,0,1050.12,0,0,0
HG01344,51,156400,2,0,1,South,Bachelor's,1570,15,40,2,0,998.1,0,0,0
HG01345,50,41800,6,2,1,West,Some college/associate,3820,0,0,81,0,807.74,1,0,0
HG01346,23,95900,1,0,1,Northeast,Bachelor's,860,8,19,0,0,842.59,1,0,0
HG01347,48,126800,2,1,1,West,Bachelor's,1480,0,0,65,0,1297.01,0,0,0
HG01348,69,249400,2,0,1,Midwest,Bachelor's,1910,2,10,21,0,1269.87,0,1,105.55
HG01349,67,92700,1,0,0,South,Some college/associate,1380,7,15,1,0,700.31,1,0,0
HG01350,56,143900,1,0,1,South,Some college/associate,1200,9,29,0,0,930.7,1,1,58.45
HG01351,55,95500,4,1,1,Midwest,Bachelor's,2440,3,14,0,0,1354.44,0,0,0
HG01352,60,,5,1,1,South,Graduate,2630,8,27,1,0,1344.56,0,1,49.32
HG01353,46,66900,5,2,0,West,Some college/associate,2420,0,0,45,0,903.78,1,0,0
HG01354,43,58700,2,1,0,South,High school or less,1180,8,26,1,0,480.31,0,0,0
HG01355,29,52300,1,0,0,Midwest,Graduate,980,7,24,4,0,716.51,0,1,72.77
HG01356,27,111200,6,3,0,South,Graduate,3150,0,0,45,0,1189.55,0,0,0
HG01357,38,31800,1,0,0,South,High school or less,720,0,0,48,0,977.68,1,0,0
HG01358,64,83800,1,0,0,Northeast,Some college/associate,1370,9,34,3,0,943.44,1,0,0
HG01359,46,25300,4,2,0,West,High school or less,1670,0,0,56,0,805.75,1,0,0
HG01360,31,32400,3,1,0,West,High school or less,980,6,23,3,0,1045.37,1,1,318.03
HG01361,47,319000,5,0,1,South,Bachelor's,3260,8,22,7,0,1713.46,1,1,65.1
HG01362,39,134500,4,1,1,West,Some college/associate,2660,10,20,0,0,1299.92,1,1,57.04
HG01363,60,160100,1,0,1,Northeast,Graduate,1440,1,3,17,0.4,1456.06,0,1,209.15
HG01364,69,67000,2,0,0,Northeast,Graduate,1430,3,8,20,0.333333333,965.06,0,1,235.44
HG01365,49,50000,2,1,1,South,High school or less,1210,8,29,0,0,1152.49,1,0,0
HG01366,59,202400,2,0,1,West,Graduate,1280,15,29,4,0,1234.46,0,0,0
HG01367,26,35400,3,1,0,West,High school or less,1520,0,0,101,0,849.12,1,0,0
HG01368,55,86200,4,0,0,West,Bachelor's,1550,11,25,1,0,986.93,0,0,0
HG01369,52,64400,1,0,0,Midwest,High school or less,1080,5,25,0,0,773.38,0,0,0
HG01370,68,103700,1,0,1,West,Some college/associate,1080,13,43,0,0,837.64,1,0,0
HG01371,64,66000,3,0,0,West,Some college/associate,1720,14,40,1,0,628.04,1,0,0
HG01372,44,109300,3,1,1,South,Bachelor's,2030,10,39,1,0,1220.96,1,1,366.91
HG01373,33,243400,2,0,1,South,Graduate,2210,11,49,1,0,1133.61,0,0,0
HG01374,69,90900,2,0,1,South,Some college/associate,1960,5,16,5,0.411764706,951.02,1,0,0
HG01375,56,,1,0,1,South,High school or less,1510,4,16,4,0.142857143,854.8,0,0,0
HG01376,53,177400,5,1,1,South,Bachelor's,2250,9,23,2,0,1306.66,1,0,0
HG01377,57,75700,4,0,0,West,Bachelor's,1560,0,0,78,0,1058.35,1,0,0
HG01378,31,57700,3,1,0,South,Bachelor's,2250,0,0,58,0,931.9,1,0,0
HG01379,57,172000,4,0,1,Midwest,Bachelor's,2440,20,41,5,0,1633.58,0,1,440.94
HG01380,46,120000,6,1,1,South,Bachelor's,3910,0,0,71,0,1400.9,1,0,0
HG01381,41,103200,1,0,0,South,Graduate,1230,3,9,10,0,939.34,0,1,29.68
HG01382,45,54500,3,2,1,Midwest,Bachelor's,1530,8,23,0,0,1092.35,1,1,86.62
HG01383,34,188400,5,2,1,South,Bachelor's,2700,14,39,2,0,1035.12,0,0,0
HG01384,24,29900,4,0,0,South,High school or less,1060,0,0,51,0,624.92,1,0,0
HG01385,29,90000,4,2,1,Midwest,Some college/associate,1340,12,30,0,0,1102.27,1,1,445.37
HG01386,43,111100,4,2,1,South,Some college/associate,2890,3,8,10,0,1076.97,0,1,90.78
HG01387,52,111000,2,0,1,South,Some college/associate,1270,8,23,2,0.454545455,1152.54,1,0,0
HG01388,72,148000,3,0,1,South,Bachelor's,1820,11,20,7,0,1131.44,0,0,0
HG01389,50,116200,5,1,1,South,Bachelor's,2430,14,27,3,0,1175.98,1,0,0
HG01390,46,120700,4,0,1,South,Bachelor's,2870,14,38,0,0,1034.92,0,0,0
HG01391,47,59400,1,0,0,Northeast,High school or less,1080,7,42,6,0.315789474,621.84,0,0,0
HG01392,67,75200,1,0,1,Northeast,Some college/associate,1270,4,15,1,0,962.61,0,0,0
HG01393,31,37000,4,1,0,South,High school or less,1690,0,0,50,0,790.99,1,0,0
HG01394,47,134600,2,0,1,South,Graduate,1860,8,25,0,0,1129.91,1,0,0
HG01395,49,96600,1,0,1,South,High school or less,1160,3,9,5,0,796.02,1,1,70.23
HG01396,25,69000,4,1,0,Midwest,Some college/associate,1760,0,0,88,0,1037.67,0,0,0
HG01397,41,93900,2,0,1,Northeast,Bachelor's,1740,6,20,5,0,1134.93,1,1,52.37
HG01398,38,63800,2,1,1,South,High school or less,2140,2,5,3,0,899.77,0,0,0
HG01399,68,61900,2,0,1,Midwest,High school or less,2340,0,0,43,0,971.25,0,0,0
HG01400,56,65900,1,0,1,South,Some college/associate,1170,0,0,118,0,879.29,0,0,0
HG01401,57,230500,3,1,1,South,Graduate,2860,12,32,1,0,1478.74,0,0,0
HG01402,31,96600,3,2,0,South,Bachelor's,1430,13,31,0,0.260869565,1484.93,1,1,83.38
HG01403,44,130600,2,1,0,Northeast,Some college/associate,1390,18,76,0,0,1014.22,0,0,0
HG01404,29,247100,4,0,1,Midwest,Bachelor's,2890,8,19,7,0,1353.5,0,0,0
HG01405,57,67600,5,0,1,Northeast,High school or less,1590,10,43,1,0,844.01,0,0,0
HG01406,38,53000,4,3,1,West,Bachelor's,1720,16,45,0,0,946.51,1,0,0
HG01407,27,115600,2,0,1,West,Bachelor's,2120,5,20,2,0,1179.88,0,0,0
HG01408,60,41100,2,0,1,Midwest,High school or less,1160,0,0,54,0,665.23,0,0,0
HG01409,38,64000,4,0,1,West,Some college/associate,2630,0,0,76,0,1002.83,1,0,0
HG01410,70,134100,2,0,1,South,Graduate,1910,5,16,4,0,1379.32,0,0,0
HG01411,39,60600,3,0,0,Northeast,High school or less,1710,0,0,78,0,809.32,0,0,0
HG01412,60,123700,4,0,1,West,Bachelor's,2930,7,12,0,0,1263.05,1,1,59.28
HG01413,59,112900,4,2,1,West,Some college/associate,2610,0,0,71,0,1277.38,1,0,0
HG01414,31,25500,3,2,1,South,High school or less,1340,10,29,0,0,756.41,0,0,0
HG01415,36,51300,2,1,0,South,High school or less,1260,0,0,48,0,879.65,1,0,0
HG01416,55,115700,5,1,1,South,Some college/associate,3390,0,0,72,0,1331.19,0,0,0
HG01417,45,86400,2,0,1,Midwest,Some college/associate,1850,8,16,0,0,973.75,0,0,0
HG01418,32,135000,2,0,0,South,Bachelor's,1980,5,13,6,0,1002.14,1,1,49.82
HG01419,54,67200,5,0,1,South,High school or less,1960,10,29,2,0,1058.94,0,0,0
HG01420,77,188800,2,0,1,Northeast,Graduate,1760,3,14,12,0.368421053,1136.4,0,0,0
HG01421,37,240100,2,0,0,South,Some college/associate,2480,12,33,2,0,1096.5,0,0,0
HG01422,60,276100,2,0,1,Midwest,Bachelor's,2440,6,18,8,0,1178.43,0,0,0
HG01423,38,24100,1,0,0,South,Some college/associate,500,8,22,0,0,454.56,0,0,0
HG01424,56,106000,6,2,0,Northeast,Bachelor's,3040,8,26,5,0,1363.44,0,1,122.34
HG01425,55,101600,1,0,0,Northeast,Some college/associate,2030,3,14,0,0.277777778,1124.6,0,0,0
HG01426,41,68600,2,1,1,Northeast,Bachelor's,1600,15,48,0,0,987.19,0,0,0
HG01427,43,50600,4,1,0,South,High school or less,1970,0,0,65,0,1049.45,1,0,0
HG01428,61,136200,1,0,1,Midwest,Bachelor's,1720,9,34,6,0,1043.68,0,0,0
HG01429,52,55400,4,2,1,Midwest,Some college/associate,1770,0,0,68,0,1059.26,0,0,0
HG01430,66,32900,4,0,1,South,High school or less,1730,8,39,2,0,1051.43,0,0,0
HG01431,40,51300,1,0,0,South,Graduate,980,8,19,0,0,885.68,1,0,0
HG01432,35,60700,1,0,0,Midwest,Bachelor's,1540,0,0,83,0,565.18,1,0,0
HG01433,27,70700,5,0,1,South,High school or less,2460,7,15,4,0,1026.78,1,1,73.94
HG01434,29,111200,5,2,1,South,Bachelor's,2030,9,31,6,0,925.84,0,0,0
HG01435,32,65400,2,1,1,South,Some college/associate,1930,6,28,1,0,915.41,0,0,0
HG01436,41,105200,2,0,0,Northeast,Bachelor's,1080,24,56,0,0,809.12,0,0,0
HG01437,46,86400,3,0,0,South,Bachelor's,1230,6,20,8,0,767.8,0,0,0
HG01438,62,60100,2,0,1,South,Graduate,1950,0,0,84,0,961.49,0,0,0
HG01439,52,36300,2,0,1,Midwest,High school or less,2200,0,0,51,0,746.67,0,0,0
HG01440,35,34600,6,4,0,South,High school or less,3070,0,0,46,0,1122.91,0,0,0
HG01441,49,90600,1,0,1,South,Some college/associate,1580,4,10,6,0,1030.99,1,0,0
HG01442,54,69300,1,0,1,West,Bachelor's,1210,7,22,1,0,621.01,1,0,0
HG01443,39,42100,2,1,0,Northeast,High school or less,1240,7,34,9,0,638.46,1,0,0
HG01444,38,153700,2,1,1,West,Graduate,1870,6,11,9,0.352941176,876.21,1,0,0
HG01445,47,214400,1,0,0,South,Graduate,1350,4,14,0,0,1216.47,0,0,0
HG01446,66,57600,2,0,0,South,Bachelor's,1300,7,44,0,0,615.17,0,1,25.95
HG01447,51,80100,1,0,0,West,High school or less,970,2,6,10,0,506.87,1,0,0
HG01448,28,63500,1,0,1,South,High school or less,1010,0,0,41,0,709.26,1,0,0
HG01449,53,167600,3,1,1,Northeast,Graduate,,8,33,4,0,1230.64,0,1,56.26
HG01450,48,68300,2,0,1,South,High school or less,800,11,19,5,0,1129.02,0,0,0
HG01451,29,140300,2,1,1,Midwest,Graduate,1850,10,29,0,0,1183.59,0,1,39.18
HG01452,37,53400,3,0,0,South,Some college/associate,1450,10,29,5,0,755.97,1,0,0
HG01453,55,154600,1,0,1,West,Bachelor's,1900,4,12,6,0,986.51,0,0,0
HG01454,48,78000,1,0,1,West,Bachelor's,1470,8,37,2,0.6,836.02,0,0,0
HG01455,50,72000,2,1,1,South,Bachelor's,2020,0,0,60,0,851.35,0,0,0
HG01456,40,85500,1,0,1,West,Some college/associate,1810,0,0,65,0,733.75,0,0,0
HG01457,54,45500,2,0,1,Northeast,High school or less,1310,6,27,2,0.416666667,973.23,1,1,162.73
HG01458,58,82400,2,0,0,Midwest,Some college/associate,1270,9,23,4,0,1114.55,0,0,0
HG01459,30,134200,3,1,1,Midwest,High school or less,2740,6,14,4,0,1034.2,0,0,0
HG01460,47,45900,2,1,1,Northeast,High school or less,1660,5,30,1,0,1161.98,1,1,211.72
HG01461,63,52600,2,0,1,South,High school or less,1680,5,15,14,0,940.11,1,0,0
HG01462,21,77300,4,0,1,Midwest,Some college/associate,1780,16,40,0,0,797.81,1,1,36.45
HG01463,49,34400,4,1,1,Midwest,High school or less,1690,10,56,2,0,958.28,0,0,0
HG01464,35,104100,1,0,0,South,Bachelor's,1060,11,25,0,0,611.47,1,0,0
HG01465,55,25800,2,0,0,South,High school or less,1280,0,0,51,0,924.07,1,0,0
HG01466,48,53900,3,1,1,Midwest,Bachelor's,2110,12,31,1,0,794.4,0,1,150.06
HG01467,61,126900,1,0,0,Northeast,Bachelor's,1060,8,27,1,0,1008.16,0,0,0
HG01468,52,121600,2,0,1,West,Bachelor's,1960,2,4,7,0,1224.39,1,0,0
HG01469,41,65500,1,0,1,South,Some college/associate,1790,4,22,4,0,1085.15,1,0,0
HG01470,62,62200,4,0,1,West,High school or less,2220,4,8,0,0,1036.08,0,1,121.56
HG01471,37,61600,2,1,1,West,Some college/associate,1590,0,0,68,0,838.49,1,0,0
HG01472,29,20300,1,0,0,Midwest,High school or less,1030,8,17,0,0,733.62,0,0,0
HG01473,42,31400,3,0,1,West,High school or less,1700,0,0,70,0,1015.44,0,0,0
HG01474,46,99100,1,0,1,Midwest,High school or less,2270,5,8,7,0,988.81,0,0,0
HG01475,33,58400,3,2,0,South,Graduate,1690,0,0,75,0,807.44,0,0,0
HG01476,48,73700,4,1,1,South,Graduate,2410,15,33,3,0,896.05,1,0,0
HG01477,54,80400,5,1,0,West,Some college/associate,1590,13,49,0,0,901.87,1,0,0
HG01478,68,104700,2,0,1,Northeast,Bachelor's,2300,3,9,14,0,1409.72,0,1,209.08
HG01479,39,76700,2,0,1,West,Some college/associate,1450,7,23,1,0,1163.9,1,0,0
HG01480,31,54700,1,0,1,South,High school or less,,2,5,25,0.363636364,867.36,0,0,0
HG01481,44,65700,1,0,0,Northeast,High school or less,810,9,23,0,0,555.85,0,0,0
HG01482,62,,2,0,0,Northeast,Some college/associate,2440,3,4,4,0.173913043,946.91,0,0,0
HG01483,44,178600,1,0,0,Northeast,Graduate,1040,9,21,2,0,1214.52,1,0,0
HG01484,40,60200,5,1,0,Northeast,High school or less,1640,8,27,1,0,917.94,1,0,0
HG01485,44,83900,3,1,1,South,Some college/associate,2360,8,19,4,0,1012.93,0,0,0
HG01486,46,89500,2,1,1,Midwest,Graduate,1830,7,16,1,0.25,930.41,1,0,0
HG01487,43,53400,2,0,0,Midwest,High school or less,1450,6,23,4,0,888.18,1,1,37.22
HG01488,42,33900,2,0,1,Midwest,High school or less,2340,0,0,89,0,776.6,1,0,0
HG01489,65,77900,2,0,0,Northeast,Graduate,1950,8,25,0,0.076923077,878.58,1,0,0
HG01490,49,62100,1,0,1,South,Some college/associate,1480,3,12,8,0,799.91,1,0,0
HG01491,31,227400,1,0,1,Midwest,Graduate,1900,4,16,2,0,1405.61,1,1,76.2
HG01492,50,46800,3,0,1,West,High school or less,1410,6,25,0,0,979,1,1,41.22
HG01493,51,57300,4,2,0,Midwest,Bachelor's,2740,0,0,105,0,1050.32,0,0,0
HG01494,24,62500,2,0,1,South,Graduate,1960,10,34,2,0,798.01,0,0,0
HG01495,57,196100,2,0,1,Northeast,Some college/associate,1760,9,33,4,0,1223.03,1,0,0
HG01496,35,141700,4,2,1,West,Graduate,3460,7,24,1,0.421052632,1080.38,0,0,0
HG01497,49,174700,3,2,1,West,Graduate,1560,17,36,3,0,1246.11,0,1,41.77
HG01498,54,94100,1,0,1,Northeast,Graduate,1160,9,28,2,0,1107.18,0,1,111.09
HG01499,23,94000,2,0,1,West,Bachelor's,1710,4,11,6,0,735.73,1,0,0
HG01500,51,82200,1,0,1,Midwest,Some college/associate,1160,2,2,10,0.357142857,993.06,1,0,0
HG01501,30,69700,3,0,0,South,Some college/associate,1870,0,0,50,0,904.55,0,0,0
HG01502,53,99300,2,0,1,Midwest,Graduate,2140,3,5,8,0,1310.26,1,0,0
HG01503,24,71200,1,0,1,Midwest,Graduate,1900,8,19,1,0,930.26,0,0,0
HG01504,33,43900,1,0,1,South,Some college/associate,1800,4,9,2,0,661.28,0,0,0
HG01505,44,43800,3,0,1,Midwest,Some college/associate,2720,0,0,91,0,1052.35,0,0,0
HG01506,20,155600,5,0,1,South,Some college/associate,3460,15,39,0,0,1272.71,0,0,0
HG01507,53,86800,1,0,0,Northeast,Some college/associate,1480,9,40,1,0.5625,881.92,0,0,0
HG01508,44,127200,2,1,1,West,Bachelor's,1610,4,10,5,0,919.94,1,0,0
HG01509,48,92400,1,0,1,Northeast,Bachelor's,1160,10,37,0,0,917.26,0,0,0
HG01510,67,76000,1,0,0,South,Some college/associate,1120,1,4,24,0.35,953.78,0,0,0
HG01511,46,62000,1,0,1,West,High school or less,1420,5,14,5,0,1024.65,1,0,0
HG01512,37,,3,1,0,Northeast,Some college/associate,1380,4,16,2,0,892.05,1,0,0
HG01513,65,78500,1,0,0,South,High school or less,1050,7,33,3,0,750.56,1,1,71.18
HG01514,30,130100,2,0,0,South,Some college/associate,1570,12,27,4,0,908.14,1,0,0
HG01515,41,59200,1,0,0,Midwest,Bachelor's,1630,0,0,104,0,954.62,1,0,0
HG01516,63,85300,1,0,1,South,Graduate,930,5,13,0,0.368421053,849.64,0,0,0
HG01517,50,91500,2,0,0,South,High school or less,1590,2,4,27,0,1259.15,1,0,0
HG01518,32,77200,5,2,1,West,Some college/associate,3090,14,65,5,0,1054.61,0,0,0
HG01519,53,29300,4,0,0,West,High school or less,1200,19,63,0,0.2,886.06,0,0,0
HG01520,51,39800,2,1,0,Midwest,Bachelor's,1590,0,0,62,0,661.37,0,0,0
HG01521,67,103100,1,0,1,Midwest,Bachelor's,1780,7,35,7,0.4,888.48,1,0,0
HG01522,34,98200,3,1,0,West,Bachelor's,1000,15,63,1,0,829.24,0,1,65.71
HG01523,44,76500,3,1,1,South,High school or less,2360,0,0,100,0,1015.24,1,1,115.34
HG01524,35,109600,6,1,0,South,High school or less,1990,3,7,11,0,1010.9,1,0,0
HG01525,64,145600,5,0,1,West,Graduate,3250,0,0,84,0,1327.24,0,1,283.23
HG01526,43,42300,1,0,0,West,High school or less,1080,2,10,12,0,808.18,1,0,0
HG01527,45,72400,2,1,1,South,High school or less,1850,0,0,69,0,812.75,0,0,0
HG01528,60,186100,3,1,1,South,Some college/associate,2220,9,20,2,0.333333333,1444.77,0,0,0
HG01529,33,67300,2,0,1,South,High school or less,1740,0,0,76,0,838.63,1,0,0
HG01530,43,164000,6,0,0,South,Bachelor's,2960,7,13,5,0,1364.91,0,0,0
HG01531,36,93800,5,2,1,Midwest,Some college/associate,2170,11,35,0,0,1309.34,0,0,0
HG01532,31,236100,4,1,1,South,Graduate,3590,10,36,2,0,1381.59,0,1,309.49
HG01533,49,107900,1,0,1,Northeast,Some college/associate,2660,5,14,1,0,1337.62,1,0,0
HG01534,43,63800,3,1,1,West,High school or less,1470,6,16,5,0,871.98,0,0,0
HG01535,67,85800,2,0,1,West,Some college/associate,1860,0,0,37,0,1014.14,1,0,0
HG01536,60,201400,2,0,1,South,Graduate,2230,5,17,4,0,1102.27,1,0,0
HG01537,36,73200,3,2,1,West,High school or less,2000,8,20,3,0,1271.58,0,0,0
HG01538,52,97300,2,0,1,South,Some college/associate,1580,9,21,6,0,776.05,1,0,0
HG01539,56,63100,1,0,1,South,High school or less,1320,0,0,134,0,1058.49,1,0,0
HG01540,39,91200,3,0,1,Midwest,Graduate,2260,11,21,3,0,1213.25,0,0,0
HG01541,50,93500,5,2,1,South,Some college/associate,4010,0,0,61,0,1389.59,0,0,0
HG01542,40,48200,2,1,1,Northeast,Some college/associate,2700,0,0,50,0,885.57,1,0,0
HG01543,59,48900,1,0,0,South,High school or less,1320,7,33,2,0,674.71,1,0,0
HG01544,70,73400,2,0,1,South,Some college/associate,2960,0,0,68,0,1133.91,1,0,0
HG01545,58,45400,2,1,1,South,Some college/associate,2570,0,0,56,0,988.01,1,1,406.24
HG01546,59,52100,1,0,1,West,High school or less,1540,4,14,8,0,820.76,1,0,0
HG01547,58,82100,1,0,0,South,Some college/associate,1450,2,3,13,0,1051.66,0,0,0
HG01548,41,79600,4,2,0,South,Bachelor's,1540,27,55,0,0,959.56,0,0,0
HG01549,26,33200,4,1,0,South,High school or less,2850,0,0,47,0,1078.83,1,0,0
HG01550,56,97200,4,0,1,West,Some college/associate,1960,10,32,0,0,997.94,0,0,0
HG01551,37,47900,3,2,0,South,Some college/associate,1180,5,9,0,0,794.03,0,0,0
HG01552,44,99200,4,0,0,West,High school or less,2320,0,0,63,0,960.3,0,0,0
HG01553,47,100500,2,1,1,South,Some college/associate,1680,6,21,0,0,1125.29,0,0,0
HG01554,46,46600,2,1,0,West,High school or less,1270,5,11,5,0.363636364,745.95,0,0,0
HG01555,36,143700,5,1,1,West,Bachelor's,2470,5,16,1,0,1300.19,0,0,0
HG01556,64,81200,1,0,1,Midwest,High school or less,2220,0,0,54,0,935.81,1,0,0
HG01557,71,108900,5,0,1,Northeast,Bachelor's,3740,2,8,17,0.1,1374.15,1,1,76.17
HG01558,42,65700,3,2,1,West,Bachelor's,970,13,61,1,0,909.49,1,0,0
HG01559,59,64500,2,0,1,West,Bachelor's,1790,0,0,69,0,1061.81,1,0,0
HG01560,74,157500,1,0,0,South,Graduate,1510,4,22,13,0,1108.52,0,0,0
HG01561,54,82500,5,0,1,Northeast,High school or less,2190,8,25,2,0,973.59,0,1,67.75
HG01562,49,41600,5,1,0,South,Some college/associate,2560,0,0,42,0,1106.02,1,1,82.62
HG01563,49,99400,3,1,1,South,Some college/associate,1690,9,24,4,0,946.62,0,0,0
HG01564,18,42500,1,0,0,Midwest,Some college/associate,780,3,6,0,0,665.61,0,0,0
HG01565,55,,3,0,1,West,Some college/associate,1570,9,25,6,0,1058.24,0,0,0
HG01566,43,133600,4,2,1,Midwest,Bachelor's,1950,11,26,2,0,1245.84,0,0,0
HG01567,44,117000,4,1,0,West,Some college/associate,2140,4,8,10,0,915.66,1,0,0
HG01568,20,48600,2,0,0,Northeast,Some college/associate,1080,4,13,15,0.55,1007.59,0,0,0
HG01569,47,182600,2,1,1,South,Graduate,1540,12,40,2,0,1241.38,0,0,0
HG01570,28,,3,1,0,Northeast,Some college/associate,1310,0,0,67,0,753.48,0,0,0
HG01571,44,31800,1,0,1,Northeast,Some college/associate,840,4,18,5,0.181818182,976.89,0,0,0
HG01572,54,132000,2,0,1,South,Graduate,1580,12,45,1,0,1011.59,1,0,0
HG01573,60,102200,2,0,1,West,Bachelor's,1160,7,23,0,0,952.76,0,0,0
HG01574,64,60100,2,0,0,Northeast,Some college/associate,880,9,23,1,0,614.65,0,0,0
HG01575,60,68200,1,0,1,South,Some college/associate,960,8,41,6,0.210526316,1116.39,1,1,415.59
HG01576,68,70500,1,0,0,Midwest,Bachelor's,1350,5,22,7,0.416666667,864.88,0,0,0
HG01577,64,78700,2,0,1,Northeast,High school or less,2290,0,0,41,0,1246.89,1,0,0
HG01578,50,34900,3,1,0,West,High school or less,1270,0,0,77,0,682.78,0,0,0
HG01579,41,54700,4,1,1,Northeast,High school or less,2630,0,0,61,0,1067.71,0,0,0
HG01580,58,31400,6,0,1,Midwest,High school or less,1960,6,13,10,0,1045.02,0,0,0
HG01581,41,119000,4,1,0,South,Bachelor's,2280,5,5,1,0,1072.37,0,0,0
HG01582,59,120900,4,0,1,West,Bachelor's,1710,7,22,1,0,1170.35,1,0,0
HG01583,30,57600,2,0,0,Midwest,Some college/associate,1160,5,22,4,0,1128.89,1,1,150.28
HG01584,34,36700,3,2,1,West,High school or less,1610,6,15,2,0,896.41,1,1,243.36
HG01585,59,62800,3,0,1,South,Bachelor's,,0,0,76,0,1083.73,0,0,0
HG01586,78,142900,4,0,1,Midwest,Bachelor's,2100,6,27,0,0.411764706,1193.71,0,0,0
HG01587,64,96100,1,0,0,South,Bachelor's,1110,5,16,0,0,970.85,0,1,246.76
HG01588,21,87700,3,0,0,West,Some college/associate,1480,12,24,1,0,1100.01,1,0,0
HG01589,42,138000,2,1,0,Midwest,Bachelor's,1330,6,12,1,0,968.32,1,0,0
HG01590,22,68300,2,0,1,West,High school or less,2040,8,18,3,0,965.2,0,0,0
HG01591,49,111900,2,0,1,Northeast,Bachelor's,2090,4,14,9,0.409090909,867.23,0,0,0
HG01592,70,65500,1,0,1,South,Some college/associate,1680,4,6,9,0,1011.2,0,0,0
HG01593,56,74800,2,0,0,Northeast,Bachelor's,1190,1,4,2,0,1240.08,0,0,0
HG01594,23,23100,2,0,0,Northeast,High school or less,1320,0,0,91,0,801.61,0,0,0
HG01595,50,73400,1,0,1,Midwest,High school or less,1060,4,4,17,0,959.9,0,1,96.01
HG01596,55,35800,2,0,1,Midwest,Some college/associate,1420,12,36,0,0,754,0,0,0
HG01597,38,90900,5,3,1,South,Some college/associate,2830,0,0,53,0,1299.76,1,0,0
HG01598,45,62300,2,0,1,West,Some college/associate,1870,8,26,0,0,936.98,1,0,0
HG01599,45,73100,3,2,1,West,High school or less,3050,0,0,49,0,1029.47,0,0,0
HG01600,41,176400,2,0,1,South,Bachelor's,1760,3,9,2,0,1359.78,0,0,0
HG01601,57,56200,1,0,1,Northeast,High school or less,1770,0,0,64,0,531.67,1,0,0
HG01602,37,121400,2,0,1,South,Some college/associate,2560,7,23,2,0,885.05,0,0,0
HG01603,56,158500,1,0,1,South,Some college/associate,1350,2,3,7,0,1085.36,1,0,0
HG01604,53,80800,3,0,1,South,Bachelor's,2230,0,0,107,0,1088.91,1,1,98.96
HG01605,59,78400,2,0,1,Northeast,Some college/associate,1260,8,30,0,0.35,688.97,0,0,0
HG01606,59,104000,2,0,1,Northeast,Graduate,1620,3,9,5,0.473684211,1071.03,1,0,0
HG01607,46,105500,1,0,0,Northeast,Some college/associate,1400,8,29,2,0.529411765,821.34,0,0,0
HG01608,46,118400,2,1,0,South,Bachelor's,1840,12,44,0,0,1054.62,0,0,0
HG01609,51,72900,1,0,1,Northeast,Bachelor's,1400,3,7,2,0,909.79,0,0,0
HG01610,29,92700,2,0,0,West,Some college/associate,1430,11,17,1,0,1233.65,0,0,0
HG01611,38,47700,2,1,1,West,High school or less,1910,4,15,1,0,638.74,0,0,0
HG01612,63,97500,2,1,1,Northeast,High school or less,1220,4,11,8,0.285714286,827.5,1,1,23.01
HG01613,32,80500,1,0,0,Northeast,Some college/associate,1450,8,39,1,0,788.71,1,0,0
HG01614,39,73800,5,1,1,Midwest,Bachelor's,3390,7,18,0,0,1164.31,0,1,116.68
HG01615,38,36600,1,0,1,South,High school or less,920,5,24,2,0,607.06,0,0,0
HG01616,25,66400,2,0,0,Midwest,High school or less,1290,10,27,2,0,804.62,1,0,0
HG01617,53,125400,3,0,1,Midwest,Bachelor's,1640,10,22,1,0,1268.47,0,1,42.72
HG01618,47,140700,1,0,1,West,Bachelor's,2440,4,11,1,0,1143.45,0,0,0
HG01619,56,120800,2,0,1,West,Bachelor's,1290,25,66,2,0,1136.2,1,1,260.21
HG01620,44,77100,4,2,0,Northeast,High school or less,2800,0,0,62,0,814.97,0,0,0
HG01621,51,90800,1,0,1,Northeast,Graduate,1070,4,20,10,0.230769231,953.7,1,0,0
HG01622,50,123200,1,0,1,Northeast,Some college/associate,1550,8,35,4,0,637.85,1,0,0
HG01623,41,135600,2,0,1,South,Graduate,,3,6,10,0,993.61,0,0,0
HG01624,43,55400,1,0,0,South,Some college/associate,1070,1,7,6,0,845.98,0,1,135.01
HG01625,40,147000,3,0,1,Midwest,Bachelor's,2560,4,17,1,0,1252.91,1,0,0
HG01626,37,161700,5,2,0,South,Bachelor's,,10,31,0,0,1093.64,1,0,0
HG01627,35,64400,1,0,0,South,Bachelor's,1400,4,8,9,0,767.07,1,0,0
HG01628,46,43700,2,0,1,West,High school or less,1100,0,0,137,0,921.75,0,0,0
HG01629,23,71500,4,0,1,South,Graduate,3450,0,0,55,0,996.56,1,0,0
HG01630,55,28200,1,0,0,West,High school or less,820,2,9,8,0,714.49,0,0,0
HG01631,36,114900,3,1,1,Northeast,Some college/associate,1460,10,29,5,0,1150.35,0,1,250.89
HG01632,49,37100,3,1,1,South,Some college/associate,2150,0,0,72,0,1005.76,0,0,0
HG01633,54,76800,2,0,1,West,Some college/associate,2450,0,0,161,0,1046.15,1,0,0
HG01634,50,47700,4,3,0,South,High school or less,2100,5,19,2,0,1072.38,1,0,0
HG01635,39,123100,2,1,0,Midwest,Bachelor's,1570,9,29,3,0,1081.62,0,0,0
HG01636,37,67900,1,0,1,Midwest,Graduate,2110,0,0,63,0,928.06,0,0,0
HG01637,54,30000,3,0,1,Midwest,High school or less,1740,0,0,63,0,952.1,1,0,0
HG01638,66,76600,2,0,1,South,High school or less,1580,5,17,5,0,934.35,0,0,0
HG01639,53,80800,5,0,1,Midwest,Some college/associate,2260,6,14,3,0,1119.66,0,0,0
HG01640,65,53300,1,0,0,South,High school or less,1750,5,11,2,0,796.34,0,0,0
HG01641,41,59400,4,1,0,South,High school or less,2660,0,0,42,0,970.48,1,1,120.48
HG01642,45,89700,3,1,1,South,Bachelor's,2170,12,27,2,0,1448.37,0,0,0
HG01643,23,31800,1,0,0,South,Some college/associate,800,4,9,1,0,872.1,1,0,0
HG01644,34,56300,2,1,1,Midwest,High school or less,1530,0,0,71,0,895.94,1,0,0
HG01645,56,84200,2,0,1,Northeast,Some college/associate,2410,0,0,57,0,1140.51,1,0,0
HG01646,45,23300,3,0,1,South,High school or less,2410,0,0,41,0,776.15,0,0,0
HG01647,31,127100,3,1,0,West,Bachelor's,1630,16,40,0,0,1126.62,0,1,169.09
HG01648,38,90200,5,1,0,South,Graduate,1880,5,14,4,0,1272.59,0,0,0
HG01649,45,50900,2,0,1,South,High school or less,1670,10,34,6,0,947.64,0,0,0
HG01650,42,38700,1,0,1,South,High school or less,1510,0,0,41,0,772.25,1,0,0
HG01651,52,45200,2,1,0,South,Some college/associate,1620,0,0,79,0,930.09,0,0,0
HG01652,23,30100,3,1,0,West,High school or less,3020,0,0,59,0,858.46,1,0,0
HG01653,23,34600,3,1,1,Midwest,High school or less,1870,0,0,113,0,948.35,0,0,0
HG01654,50,128000,1,0,1,South,Bachelor's,1750,7,16,10,0,1204.52,0,0,0
HG01655,57,131900,1,0,0,West,Some college/associate,1040,6,13,9,0,1099.82,1,0,0
HG01656,38,55600,2,0,1,West,High school or less,1530,0,0,89,0,791.06,1,0,0
HG01657,50,199500,2,1,1,Midwest,Bachelor's,1660,9,24,0,0,1138,0,0,0
HG01658,53,125800,2,0,1,West,Bachelor's,1350,8,20,2,0,1111.19,1,0,0
HG01659,36,174500,4,3,1,Midwest,Graduate,2570,8,21,4,0,1444.91,1,1,234.04
HG01660,45,89700,2,0,1,South,Some college/associate,1550,8,28,1,0.263157895,1008.3,0,0,0
HG01661,33,129100,6,1,0,Northeast,Bachelor's,2340,9,30,9,0,1203.76,0,0,0
HG01662,34,48600,2,1,1,South,High school or less,980,3,7,2,0,773.4,1,0,0
HG01663,72,106400,2,0,1,South,Graduate,2390,5,5,0,0,1116.26,1,0,0
HG01664,43,103800,3,1,1,South,Bachelor's,2820,0,0,57,0,966.94,1,0,0
HG01665,51,159700,2,1,0,Midwest,Graduate,1780,8,16,2,0,1042.55,0,1,190.96
HG01666,32,123000,3,1,0,West,Some college/associate,1300,5,19,4,0,960.35,1,0,0
HG01667,48,205600,3,2,1,Midwest,Graduate,1910,6,15,11,0,1529.2,1,0,0
HG01668,20,40000,5,1,0,Midwest,High school or less,2270,8,30,3,0,676.67,1,0,0
HG01669,46,68100,2,0,1,West,Some college/associate,1590,4,11,4,0,762.2,1,0,0
HG01670,51,91100,2,0,1,South,High school or less,2000,3,20,14,0,930.17,1,0,0
HG01671,59,92900,4,0,1,Midwest,Bachelor's,3970,0,0,100,0,1127.94,0,0,0
HG01672,49,121400,2,1,1,Midwest,Graduate,2180,9,29,1,0,1158.58,0,0,0
HG01673,29,36400,4,1,1,Midwest,High school or less,2650,0,0,54,0,994.47,0,0,0
HG01674,39,93100,4,0,1,West,High school or less,2120,13,47,3,0,637.79,0,0,0
HG01675,37,44900,4,1,1,South,High school or less,1960,0,0,89,0,813.92,1,0,0
HG01676,34,94800,2,1,0,West,Bachelor's,1090,5,15,1,0,934.29,1,0,0
HG01677,52,157300,5,2,0,West,Bachelor's,2480,8,18,1,0,1201.61,1,0,0
HG01678,21,57400,1,0,1,South,Bachelor's,1350,7,26,6,0,961.54,0,0,0
HG01679,60,132800,2,0,1,South,Graduate,2850,0,0,60,0,1055.24,1,1,118.58
HG01680,49,73800,1,0,1,West,Bachelor's,1200,8,20,1,0,1037.27,0,0,0
HG01681,63,78300,3,0,1,Northeast,High school or less,2500,6,16,4,0,1062.68,1,0,0
HG01682,43,126200,1,0,1,South,Bachelor's,2700,5,16,5,0,1308.15,0,1,157.79
HG01683,40,164400,2,1,1,West,Graduate,2480,5,9,0,0.352941176,1054.4,0,0,0
HG01684,47,46400,1,0,0,South,High school or less,1070,7,27,5,0,870.42,0,0,0
HG01685,54,105700,1,0,1,Northeast,Bachelor's,1350,12,35,3,0,877.18,0,0,0
HG01686,27,66300,1,0,1,Midwest,Some college/associate,1630,4,10,3,0,658.27,0,0,0
HG01687,38,22500,2,1,1,Midwest,High school or less,1420,6,11,4,0,826.97,1,0,0
HG01688,18,65600,2,0,1,South,High school or less,1110,9,22,0,0,681.12,1,0,0
HG01689,57,102300,1,0,1,West,Some college/associate,1580,8,30,0,0,923.56,0,0,0
HG01690,72,88500,4,0,0,West,Bachelor's,2860,4,14,2,0.333333333,838.81,1,0,0
HG01691,33,79000,3,2,1,South,Some college/associate,2040,8,34,7,0,801.83,0,0,0
HG01692,59,108000,2,0,1,Midwest,Graduate,1910,4,8,5,0.214285714,1107.98,0,0,0
HG01693,58,92900,1,0,0,Midwest,High school or less,1460,9,34,6,0,901.24,0,0,0
HG01694,34,98800,4,1,0,Midwest,Bachelor's,1900,12,31,1,0,681.99,0,0,0
HG01695,63,109900,3,0,0,West,Bachelor's,3100,0,0,127,0,766.61,0,0,0
HG01696,69,188700,1,0,1,Northeast,Bachelor's,1750,2,4,7,0.458333333,788.31,0,0,0
HG01697,70,79200,2,0,1,West,Some college/associate,1660,0,0,131,0,1112.89,1,0,0
HG01698,37,75100,4,0,1,Midwest,Bachelor's,2150,16,39,1,0,946.79,0,0,0
HG01699,55,199200,1,0,1,West,Bachelor's,1420,4,16,9,0,1144.16,1,0,0
HG01700,45,38100,1,0,1,West,High school or less,740,6,12,0,0,782.86,1,0,0
HG01701,36,51900,3,2,1,South,High school or less,1870,0,0,67,0,1075.43,0,1,167.42
HG01702,63,62800,2,0,1,Midwest,High school or less,1780,5,16,13,0,1206.93,0,0,0
HG01703,51,231800,4,2,1,South,Bachelor's,2430,7,11,1,0,1539.37,0,0,0
HG01704,41,71000,4,1,1,Midwest,Some college/associate,2860,0,0,43,0,969.02,0,0,0
HG01705,59,79200,2,0,1,Northeast,High school or less,2030,6,22,0,0,1132.62,1,0,0
HG01706,30,117800,4,1,1,Midwest,Bachelor's,3480,13,40,1,0,1196.86,1,0,0
HG01707,68,138900,3,0,1,South,Graduate,1710,6,25,2,0,1125.7,1,0,0
HG01708,71,116600,6,1,1,South,Bachelor's,3780,2,4,26,0,1396.46,0,1,72.9
HG01709,41,78900,3,2,0,Northeast,Bachelor's,1360,2,5,11,0,969.96,1,0,0
HG01710,44,117300,3,1,1,Northeast,Bachelor's,1530,4,11,0,0,1158.67,0,0,0
HG01711,56,216000,1,0,1,South,Bachelor's,2020,7,9,6,0,1025.39,1,0,0
HG01712,46,97900,4,2,0,South,Some college/associate,2160,8,12,1,0,1017.26,0,0,0
HG01713,34,129100,1,0,1,South,High school or less,1550,4,14,2,0,1006.76,0,0,0
HG01714,55,98900,3,0,1,Midwest,Some college/associate,2490,0,0,130,0,1236.34,0,0,0
HG01715,60,32700,6,0,0,Northeast,Some college/associate,1750,5,14,16,0.260869565,1023.76,1,0,0
HG01716,33,179500,3,1,1,West,Bachelor's,2310,14,34,2,0,1326.72,0,0,0
HG01717,74,107000,1,0,1,Northeast,Bachelor's,2590,10,33,2,0.368421053,1153.69,1,0,0
HG01718,42,80500,2,1,1,Midwest,Bachelor's,1980,0,0,87,0,716.93,1,0,0
HG01719,53,136300,1,0,0,Midwest,Graduate,1070,6,34,1,0,789.61,1,0,0
HG01720,53,74500,1,0,1,Midwest,Graduate,1000,6,13,0,0,1107.52,1,0,0
HG01721,37,69200,2,1,0,Northeast,Graduate,1650,7,24,5,0,1107.31,0,0,0
HG01722,59,106000,2,0,0,West,Some college/associate,1440,4,19,1,0,1110.56,1,0,0
HG01723,24,167900,2,0,0,South,Bachelor's,1950,2,8,16,0,1134.6,0,0,0
HG01724,26,133300,5,1,0,Midwest,Some college/associate,1470,9,25,1,0,890.03,0,0,0
HG01725,40,86100,3,1,1,South,Some college/associate,2000,9,25,1,0,919.85,0,1,89.84
HG01726,25,53400,4,1,0,Midwest,High school or less,2320,0,0,63,0,1219.52,1,0,0
HG01727,58,59000,3,0,0,Northeast,Some college/associate,,7,19,9,0,667.87,0,0,0
HG01728,55,63200,1,0,0,Midwest,High school or less,780,13,47,3,0,695.93,0,0,0
HG01729,32,98300,3,1,0,Northeast,Bachelor's,3230,0,0,103,0,1045.59,0,1,370.48
HG01730,49,125200,1,0,1,Northeast,Bachelor's,1080,6,9,11,0,1119.47,0,0,0
HG01731,50,44800,2,1,1,Midwest,High school or less,1930,0,0,54,0,807.7,1,0,0
HG01732,64,82100,2,1,1,Midwest,Bachelor's,2340,0,0,74,0,1110.67,1,1,51.37
HG01733,39,113000,3,0,1,Midwest,Graduate,1330,9,18,3,0,1073.03,0,1,160.35
HG01734,44,150600,1,0,1,West,Bachelor's,1730,7,27,0,0,1057.81,0,1,260.21
HG01735,50,109300,3,2,1,South,Some college/associate,1760,9,20,0,0,1058.84,1,0,0
HG01736,72,74500,6,0,1,Northeast,High school or less,4330,7,21,0,0.25,1222.53,1,1,38.92
HG01737,24,59200,3,0,1,South,Bachelor's,1790,0,0,115,0,1005.82,0,0,0
HG01738,40,101700,4,0,1,Midwest,Some college/associate,980,12,25,3,0,1025.4,1,1,64.17
HG01739,31,77100,2,1,1,West,Bachelor's,1910,7,23,0,0,918.76,1,1,84.2
HG01740,28,75500,4,0,0,West,Some college/associate,2440,11,30,3,0,972.27,1,0,0
HG01741,39,74300,1,0,1,Midwest,Some college/associate,1320,5,13,7,0,781.23,0,0,0
HG01742,47,70000,3,1,0,South,Some college/associate,1880,0,0,91,0,1059.07,0,0,0
HG01743,37,84100,1,0,1,Northeast,Some college/associate,1790,1,4,23,0.315789474,952.39,1,0,0
HG01744,24,86500,2,0,1,West,Bachelor's,1800,15,31,4,0,1034.79,0,1,45.54
HG01745,72,100300,2,0,1,West,Bachelor's,1410,10,30,1,0,1248.1,1,1,378.26
HG01746,58,155700,1,0,1,Northeast,Graduate,2780,7,26,15,0,1366.84,1,0,0
HG01747,31,93500,2,0,0,South,Bachelor's,1930,5,12,0,0,943.64,1,0,0
HG01748,28,29700,3,0,1,West,High school or less,1280,6,17,4,0,944.33,0,0,0
HG01749,46,350000,1,0,1,South,Graduate,2860,6,20,3,0,1796.98,0,1,70.05
HG01750,53,84300,2,0,1,South,Bachelor's,1490,30,65,0,0,905.04,0,0,0
HG01751,25,55400,2,0,0,South,High school or less,1800,0,0,80,0,655.57,1,0,0
HG01752,35,43800,4,1,0,South,Some college/associate,940,11,35,0,0,597.57,0,0,0
HG01753,66,60600,2,0,1,West,Some college/associate,1810,2,9,19,0,1149.98,0,0,0
HG01754,31,120500,2,1,1,Midwest,Graduate,1860,5,13,5,0,978.94,0,0,0
HG01755,58,144800,1,0,1,Midwest,Bachelor's,1660,3,2,7,0.230769231,1095.73,1,1,297.98
HG01756,54,41900,3,0,1,Midwest,High school or less,3450,0,0,69,0,727.35,1,0,0
HG01757,34,21200,3,1,0,Midwest,High school or less,630,7,25,1,0,648.76,0,0,0
HG01758,56,112300,2,1,0,Northeast,Graduate,1310,8,13,9,0,1087.17,0,0,0
HG01759,54,73000,1,0,1,Midwest,Some college/associate,1410,4,18,1,0,894.24,1,0,0
HG01760,31,105100,2,1,1,South,Some college/associate,2120,4,7,1,0,1103.14,1,0,0
HG01761,64,106200,2,0,1,South,Some college/associate,2300,5,22,4,0.375,1302.1,1,1,166.47
HG01762,25,34900,2,1,0,West,Some college/associate,870,0,0,70,0,897.68,1,0,0
HG01763,48,119600,1,0,0,Midwest,Graduate,2130,2,8,10,0,1204.51,0,0,0
HG01764,59,51700,1,0,1,West,High school or less,1180,5,20,4,0.318181818,1036.82,1,1,177.54
HG01765,60,68700,2,0,0,West,Some college/associate,1900,9,33,2,0.444444444,1077.9,0,1,158.98
HG01766,66,67800,1,0,0,South,High school or less,1450,4,19,1,0,821.97,1,0,0
HG01767,79,,1,0,1,Midwest,Bachelor's,1560,7,32,0,0,1160.45,0,1,152.71
HG01768,53,110100,3,2,1,South,Bachelor's,2500,8,20,1,0,1299.36,0,0,0
HG01769,38,39200,3,0,1,Northeast,High school or less,1380,0,0,44,0,764.13,0,0,0
HG01770,52,129800,1,0,0,Northeast,Some college/associate,1440,8,33,1,0.05,1004.78,1,0,0
HG01771,47,147700,2,0,1,Northeast,Bachelor's,1590,11,20,1,0,1371.32,0,0,0
HG01772,34,35900,1,0,0,Midwest,High school or less,760,3,5,22,0,698.65,0,0,0
HG01773,37,53300,3,1,0,Northeast,High school or less,2300,0,0,55,0,794.62,1,1,161.09
HG01774,57,321200,1,0,1,South,Graduate,2170,8,15,7,0,1714.19,0,1,146.27
HG01775,34,66900,3,0,0,South,Bachelor's,2020,3,2,1,0.291666667,1158.24,0,0,0
HG01776,52,97800,3,1,0,Northeast,Graduate,1070,4,11,6,0,1145.53,1,0,0
HG01777,20,91300,2,1,1,West,Some college/associate,2230,5,4,1,0,1180.45,0,1,452.84
HG01778,40,57000,3,2,1,West,Graduate,1630,0,0,59,0,923.89,0,0,0
HG01779,43,72800,3,0,1,Northeast,Bachelor's,2080,0,0,71,0,763.66,1,0,0
HG01780,47,43900,2,1,1,South,Graduate,870,15,45,0,0.153846154,718.42,0,0,0
HG01781,50,101900,4,1,0,West,Bachelor's,1740,10,31,0,0,1119.69,1,0,0
HG01782,45,31100,2,1,1,South,High school or less,2290,0,0,107,0,722.23,1,1,52.12
HG01783,56,350000,2,0,1,Midwest,Bachelor's,1730,10,23,0,0,1696.9,0,1,53.67
HG01784,40,286100,3,0,1,Midwest,Graduate,2220,15,40,0,0,1641.3,1,0,0
HG01785,46,,6,1,1,West,Some college/associate,1940,17,83,2,0,761.82,0,0,0
HG01786,30,27900,2,1,0,West,High school or less,1210,0,0,71,0,695.94,0,0,0
HG01787,35,36400,2,0,0,South,Some college/associate,870,0,0,89,0,1165.19,0,0,0
HG01788,57,41100,2,1,1,Northeast,Some college/associate,1430,4,15,0,0.333333333,860.73,1,0,0
HG01789,54,55700,1,0,0,Northeast,High school or less,1420,5,17,2,0.333333333,676.14,0,0,0
HG01790,62,143200,3,0,1,Northeast,Bachelor's,2280,7,25,0,0,1259.38,1,0,0
HG01791,27,51400,4,3,1,South,Some college/associate,1650,16,59,2,0,954.4,0,1,263.19
HG01792,70,88900,1,0,0,South,Bachelor's,1450,3,13,5,0,936.77,1,0,0
HG01793,35,41300,2,0,1,West,Some college/associate,1730,0,0,69,0,968.49,0,0,0
HG01794,29,59600,4,2,0,South,High school or less,1790,8,19,2,0,971.63,1,1,67.82
HG01795,39,44800,2,1,1,Northeast,Bachelor's,930,12,26,2,0,704.71,0,0,0
HG01796,55,83200,1,0,1,Northeast,Some college/associate,1060,4,11,11,0.142857143,1099.91,0,0,0
HG01797,69,90600,2,0,0,South,Some college/associate,,12,37,0,0,833.5,0,1,73.86
HG01798,38,78200,1,0,0,South,Bachelor's,970,9,17,0,0,964.08,0,1,264.34
HG01799,48,75400,1,0,0,West,Some college/associate,1090,4,17,1,0,781.7,0,0,0
HG01800,31,17900,4,0,0,South,High school or less,780,13,38,4,0,850.38,1,0,0
HG01801,26,81300,4,1,1,West,High school or less,1200,10,25,1,0,927.81,1,1,192.54
HG01802,25,53400,2,0,0,Midwest,Some college/associate,1270,10,45,0,0,756.73,1,0,0
HG01803,54,81400,1,0,0,South,Bachelor's,1390,6,36,2,0,832.44,0,1,77.36
HG01804,30,41300,4,2,1,South,High school or less,1470,7,22,16,0,739.4,1,0,0
HG01805,65,77400,1,0,1,Midwest,Some college/associate,1380,2,4,4,0,930.75,1,1,69.63
HG01806,39,44600,2,0,1,South,High school or less,1720,12,38,0,0,698.2,1,0,0
HG01807,39,75800,2,0,1,West,Some college/associate,1370,8,21,6,0,920.87,0,0,0
HG01808,50,52800,3,0,1,South,High school or less,1650,12,45,0,0,1122.81,0,0,0
HG01809,45,60700,2,0,1,South,Some college/associate,1440,0,0,76,0,908.04,0,0,0
HG01810,39,36500,4,1,0,West,High school or less,3030,0,0,52,0,936.01,1,0,0
HG01811,60,62800,4,1,1,West,Some college/associate,3400,0,0,63,0,804.23,0,0,0
HG01812,41,97600,4,2,1,West,Some college/associate,2860,6,25,7,0,1256.36,1,0,0
HG01813,38,183400,5,3,1,South,Graduate,1610,9,21,2,0,1547.5,1,1,331.68
HG01814,42,151600,2,0,0,Midwest,Some college/associate,1850,5,10,15,0,886.61,0,0,0
HG01815,44,223700,3,0,1,South,Bachelor's,1940,8,18,5,0,1218.11,1,1,67.82
HG01816,40,112300,2,0,1,South,Bachelor's,1570,3,10,6,0,1129.53,0,0,0
HG01817,44,35400,2,1,0,South,High school or less,1410,0,0,85,0,508.22,0,0,0
HG01818,74,101500,1,0,0,South,Some college/associate,1970,9,48,3,0.461538462,1138.9,0,0,0
HG01819,35,68400,1,0,1,South,Bachelor's,1400,4,8,1,0,829.3,1,0,0
HG01820,37,198600,2,0,1,Midwest,Bachelor's,2000,24,57,0,0,1044.65,0,0,0
HG01821,47,50700,2,0,1,Northeast,Some college/associate,2190,0,0,70,0,1110.08,0,1,272.28
HG01822,39,107000,6,4,1,South,Graduate,2900,4,10,1,0,1244.92,0,0,0
HG01823,50,57200,2,0,0,Northeast,High school or less,1410,10,58,5,0.4,727.74,1,0,0
HG01824,61,40400,1,0,1,South,Some college/associate,890,0,0,86,0,925.61,0,0,0
HG01825,54,,2,0,0,Midwest,Bachelor's,1420,9,28,1,0,1328.9,1,1,255.75
HG01826,51,63100,5,2,1,Midwest,High school or less,4150,0,0,82,0,1176.44,1,0,0
HG01827,40,51500,1,0,1,West,High school or less,1340,7,33,4,0,509.39,0,0,0
HG01828,52,96900,1,0,1,West,Graduate,1530,5,25,2,0.153846154,1116.89,1,1,497.1
HG01829,65,104300,2,0,0,South,Bachelor's,1270,8,35,0,0,901.51,1,0,0
HG01830,39,85900,3,1,0,Northeast,High school or less,1440,2,4,5,0,729.84,1,0,0
HG01831,46,211500,1,0,1,South,Graduate,1780,6,22,0,0,1278.35,0,0,0
HG01832,36,231000,2,1,1,South,Graduate,1820,10,21,3,0,1229.04,0,1,75.94
HG01833,36,,2,1,1,Midwest,Graduate,2090,3,6,1,0,1029.39,0,0,0
HG01834,44,37100,5,1,1,Northeast,High school or less,2940,0,0,50,0,1110.22,0,0,0
HG01835,30,232600,2,1,1,Northeast,Graduate,1400,8,18,0,0,1261.07,0,0,0
HG01836,71,55400,2,0,1,Midwest,High school or less,2260,5,14,5,0,750.75,0,0,0
HG01837,53,,2,0,1,Midwest,Some college/associate,1330,0,0,51,0,791.19,0,0,0
HG01838,47,36700,4,2,0,Midwest,High school or less,1160,5,14,1,0,823.77,1,0,0
HG01839,39,151400,2,1,1,West,Bachelor's,1390,6,16,6,0,806.68,1,0,0
HG01840,66,70100,4,0,1,South,Bachelor's,1930,0,0,81,0,405.91,1,0,0
HG01841,51,131600,4,2,0,South,Bachelor's,1940,5,12,4,0,982.6,0,0,0
HG01842,55,72900,2,1,1,West,Some college/associate,1460,0,0,52,0,1195.67,0,0,0
HG01843,37,45800,2,1,0,South,High school or less,1100,8,22,9,0,477.8,0,0,0
HG01844,48,87300,1,0,0,South,Graduate,1160,0,0,61,0,988.46,1,0,0
HG01845,62,118000,2,0,0,Midwest,Some college/associate,1540,9,31,2,0,1158.37,1,1,164.16
HG01846,53,180500,5,0,1,South,Graduate,1670,8,16,1,0,1693.37,0,1,490.78
HG01847,43,53900,4,2,1,Midwest,Some college/associate,1800,8,15,0,0,958,0,0,0
HG01848,37,27500,2,0,0,South,High school or less,1460,0,0,54,0,843.75,0,0,0
HG01849,63,125900,3,0,1,Midwest,Bachelor's,1840,6,24,3,0,948.19,0,1,72.76
HG01850,61,71500,1,0,1,West,High school or less,1230,4,10,2,0.227272727,923.01,0,0,0
HG01851,36,62500,1,0,1,Midwest,Some college/associate,1680,3,16,2,0.166666667,853.27,1,0,0
HG01852,29,17800,2,1,1,South,High school or less,1250,0,0,50,0,654.88,1,0,0
HG01853,43,91500,2,1,1,South,Graduate,870,7,10,3,0,639.55,1,0,0
HG01854,48,50300,2,1,1,South,High school or less,2110,0,0,66,0,978.08,1,0,0
HG01855,53,176500,3,0,0,South,Some college/associate,1660,6,15,3,0,1026.76,0,0,0
HG01856,35,91800,3,2,0,South,High school or less,1560,5,6,14,0,795.79,0,0,0
HG01857,52,110700,5,2,0,Northeast,Bachelor's,2210,9,20,2,0,1160.66,1,0,0
HG01858,27,78200,2,0,1,Northeast,Some college/associate,1750,6,27,3,0,818.08,1,1,159.19
HG01859,36,102500,6,3,0,Midwest,Graduate,3380,0,0,42,0,1396.97,1,0,0
HG01860,48,37500,2,1,0,Midwest,High school or less,1130,0,0,108,0,705.13,1,0,0
HG01861,50,199000,3,1,1,South,Graduate,1360,2,3,3,0,1403.45,1,1,68.73
HG01862,45,110200,1,0,1,Northeast,Bachelor's,1000,5,8,3,0,787.46,0,0,0
HG01863,45,153400,6,1,1,Midwest,Some college/associate,4480,4,8,8,0,1363.33,0,0,0
HG01864,42,99900,4,1,1,South,Bachelor's,3130,18,40,0,0,1139.05,1,0,0
HG01865,55,23600,3,0,1,South,Some college/associate,2500,0,0,78,0,1062.97,1,0,0
HG01866,67,52500,4,0,0,Midwest,High school or less,1170,7,30,0,0,792.42,1,0,0
HG01867,52,42700,2,0,1,South,Some college/associate,1470,7,22,1,0.333333333,936.81,1,0,0
HG01868,34,65100,3,1,0,South,High school or less,2300,0,0,100,0,704.97,0,0,0
HG01869,56,80400,1,0,1,South,Some college/associate,1340,5,18,7,0,955.67,1,0,0
HG01870,73,49800,2,0,1,South,High school or less,1320,3,15,7,0,974.99,1,0,0
HG01871,55,64800,1,0,1,Midwest,Some college/associate,1740,3,13,7,0,889.23,0,1,132.45
HG01872,57,65000,6,1,0,Northeast,Bachelor's,2990,7,25,9,0.217391304,1158.36,1,0,0
HG01873,58,141700,1,0,1,Northeast,Bachelor's,1690,8,28,0,0.25,1115.24,0,0,0
HG01874,62,76900,4,0,1,West,Some college/associate,1870,0,0,147,0,910.85,0,0,0
HG01875,78,56000,1,0,1,Midwest,High school or less,1700,0,0,104,0,796.09,1,0,0
HG01876,52,130600,1,0,1,South,Bachelor's,,11,39,1,0,1095.35,0,0,0
HG01877,39,59600,2,0,0,Northeast,Some college/associate,1470,0,0,72,0,882.58,0,0,0
HG01878,41,44700,2,1,0,Northeast,Bachelor's,1740,0,0,95,0,892.73,1,0,0
HG01879,62,95600,3,0,1,South,High school or less,1680,9,34,4,0,1238.97,0,0,0
HG01880,52,58000,2,1,1,West,Bachelor's,2290,3,7,12,0.466666667,1031.56,0,1,154.67
HG01881,39,181600,5,3,0,West,Bachelor's,2050,9,17,0,0,1227.85,0,0,0
HG01882,50,80600,3,1,1,Midwest,Some college/associate,1190,9,36,2,0,903.07,1,0,0
HG01883,36,77700,2,1,1,Northeast,Some college/associate,1060,3,5,2,0,860.53,0,0,0
HG01884,31,83800,4,2,0,Midwest,Bachelor's,1240,17,47,0,0,820.36,1,0,0
HG01885,68,100300,5,0,1,Northeast,Graduate,2290,0,0,74,0,1284.51,1,0,0
HG01886,59,48300,4,1,0,Midwest,Some college/associate,2070,0,0,57,0,1207.14,1,0,0
HG01887,41,81100,1,0,0,South,Some college/associate,1440,13,41,1,0.25,1036.37,0,1,103.92
HG01888,57,137300,3,0,1,South,Bachelor's,1680,9,19,1,0,1154.3,1,1,239.68
HG01889,36,124200,2,1,1,South,Bachelor's,1400,10,27,2,0.7,1003.63,1,1,166.32
HG01890,30,71500,2,1,1,South,Bachelor's,1430,10,27,1,0.416666667,892.91,0,0,0
HG01891,52,207600,2,1,1,Midwest,Graduate,1760,4,10,0,0,982.67,0,0,0
HG01892,49,116100,3,1,1,Midwest,Bachelor's,1240,16,47,1,0,1061.13,0,0,0
HG01893,31,33100,1,0,0,Midwest,High school or less,750,0,0,86,0,412.82,1,0,0
HG01894,57,49300,2,0,0,South,Bachelor's,1220,4,13,0,0,1387.85,1,1,850.95
HG01895,33,110200,1,0,1,West,Some college/associate,1730,5,13,1,0,664.63,1,0,0
HG01896,59,85300,1,0,1,South,Bachelor's,1310,4,22,4,0.454545455,1107.12,1,0,0
HG01897,58,74300,1,0,1,South,Some college/associate,,5,19,0,0,869.4,0,0,0
HG01898,78,113000,1,0,1,South,High school or less,1410,10,42,1,0,1048.76,0,0,0
HG01899,57,70800,1,0,1,South,High school or less,1010,2,6,7,0,1122.97,0,0,0
HG01900,53,51700,1,0,1,South,High school or less,810,7,22,1,0.111111111,847.48,1,0,0
HG01901,53,81500,4,1,1,South,Bachelor's,1660,3,11,16,0,994.21,0,0,0
HG01902,30,,3,1,1,South,Some college/associate,2160,0,0,71,0,964.38,0,0,0
HG01903,58,92200,1,0,1,Northeast,Some college/associate,1350,7,24,2,0.153846154,1100.65,0,1,83.9
HG01904,45,115800,4,2,1,West,Bachelor's,2600,8,22,2,0,1053.8,0,1,89.12
HG01905,44,62200,1,0,0,South,Some college/associate,1370,0,0,74,0,795.43,1,0,0
HG01906,40,44000,1,0,0,Midwest,Some college/associate,760,10,24,0,0,532.07,0,1,48.07
HG01907,54,36500,5,0,1,Midwest,High school or less,1780,8,24,0,0,775.01,0,0,0
HG01908,59,38700,2,0,1,South,High school or less,1230,3,11,9,0,929.69,0,0,0
HG01909,36,115500,5,4,0,South,Some college/associate,1310,12,43,4,0,1166.12,1,1,71.25
HG01910,64,207300,2,1,1,South,Graduate,1930,5,11,3,0,1406.09,1,0,0
HG01911,36,44100,4,2,1,South,Some college/associate,2980,0,0,82,0,880.13,0,0,0
HG01912,25,28100,2,0,1,South,High school or less,1310,0,0,93,0,419.53,1,0,0
HG01913,25,21600,2,0,0,South,High school or less,750,7,22,0,0,542.03,0,0,0
HG01914,64,96800,1,0,1,Midwest,High school or less,1460,4,5,7,0,997.65,1,1,15
HG01915,56,152200,4,1,1,South,Bachelor's,2130,8,22,13,0,1194.73,0,0,0
HG01916,30,36500,5,2,0,South,High school or less,3690,0,0,47,0,1045.88,1,1,79.47
HG01917,41,109200,4,2,1,Midwest,Some college/associate,3120,0,0,55,0,1258.99,0,0,0
HG01918,59,75100,2,0,1,South,Some college/associate,1030,12,27,4,0,946.83,0,0,0
HG01919,43,78000,3,0,1,South,Some college/associate,1650,10,34,4,0,1068.9,0,0,0
HG01920,25,34600,6,0,1,West,Some college/associate,2580,0,0,98,0,744.58,0,0,0
HG01921,68,124400,4,0,1,South,Some college/associate,3150,6,16,1,0,1363.36,0,1,145.69
HG01922,58,98000,2,0,1,Midwest,Bachelor's,1940,0,0,44,0,973.71,0,0,0
HG01923,35,69000,1,0,1,Midwest,High school or less,1520,6,17,5,0,723.06,0,0,0
HG01924,45,52600,1,0,1,Midwest,High school or less,1250,10,30,1,0,862.36,1,0,0
HG01925,22,157500,2,0,1,South,Some college/associate,1840,7,33,4,0,1101.19,1,1,255.61
HG01926,52,57700,5,1,1,West,High school or less,2750,0,0,70,0,935,0,0,0
HG01927,40,79100,3,1,0,Northeast,Some college/associate,,8,18,0,0,1045.17,1,1,232.77
HG01928,45,124000,4,1,1,South,Bachelor's,1660,9,31,7,0,1119.64,0,0,0
HG01929,51,156400,2,0,1,South,Graduate,1480,5,15,2,0,1388.65,0,0,0
HG01930,29,40700,2,1,1,South,High school or less,1290,4,10,8,0,600.41,0,0,0
HG01931,38,228600,4,0,0,Northeast,Graduate,2450,18,48,1,0,1484.95,1,1,186.04
HG01932,48,67100,1,0,1,South,Some college/associate,1260,18,39,3,0,1098.99,0,0,0
HG01933,38,44300,1,0,0,South,High school or less,1420,6,19,9,0,739.78,1,0,0
HG01934,47,105400,3,1,0,South,High school or less,1880,7,24,2,0,739.89,0,0,0
HG01935,56,240300,2,1,1,Midwest,Bachelor's,2960,8,19,2,0,1197.26,0,0,0
HG01936,57,216800,5,2,1,South,Bachelor's,2230,14,32,1,0,1458.79,0,1,107.37
HG01937,47,70100,4,2,0,South,Some college/associate,1780,6,32,0,0,1022.8,0,0,0
HG01938,49,239400,2,1,1,West,Graduate,3300,9,25,1,0.5,1425.03,1,0,0
HG01939,43,123900,2,1,1,West,Bachelor's,1530,24,87,0,0,1273.67,0,0,0
HG01940,66,81900,2,0,1,South,Some college/associate,1960,3,5,19,0,1138.34,1,0,0
HG01941,36,41900,1,0,0,West,Some college/associate,940,6,28,10,0,862.27,0,1,22.95
HG01942,32,68400,4,1,0,South,Some college/associate,1240,11,55,0,0,888.07,0,0,0
HG01943,42,155500,2,0,0,Northeast,Bachelor's,1180,14,58,0,0,827.2,0,1,99.92
HG01944,45,90400,2,1,0,Northeast,Bachelor's,1250,16,48,1,0,913.91,0,0,0
HG01945,51,52000,5,3,1,Northeast,High school or less,2850,0,0,82,0,1179.84,1,1,101.61
HG01946,56,52800,4,0,0,West,High school or less,2650,0,0,113,0,683.83,0,0,0
HG01947,35,69900,3,2,1,West,High school or less,2060,7,35,14,0,1055.13,1,0,0
HG01948,32,37000,2,0,1,South,Some college/associate,1360,0,0,116,0,800.06,1,0,0
HG01949,44,103800,4,1,1,Northeast,Bachelor's,1610,9,18,4,0,968.94,1,0,0
HG01950,38,70900,2,0,0,West,Some college/associate,970,11,18,1,0,792.8,1,1,23.22
HG01951,36,54700,2,0,1,South,High school or less,800,14,39,1,0,1027.46,1,1,47.76
HG01952,48,49900,2,1,0,South,Bachelor's,1190,9,39,2,0,1122.05,1,0,0
HG01953,58,67900,3,1,1,West,High school or less,2370,0,0,54,0,902.64,1,0,0
HG01954,57,225500,4,1,1,South,Graduate,2400,16,32,0,0,1406.51,0,0,0
HG01955,69,91700,2,0,1,Midwest,Bachelor's,1580,4,15,0,0.333333333,982.62,0,0,0
HG01956,58,108400,1,0,1,Northeast,Some college/associate,1710,3,10,4,0.363636364,1032.98,1,0,0
HG01957,59,92500,1,0,1,Midwest,Bachelor's,1930,5,19,6,0.285714286,836.14,1,0,0
HG01958,41,79500,6,2,1,West,Bachelor's,2490,5,24,8,0,1331.84,0,0,0
HG01959,56,44900,2,0,1,West,High school or less,1780,0,0,119,0,1015.32,0,0,0
HG01960,26,22500,3,2,1,South,High school or less,830,3,5,1,0,885.21,0,0,0
HG01961,45,124500,3,1,0,Northeast,Graduate,1590,8,24,1,0,1046.83,0,0,0
HG01962,26,,3,2,0,South,High school or less,1690,7,27,2,0,799.67,0,0,0
HG01963,30,57000,1,0,0,Northeast,High school or less,780,11,51,4,0,621.85,0,1,247.56
HG01964,61,99200,3,0,0,West,Some college/associate,2150,0,0,123,0,1192.87,0,1,51.29
HG01965,60,112700,4,1,0,South,Bachelor's,1870,9,23,1,0,1059.85,0,0,0
HG01966,44,166200,3,1,1,Midwest,Graduate,2270,7,21,6,0,1060.9,1,0,0
HG01967,51,206900,1,0,1,South,Graduate,1710,14,40,4,0,1444.24,1,0,0
HG01968,58,72000,1,0,1,Midwest,Some college/associate,900,14,39,2,0,880.27,0,0,0
HG01969,31,37100,3,1,1,South,Bachelor's,1280,10,25,4,0,834.87,1,0,0
HG01970,43,39600,1,0,1,South,High school or less,1340,0,0,83,0,904.26,1,0,0
HG01971,45,92800,2,1,1,Midwest,Bachelor's,2090,0,0,66,0,1258.12,1,1,106.41
HG01972,60,41700,4,0,0,Midwest,High school or less,1440,10,47,2,0,961.47,0,0,0
HG01973,66,64000,2,0,1,South,Graduate,1980,0,0,77,0,923.72,0,0,0
HG01974,48,133700,1,0,1,West,Bachelor's,1460,3,10,1,0.45,984.15,0,0,0
HG01975,49,61600,1,0,1,Midwest,High school or less,1270,0,0,56,0,871.33,1,0,0
HG01976,66,89100,1,0,1,Northeast,Some college/associate,1450,4,19,9,0.615384615,1142.05,0,0,0
HG01977,35,32900,3,0,0,West,High school or less,1040,6,23,4,0,881.79,0,0,0
HG01978,20,39100,2,0,1,West,High school or less,1310,6,21,1,0,711.93,1,1,53.86
HG01979,56,36100,1,0,1,South,High school or less,1740,8,24,1,0,568.53,0,0,0
HG01980,65,60500,2,0,1,South,Some college/associate,1340,4,18,8,0.473684211,942.25,0,0,0
HG01981,71,103000,4,0,1,Midwest,Bachelor's,2590,8,29,1,0,1203.74,1,1,179.86
HG01982,49,66000,3,1,1,West,Bachelor's,3990,0,0,55,0,1507.42,1,1,176.13
HG01983,44,86800,3,2,1,Midwest,Bachelor's,2720,0,0,68,0,1120.39,0,0,0
HG01984,50,134300,1,0,1,Northeast,Some college/associate,1270,7,15,1,0,1012.68,0,1,122.61
HG01985,21,85300,6,1,1,South,High school or less,2240,12,39,3,0,1126.98,1,1,52.83
HG01986,61,148900,3,1,1,West,Bachelor's,1900,6,22,0,0,1358.47,0,1,108.66
HG01987,37,104500,3,2,1,South,Bachelor's,1440,12,24,0,0,916.83,0,0,0
HG01988,40,71200,3,1,0,Midwest,Bachelor's,1820,7,18,6,0,1220.2,0,0,0
HG01989,47,91600,4,3,1,South,Some college/associate,1990,7,15,10,0,1083.13,1,0,0
HG01990,26,167000,3,2,1,South,Graduate,1880,11,25,0,0,1236.28,0,0,0
HG01991,56,107900,1,0,1,Midwest,Some college/associate,1460,8,21,2,0,819.63,0,0,0
HG01992,67,81300,1,0,1,Midwest,High school or less,1360,5,19,1,0,1081.29,1,0,0
HG01993,47,48500,5,2,1,Midwest,High school or less,1930,8,21,1,0,1068.58,0,0,0
HG01994,40,57800,2,1,1,West,High school or less,2310,0,0,56,0,845.36,0,0,0
HG01995,32,123300,2,0,0,South,Bachelor's,1280,8,12,0,0,1034.9,1,1,80.41
HG01996,53,163600,1,0,1,Midwest,Some college/associate,1400,4,14,1,0,1154.73,0,0,0
HG01997,28,47400,2,1,1,South,Graduate,2750,0,0,58,0,851.97,0,1,170.8
HG01998,54,54200,1,0,1,Midwest,High school or less,1200,4,8,3,0,886.54,1,1,52.06
HG01999,31,37500,3,0,0,South,High school or less,1840,0,0,72,0.2,824.4,1,0,0
HG02000,43,27600,1,0,1,South,High school or less,1290,0,0,46,0,675.42,0,0,0
HG02001,40,79600,2,1,1,South,Some college/associate,1990,9,32,0,0,845.26,1,0,0
HG02002,49,101500,4,1,0,South,Bachelor's,1090,15,17,0,0,1054.41,0,0,0
HG02003,44,266500,2,1,1,South,Bachelor's,,2,6,12,0.227272727,1493.6,0,1,149.31
HG02004,30,31200,2,0,1,South,High school or less,1610,0,0,51,0,578.36,0,1,20.81
HG02005,43,96400,4,0,1,South,High school or less,1470,3,10,0,0,1019.42,0,0,0
HG02006,23,70400,3,0,0,Midwest,Some college/associate,1510,20,49,2,0,795.85,0,0,0
HG02007,70,53200,1,0,1,South,High school or less,1020,2,6,14,0,737.92,1,0,0
HG02008,20,60600,3,1,1,South,Some college/associate,2360,8,17,10,0,819.54,0,0,0
HG02009,36,58900,3,1,0,Northeast,Bachelor's,1390,7,16,8,0,871.64,1,0,0
HG02010,70,198700,4,0,1,Northeast,Graduate,4520,5,17,3,0.272727273,1725.2,0,0,0
HG02011,57,107100,2,0,1,Midwest,High school or less,2610,0,0,172,0,889.43,1,0,0
HG02012,47,114400,3,0,0,South,Bachelor's,1250,10,13,3,0,1005.9,0,1,133.05
HG02013,49,189100,3,1,0,Northeast,Bachelor's,1940,14,36,3,0,1036.13,1,1,304.6
HG02014,36,79900,1,0,1,South,Some college/associate,1570,8,27,2,0,817.12,0,0,0
HG02015,49,42600,1,0,0,Northeast,High school or less,780,7,30,2,0,540.28,1,0,0
HG02016,64,68300,2,0,0,South,High school or less,670,5,18,0,0,860.8,1,0,0
HG02017,45,272800,4,1,1,Midwest,Bachelor's,,11,36,7,0,1428.41,1,0,0
HG02018,56,90400,1,0,1,South,Some college/associate,1030,11,48,0,0,1217.44,1,0,0
HG02019,36,236600,1,0,0,Northeast,Graduate,1630,6,7,4,0,1044.19,0,0,0
HG02020,54,33900,6,0,1,West,High school or less,3880,0,0,51,0,1023.33,1,0,0
HG02021,49,212900,4,1,0,South,Graduate,2050,9,18,0,0,1385.01,0,0,0
HG02022,28,78100,2,1,1,West,High school or less,1360,5,14,0,0,968.64,1,0,0
HG02023,27,45800,3,2,0,Midwest,High school or less,1620,8,28,2,0,816.42,0,0,0
HG02024,37,171100,1,0,1,Midwest,Bachelor's,1730,7,20,23,0,1114.13,1,0,0
HG02025,34,93700,4,1,1,Midwest,Some college/associate,1830,24,106,2,0,1107.26,0,0,0
HG02026,48,64000,4,2,0,West,Some college/associate,1540,6,11,1,0,1065.1,0,0,0
HG02027,33,47800,5,2,0,South,Some college/associate,2830,0,0,42,0,1044.48,0,0,0
HG02028,63,127600,4,1,1,Midwest,Some college/associate,2080,5,12,1,0,1280.65,1,1,181.72
HG02029,38,30900,3,0,1,Northeast,Some college/associate,1370,0,0,90,0,711.59,1,0,0
HG02030,27,44800,3,1,1,South,High school or less,2140,0,0,52,0,947.3,1,0,0
HG02031,43,105000,2,1,0,South,Some college/associate,1720,12,35,5,0,1201.26,0,1,101.5
HG02032,39,101600,2,0,1,Midwest,Bachelor's,1110,19,47,0,0,712.6,1,0,0
HG02033,41,135900,1,0,1,West,Bachelor's,2150,3,14,9,0,848.32,1,0,0
HG02034,56,62900,2,0,1,Northeast,Graduate,2200,0,0,41,0,997.82,0,0,0
HG02035,33,40100,3,0,0,South,High school or less,2030,0,0,60,0,789.5,0,0,0
HG02036,61,54200,2,0,1,Midwest,High school or less,1490,4,14,12,0,951.92,0,1,41.32
HG02037,38,142100,3,1,0,West,Bachelor's,1410,21,69,2,0,767.01,0,0,0
HG02038,32,43600,2,1,0,South,High school or less,1210,0,0,107,0,961.16,0,0,0
HG02039,51,55000,2,1,0,South,Some college/associate,1460,0,0,66,0,797.32,1,0,0
HG02040,44,84200,2,1,1,South,Bachelor's,1520,15,45,0,0,998.35,1,0,0
HG02041,35,23400,6,3,0,Midwest,High school or less,1720,6,13,4,0,794.94,1,0,0
HG02042,25,55000,1,0,1,South,Some college/associate,,8,30,0,0,906.64,1,0,0
HG02043,33,169900,4,0,0,Midwest,Some college/associate,2920,6,22,1,0,1225.13,0,0,0
HG02044,25,18000,4,0,1,West,High school or less,1760,0,0,60,0,819.34,1,0,0
HG02045,35,30300,5,1,1,South,High school or less,3380,0,0,49,0,894.01,0,0,0
HG02046,46,75400,2,1,1,South,High school or less,1070,16,47,2,0,791.22,1,0,0
HG02047,49,177200,6,3,0,Northeast,Bachelor's,3480,4,13,4,0,1203.98,1,1,96.15
HG02048,56,64100,1,0,0,South,Some college/associate,1550,0,0,82,0,979.71,0,0,0
HG02049,50,66900,2,1,1,South,Some college/associate,1770,13,31,3,0,917.9,1,0,0
HG02050,42,59700,4,2,1,South,High school or less,2440,0,0,78,0,620.08,0,0,0
HG02051,25,209700,1,0,0,Northeast,Graduate,1720,5,12,2,0,1126.47,1,0,0
HG02052,66,210400,3,1,1,South,Bachelor's,2040,8,44,0,0,1327.45,1,0,0
HG02053,71,79600,2,0,1,Northeast,Some college/associate,1290,13,45,1,0,801.46,1,0,0
HG02054,32,106300,2,0,1,Northeast,Bachelor's,2120,6,15,1,0,1111.11,1,1,160.78
HG02055,63,65000,1,0,1,South,Some college/associate,1250,7,23,16,0,1011.68,1,0,0
HG02056,53,92100,2,0,0,Midwest,Some college/associate,1610,0,0,83,0,822.27,0,0,0
HG02057,39,35300,1,0,0,South,Some college/associate,850,2,9,9,0,748.81,0,0,0
HG02058,38,28100,1,0,0,Northeast,Bachelor's,880,15,42,4,0,950.24,1,0,0
HG02059,45,57700,4,0,1,Northeast,Graduate,1500,6,11,4,0,991.77,0,1,100.48
HG02060,59,44000,4,1,1,Northeast,Some college/associate,1880,6,16,12,0,900.36,1,0,0
HG02061,65,79000,1,0,1,West,High school or less,1300,15,63,4,0,1113.7,0,1,74.77
HG02062,65,131100,3,0,1,South,Graduate,2380,0,0,52,0,1148.13,1,1,85.52
HG02063,59,93100,4,0,1,Northeast,Graduate,4130,0,0,56,0,1180.7,1,1,133.33
HG02064,24,79300,3,1,1,Northeast,Some college/associate,2030,14,32,9,0,960.01,0,0,0
HG02065,46,24100,3,0,0,West,High school or less,1530,0,0,100,0,383.89,1,0,0
HG02066,30,36400,3,2,0,West,High school or less,670,13,37,2,0,906.67,1,1,105.33
HG02067,34,117700,3,0,1,Northeast,High school or less,2690,15,38,1,0,1194.53,0,0,0
HG02068,48,182200,2,1,0,West,Graduate,1630,17,48,1,0,1132.36,0,1,229.38
HG02069,39,280600,3,1,1,Midwest,Graduate,2460,9,25,0,0,1379.45,1,1,158.69
HG02070,45,32200,1,0,0,South,High school or less,920,6,11,8,0,712.64,1,1,59.72
HG02071,51,67300,3,0,1,South,Bachelor's,1770,0,0,48,0,1113.65,1,0,0
HG02072,43,94600,3,1,1,West,Graduate,2320,4,12,2,0,995.41,1,0,0
HG02073,48,46700,2,0,0,Midwest,Some college/associate,1420,0,0,46,0,825.93,1,0,0
HG02074,26,16500,4,0,1,South,High school or less,1840,6,19,3,0,634.2,1,0,0
HG02075,40,83700,2,0,0,South,Graduate,1690,4,15,12,0,906.99,0,0,0
HG02076,42,110000,2,0,1,South,Some college/associate,2140,11,33,6,0,959.14,0,0,0
HG02077,29,37800,3,2,0,South,Bachelor's,1610,0,0,54,0,825.85,0,0,0
HG02078,49,125300,2,0,1,Northeast,Graduate,2290,7,12,18,0.35,1172.43,1,0,0
HG02079,54,73900,3,0,1,South,Graduate,1400,6,18,5,0,764.95,1,0,0
HG02080,65,109200,1,0,1,Northeast,Some college/associate,1920,3,6,8,0.176470588,847.77,1,0,0
HG02081,70,83100,1,0,1,Northeast,Graduate,2040,5,13,2,0,1233.61,1,0,0
HG02082,32,66100,3,1,0,Midwest,Graduate,700,14,34,1,0,699.71,1,0,0
HG02083,59,68000,1,0,1,West,Bachelor's,1210,4,17,7,0,795.94,0,0,0
HG02084,47,73500,2,0,1,South,Some college/associate,1980,8,26,0,0,950.83,1,0,0
HG02085,64,140300,1,0,0,Midwest,Some college/associate,1700,4,13,1,0,880.13,1,0,0
HG02086,23,118200,4,0,1,South,Bachelor's,1890,5,12,6,0,912.85,0,1,173.16
HG02087,45,91400,3,0,0,South,Bachelor's,1310,25,85,0,0,833.48,1,0,0
HG02088,45,213500,4,1,1,Midwest,Graduate,2790,7,18,8,0,1403.2,1,0,0
HG02089,20,103200,2,1,0,Northeast,Some college/associate,1640,10,32,1,0,1027.85,1,1,107.32
HG02090,20,21000,1,0,0,Midwest,High school or less,830,10,24,2,0,572.67,0,0,0
HG02091,28,91600,4,2,1,South,Bachelor's,2720,5,17,15,0.25,1186.75,0,1,322.9
HG02092,46,122800,1,0,1,Northeast,Some college/associate,1860,4,4,9,0,1244.22,0,0,0
HG02093,41,148800,2,1,0,Midwest,Bachelor's,1430,12,35,0,0,1260.02,0,0,0
HG02094,55,156200,3,0,1,Midwest,Graduate,1190,21,73,0,0,1466.01,1,1,54.98
HG02095,75,56900,1,0,1,South,Bachelor's,1560,7,21,2,0.285714286,844.95,1,0,0
HG02096,64,66200,4,0,1,Northeast,High school or less,2690,7,27,2,0.363636364,899.36,1,1,32.51
HG02097,36,41700,1,0,0,South,Some college/associate,1270,7,29,0,0.375,646.13,1,0,0
HG02098,38,29800,2,0,0,South,High school or less,940,5,19,4,0,693.99,0,0,0
HG02099,48,45200,2,0,1,South,Some college/associate,1720,0,0,68,0,1124.86,0,0,0
HG02100,63,139600,2,0,1,West,Graduate,2460,3,12,8,0.4,1115.94,1,0,0
HG02101,61,224300,1,0,1,Northeast,Graduate,1630,5,11,3,0,1227.24,0,0,0
HG02102,55,125400,1,0,1,West,Bachelor's,1220,4,9,8,0,880.92,0,0,0
HG02103,26,58600,4,1,0,West,High school or less,1150,10,31,0,0,951.75,1,1,108.16
HG02104,58,139200,4,0,1,South,Graduate,1730,12,28,5,0,1290.89,0,0,0
HG02105,51,82700,2,0,0,Northeast,Bachelor's,1370,0,0,62,0.294117647,821.36,0,0,0
HG02106,54,81900,3,1,1,South,Bachelor's,3110,0,0,57,0,1070.08,1,1,89.19
HG02107,44,,1,0,0,Northeast,High school or less,,5,19,5,0.411764706,978.32,0,1,55.37
HG02108,49,30400,2,1,0,Northeast,Some college/associate,1210,0,0,49,0,1021.79,1,1,132.17
HG02109,29,42000,2,0,0,South,High school or less,1500,0,0,111,0,946.32,1,0,0
HG02110,58,53000,2,0,1,South,Some college/associate,910,9,32,0,0,860.83,0,0,0
HG02111,28,15000,2,0,1,South,High school or less,1270,0,0,69,0,951.29,1,1,40.89
HG02112,60,145600,2,0,0,Northeast,Graduate,2500,2,13,2,0.454545455,1167.29,1,1,41.01
HG02113,62,93700,1,0,1,Northeast,Some college/associate,1460,5,11,2,0.375,1191.37,0,0,0
HG02114,35,55500,2,0,1,South,High school or less,1930,5,6,1,0,587.68,0,0,0
HG02115,43,84000,2,1,1,South,Some college/associate,1290,6,16,1,0,683.39,1,0,0
HG02116,22,57900,5,1,0,West,Some college/associate,1470,3,6,1,0,759.58,0,0,0
HG02117,28,41900,2,0,0,Midwest,High school or less,670,10,40,4,0,666.19,0,0,0
HG02118,46,69200,2,0,1,Midwest,Some college/associate,1600,9,28,2,0.1,820.59,0,0,0
HG02119,36,57600,3,1,0,Midwest,Some college/associate,1650,3,10,2,0,857.76,1,1,89.79
HG02120,33,26500,5,1,1,Northeast,High school or less,2570,7,18,2,0,926.15,1,0,0
HG02121,79,122800,2,0,1,Northeast,Graduate,1900,4,15,24,0.222222222,1118.63,0,0,0
HG02122,58,66800,2,0,1,Northeast,Bachelor's,1400,6,24,9,0.380952381,772.51,0,0,0
HG02123,64,67000,2,0,1,Northeast,Some college/associate,1090,0,0,66,0,717.49,1,0,0
HG02124,55,100500,3,0,1,Midwest,Some college/associate,1700,7,17,5,0,1053.83,0,0,0
HG02125,57,45500,2,1,1,West,High school or less,880,8,17,1,0,1028.11,0,0,0
HG02126,36,72100,3,0,1,South,High school or less,1070,12,31,3,0,966.93,0,1,141.53
HG02127,50,60000,2,0,1,South,Graduate,1520,0,0,56,0,988.39,1,0,0
HG02128,36,53100,2,1,1,Midwest,High school or less,1270,8,19,1,0,812.85,0,0,0
HG02129,53,53500,3,1,1,South,High school or less,1290,7,18,4,0,1163.11,0,1,84.71
HG02130,51,73200,4,1,1,Midwest,High school or less,1890,8,23,1,0,1153.08,1,0,0
HG02131,45,79800,2,1,1,Northeast,Some college/associate,1420,0,0,64,0,1246.99,1,1,233.93
HG02132,34,44100,1,0,0,South,High school or less,1050,7,32,1,0,660.04,0,0,0
HG02133,33,93300,1,0,1,Midwest,Bachelor's,1320,4,9,3,0,946,1,1,70.74
HG02134,61,72700,1,0,1,West,High school or less,1250,4,11,0,0,831.18,0,0,0
HG02135,48,76700,3,1,0,South,Some college/associate,780,9,29,5,0,868.15,0,1,46.86
HG02136,35,129400,4,2,1,South,Bachelor's,2240,10,29,2,0,1215.04,0,1,78.68
HG02137,52,99200,2,0,1,Midwest,High school or less,1610,18,59,2,0,903,1,0,0
HG02138,74,115800,2,0,1,West,Some college/associate,1580,4,24,0,0.333333333,1086.66,0,0,0
HG02139,47,113300,3,1,1,Northeast,Bachelor's,2050,17,46,0,0,1295.19,1,1,130.58
HG02140,77,110200,1,0,0,South,Bachelor's,1430,7,25,3,0,1140.04,0,0,0
HG02141,39,88600,2,1,1,South,Some college/associate,1080,5,8,3,0,871.49,0,0,0
HG02142,52,233900,1,0,1,Northeast,Graduate,1460,5,17,8,0,1130.41,1,0,0
HG02143,39,218500,2,1,1,West,Bachelor's,1380,8,28,5,0,1364.92,0,1,32.42
HG02144,58,63600,2,0,1,Midwest,High school or less,1080,6,29,13,0,859.16,1,0,0
HG02145,68,88400,1,0,0,Northeast,Bachelor's,1270,3,10,7,0.384615385,1166.79,0,0,0
HG02146,48,60400,5,1,0,Northeast,High school or less,2140,0,0,99,0,1161.23,1,1,182.57
HG02147,54,95700,1,0,0,Midwest,Some college/associate,2070,7,14,1,0.090909091,887.99,0,1,101.42
HG02148,52,135200,2,0,1,Northeast,Bachelor's,2000,6,17,0,0,1164.13,1,0,0
HG02149,35,94600,3,1,1,Midwest,Bachelor's,1510,8,24,0,0,931.58,0,0,0
HG02150,64,55200,2,0,1,West,High school or less,1720,0,0,95,0,651.38,0,0,0
HG02151,49,120000,2,0,1,South,Some college/associate,1610,8,24,3,0,1019.45,0,0,0
HG02152,52,87300,5,2,1,South,Bachelor's,2650,0,0,47,0,1033.6,0,0,0
HG02153,62,60100,2,0,1,West,High school or less,1360,6,17,3,0,831.96,1,0,0
HG02154,30,113100,4,2,1,South,Bachelor's,2410,8,27,2,0,870.53,0,0,0
HG02155,54,108500,1,0,1,Midwest,Bachelor's,1100,10,33,9,0,1015.48,0,0,0
HG02156,24,59300,1,0,1,West,High school or less,1770,6,13,4,0,785.38,1,0,0
HG02157,35,20800,1,0,1,South,High school or less,1150,0,0,50,0,648.31,1,0,0
HG02158,30,99800,1,0,1,South,Bachelor's,1420,4,4,4,0,634.32,0,0,0
HG02159,38,,2,0,1,West,High school or less,1560,0,0,43,0,887.56,1,0,0
HG02160,52,30800,3,1,1,West,Some college/associate,1790,0,0,81,0,1389.66,1,1,154.94
HG02161,45,49000,1,0,1,Midwest,High school or less,1620,0,0,56,0,850.46,1,0,0
HG02162,32,93500,2,0,1,West,High school or less,1640,7,21,0,0,974.59,0,0,0
HG02163,46,113700,6,3,1,South,High school or less,4850,11,31,0,0,1272.7,1,0,0
HG02164,45,80400,1,0,1,South,Bachelor's,2010,2,9,8,0.235294118,926.82,0,0,0
HG02165,57,131400,1,0,1,Midwest,Graduate,1720,8,44,6,0,957.13,0,0,0
HG02166,37,60600,2,0,0,Northeast,Some college/associate,970,4,12,10,0,1024.46,0,0,0
HG02167,54,99000,6,1,0,Northeast,Graduate,2430,5,31,5,0.35,1269.42,0,0,0
HG02168,43,88500,4,1,1,West,Some college/associate,2350,9,27,8,0,1127.31,0,0,0
HG02169,43,81600,1,0,0,South,Some college/associate,1210,11,48,0,0,845.28,0,0,0
HG02170,69,76500,2,0,1,South,Some college/associate,1690,6,34,1,0,943.61,1,0,0
HG02171,69,53800,2,0,1,Midwest,High school or less,1680,9,20,0,0,789.77,0,0,0
HG02172,60,101400,1,0,1,South,Graduate,1470,7,20,0,0,1141.78,0,0,0
HG02173,27,35700,3,1,1,West,High school or less,2040,0,0,91,0,999.46,0,0,0
HG02174,59,126900,2,0,1,Midwest,Graduate,2070,9,50,2,0.227272727,1047.86,1,0,0
HG02175,43,45800,1,0,0,Northeast,High school or less,1080,10,19,0,0,583.05,1,0,0
HG02176,31,150000,2,1,0,South,Bachelor's,1520,12,27,2,0,1043.42,1,0,0
HG02177,20,36100,3,1,0,South,Some college/associate,1520,5,26,0,0,647.83,1,0,0
HG02178,20,31200,2,1,0,South,High school or less,1180,8,26,1,0,940.36,1,0,0
HG02179,69,45200,1,0,1,West,Bachelor's,1600,11,32,0,0,743.45,1,0,0
HG02180,30,46100,5,3,1,South,Bachelor's,3410,0,0,48,0,991.85,1,0,0
HG02181,41,124400,2,0,1,South,Bachelor's,1680,18,52,2,0,941.71,1,0,0
HG02182,48,52700,1,0,1,West,Some college/associate,920,9,57,6,0,748.68,1,0,0
HG02183,53,56200,3,1,0,Midwest,Some college/associate,1200,8,31,6,0,796.64,0,0,0
HG02184,39,80900,1,0,1,South,Some college/associate,1490,8,33,1,0.25,1129.98,0,1,143.33
HG02185,47,177700,2,1,1,West,Graduate,2000,15,51,0,0,1320.98,0,0,0
HG02186,59,136000,2,0,1,South,Bachelor's,1840,7,24,1,0,1051.37,1,0,0
HG02187,40,103000,3,1,0,Northeast,Bachelor's,1220,17,22,1,0,825.65,0,1,61.5
HG02188,44,50800,4,1,1,West,Some college/associate,3220,0,0,47,0,1131.96,1,0,0
HG02189,54,45300,4,2,1,South,Bachelor's,3420,0,0,69,0,878.81,1,1,68.32
HG02190,62,106300,3,0,1,South,Bachelor's,2910,5,18,6,0,1210.03,1,0,0
HG02191,42,81100,2,0,1,South,Some college/associate,990,9,26,3,0,900.88,0,1,107.98
HG02192,25,90300,4,0,0,Midwest,High school or less,1580,7,19,3,0,848.73,1,1,114.48
HG02193,59,96800,2,0,1,West,Bachelor's,1800,7,13,2,0,1113.94,1,0,0
HG02194,49,109500,2,1,1,Midwest,Graduate,2680,0,0,43,0,787.77,0,0,0
HG02195,50,35000,2,0,0,Midwest,High school or less,1040,7,24,1,0,818.02,0,0,0
HG02196,57,116800,2,0,0,Northeast,Bachelor's,2450,7,18,3,0.368421053,954.52,1,1,102.91
HG02197,23,67100,1,0,1,South,High school or less,2290,3,5,4,0,856.75,0,0,0
HG02198,62,37200,3,1,0,South,Some college/associate,2080,0,0,92,0,966.53,1,0,0
HG02199,41,39700,1,0,0,South,Some college/associate,900,12,38,0,0,751.54,1,1,81.25
HG02200,61,116700,5,1,1,West,Bachelor's,2760,10,37,4,0,1257.2,0,0,0
HG02201,45,43100,2,1,1,West,Some college/associate,2280,0,0,108,0,451.67,1,0,0
HG02202,49,152900,3,1,1,South,High school or less,3130,6,11,3,0,1228.01,0,1,205.47
HG02203,35,46600,3,2,1,Northeast,High school or less,1540,0,0,60,0,1136.3,1,1,337.66
HG02204,51,77500,2,0,0,West,Some college/associate,2140,0,0,73,0,698.59,1,0,0
HG02205,38,33000,2,1,1,Northeast,High school or less,1520,17,42,1,0,1012.81,1,0,0
HG02206,56,127100,1,0,1,South,Some college/associate,1350,21,42,2,0,1057.93,0,0,0
HG02207,74,62400,2,0,1,South,High school or less,1000,7,26,4,0,1059.91,1,0,0
HG02208,46,100500,2,0,1,South,Graduate,1340,2,3,5,0,960.3,0,1,206.44
HG02209,43,78800,3,1,1,South,Some college/associate,1570,10,21,0,0,873.46,1,1,145.11
HG02210,51,118300,2,1,1,South,Some college/associate,2250,0,0,49,0,885.17,0,0,0
HG02211,39,127400,5,2,0,Northeast,Some college/associate,2410,7,23,2,0,1216.26,0,0,0
HG02212,73,76400,1,0,1,West,Some college/associate,1580,7,18,2,0,881.93,1,0,0
HG02213,32,36300,1,0,0,West,High school or less,810,14,45,1,0,639.4,1,0,0
HG02214,48,36100,3,0,0,Northeast,Some college/associate,1100,17,53,1,0,700.92,0,0,0
HG02215,29,66400,1,0,1,South,Some college/associate,990,10,36,2,0.318181818,981.62,1,0,0
HG02216,46,107500,1,0,1,Midwest,Bachelor's,1170,5,14,0,0,883.86,0,0,0
HG02217,59,127300,2,0,1,South,Some college/associate,2840,4,17,1,0,1155.78,0,0,0
HG02218,48,79800,4,2,0,Midwest,Bachelor's,1480,0,0,72,0,1364.98,1,1,120.24
HG02219,55,168300,1,0,1,Northeast,Graduate,1810,6,29,3,0,1396.07,0,0,0
HG02220,53,68900,2,0,0,Midwest,Some college/associate,1570,4,18,5,0,818.73,0,0,0
HG02221,43,72600,1,0,0,West,Some college/associate,1590,1,2,28,0,664.99,1,0,0
HG02222,58,113900,2,0,1,South,Bachelor's,2200,12,39,2,0,1192.32,0,0,0
HG02223,49,85200,1,0,1,Northeast,Bachelor's,1000,3,6,2,0,900.2,1,0,0
HG02224,64,62200,1,0,1,South,High school or less,1770,6,22,5,0.307692308,982.43,1,0,0
HG02225,41,94200,2,0,1,South,Graduate,1590,4,11,8,0,922.83,0,0,0
HG02226,36,,1,0,1,West,Some college/associate,810,11,62,0,0,896.91,0,0,0
HG02227,31,131400,4,0,1,South,Some college/associate,2940,11,30,1,0,926.96,0,0,0
HG02228,32,184700,4,2,1,Northeast,Bachelor's,1710,12,37,3,0,1346.72,0,0,0
HG02229,60,145300,3,0,1,South,Bachelor's,2690,7,15,6,0,1554.86,1,0,0
HG02230,47,25100,1,0,0,Northeast,High school or less,910,3,6,10,0.25,519.27,0,0,0
HG02231,41,92700,1,0,1,Northeast,Bachelor's,1350,3,8,0,0.1,929.43,1,1,60.13
HG02232,79,,1,0,1,West,High school or less,1470,5,7,4,0,830.41,1,0,0
HG02233,26,79700,1,0,1,Northeast,Some college/associate,1020,6,22,1,0,906.15,1,0,0
HG02234,38,108500,5,3,1,South,Some college/associate,1550,15,50,1,0,1125.53,1,1,130.54
HG02235,40,182800,2,0,1,Midwest,Bachelor's,1150,9,17,13,0,1187.98,0,0,0
HG02236,75,87000,1,0,1,West,Some college/associate,1560,5,15,10,0,869.42,1,1,61.62
HG02237,53,118600,6,1,1,West,Bachelor's,4640,8,16,2,0,1402.72,0,0,0
HG02238,32,69000,2,0,0,West,Bachelor's,1360,0,0,52,0,917.02,0,0,0
HG02239,41,151300,1,0,0,South,Bachelor's,1360,6,22,2,0,1007.31,1,0,0
HG02240,36,33400,3,1,1,West,High school or less,2400,0,0,101,0,868.86,1,0,0
HG02241,47,152900,2,0,1,Northeast,Bachelor's,2050,8,25,0,0,1347.62,1,1,49.34
HG02242,38,122800,1,0,0,Northeast,Some college/associate,1300,4,15,18,0,902.57,1,0,0
HG02243,65,97400,2,1,1,Northeast,Bachelor's,1860,6,18,1,0.25,1195.3,1,0,0
HG02244,55,48100,3,1,1,West,Some college/associate,2030,0,0,168,0,790.67,1,0,0
HG02245,59,86800,3,0,1,South,High school or less,1560,7,13,2,0,1044.66,0,1,200.07
HG02246,62,79600,2,0,1,West,Bachelor's,1130,9,35,2,0,1282.59,0,1,305.71
HG02247,45,104000,1,0,1,South,Bachelor's,1900,2,10,10,0,863.33,0,0,0
HG02248,27,56600,4,3,0,South,High school or less,3000,0,0,82,0,1037.13,0,0,0
HG02249,27,71600,1,0,1,Midwest,Some college/associate,1200,5,11,8,0,943.29,1,0,0
HG02250,58,109000,3,0,0,Midwest,Bachelor's,1630,0,0,197,0,998.89,0,1,51.69
HG02251,64,62500,2,1,0,Midwest,High school or less,2490,0,0,143,0,1105.49,1,0,0
HG02252,60,49800,4,1,0,South,Some college/associate,1440,10,17,9,0,971.84,1,0,0
HG02253,32,30500,2,0,1,South,High school or less,1520,7,24,3,0,669.05,1,0,0
HG02254,37,104400,2,0,0,South,Graduate,1150,4,12,4,0,733.26,0,0,0
HG02255,26,28700,1,0,0,South,Some college/associate,950,6,16,2,0,697.16,0,0,0
HG02256,42,109500,1,0,1,South,High school or less,2170,3,7,1,0,1353.79,0,0,0
HG02257,43,92900,1,0,0,South,Some college/associate,1210,0,0,59,0,1320.75,0,1,121.5
HG02258,49,77300,5,3,1,South,Graduate,3860,0,0,56,0,1447,1,0,0
HG02259,72,89000,1,0,1,Midwest,Some college/associate,1270,6,39,1,0.291666667,837.52,1,0,0
HG02260,19,77200,2,0,1,Northeast,High school or less,1970,4,15,6,0,858.75,0,0,0
HG02261,19,39700,2,0,0,South,Some college/associate,1410,0,0,86,0,631.69,1,0,0
HG02262,57,97400,2,0,1,South,Bachelor's,2330,0,0,138,0,1212.27,0,0,0
HG02263,38,154400,1,0,1,Midwest,Bachelor's,1950,3,10,22,0,930.54,0,0,0
HG02264,73,,3,0,0,South,High school or less,1490,13,29,1,0,770.74,1,0,0
HG02265,28,155300,5,2,1,South,Bachelor's,2470,11,38,4,0,1573.66,0,0,0
HG02266,37,42200,4,1,1,South,High school or less,2150,11,37,0,0,1028.44,0,1,53.05
HG02267,37,20400,5,1,1,West,High school or less,1960,0,0,59,0,900.09,1,0,0
HG02268,51,93500,1,0,1,Midwest,Bachelor's,1770,3,20,5,0,1082.8,1,0,0
HG02269,70,,1,0,1,Midwest,Some college/associate,1070,7,45,4,0,862.84,0,0,0
HG02270,70,98400,4,0,1,Midwest,Graduate,3000,0,0,43,0,907.18,1,0,0
HG02271,56,41200,3,1,1,South,High school or less,1370,12,38,2,0,1114.17,0,1,27.33
HG02272,64,46800,4,0,1,South,Bachelor's,1220,15,23,3,0,1171.45,1,1,123.99
HG02273,49,62500,4,1,0,West,Some college/associate,2560,0,0,210,0,943.39,1,0,0
HG02274,40,87300,3,1,1,South,Graduate,1690,0,0,100,0,1096.75,1,0,0
HG02275,36,201600,3,2,1,South,Graduate,2030,9,19,2,0,1451.88,1,0,0
HG02276,49,61300,2,0,0,Northeast,High school or less,1470,0,0,85,0,873.61,0,0,0
HG02277,32,85000,4,3,0,Northeast,Some college/associate,1030,24,44,3,0,797.52,0,0,0
HG02278,53,39400,1,0,1,Northeast,High school or less,940,8,20,0,0.411764706,608.39,1,0,0
HG02279,33,47600,2,0,1,Midwest,Some college/associate,1640,0,0,42,0,1023.21,0,0,0
HG02280,65,59000,5,0,1,West,Some college/associate,,0,0,130,0,1036.37,0,0,0
HG02281,57,27400,1,0,1,Midwest,Some college/associate,980,0,0,95,0,665.42,1,0,0
HG02282,28,62600,1,0,1,Midwest,Graduate,1980,8,20,4,0.217391304,1141.58,0,0,0
HG02283,51,165700,2,0,1,Midwest,Bachelor's,1280,21,47,0,0,1499.2,0,1,143.86
HG02284,45,108700,1,0,1,Northeast,Bachelor's,1780,5,24,5,0,1171.73,1,0,0
HG02285,54,55300,2,1,1,South,High school or less,1690,0,0,56,0,1039.07,0,0,0
HG02286,45,170300,4,1,1,South,Graduate,3710,4,16,4,0,1416.08,1,0,0
HG02287,61,68700,4,1,1,Midwest,Some college/associate,1250,7,24,9,0,1076.52,1,0,0
HG02288,47,26400,2,0,1,South,High school or less,1780,0,0,57,0,868.58,1,1,76.38
HG02289,37,36300,2,0,1,Northeast,High school or less,1070,0,0,70,0,751.17,0,0,0
HG02290,22,39200,1,0,1,Northeast,High school or less,,4,8,1,0,825.32,0,0,0
HG02291,30,141600,3,1,0,West,Bachelor's,1570,11,22,0,0,1261.56,1,0,0
HG02292,61,64300,1,0,1,Northeast,Some college/associate,1230,0,0,40,0,821.45,0,0,0
HG02293,68,40400,2,0,1,Midwest,High school or less,1750,0,0,93,0,831.18,0,0,0
HG02294,50,165400,3,0,0,South,Bachelor's,1110,7,12,5,0,1282.77,0,1,67.93
HG02295,51,224600,1,0,0,West,Some college/associate,1030,5,15,1,0,1068.63,0,0,0
HG02296,56,53500,2,0,0,Northeast,High school or less,1070,8,29,1,0.45,925.79,1,0,0
HG02297,35,16400,1,0,0,South,High school or less,810,0,0,66,0,580.35,1,0,0
HG02298,35,101000,5,2,1,South,Bachelor's,2520,10,30,0,0,1192.05,1,0,0
HG02299,58,82300,3,0,1,Midwest,Some college/associate,2150,0,0,142,0,929.79,1,0,0
HG02300,43,75000,3,2,0,South,Bachelor's,2070,3,7,4,0,1249.58,0,0,0
HG02301,55,111700,2,0,1,West,Bachelor's,3250,13,30,0,0,1233.37,0,0,0
HG02302,57,122800,2,0,1,South,Bachelor's,1600,20,76,0,0,1102.9,0,1,98.13
HG02303,58,58000,2,0,1,Northeast,High school or less,1780,3,6,12,0.470588235,1039.41,0,0,0
HG02304,22,76600,1,0,1,South,High school or less,1630,8,51,3,0,696.51,1,0,0
HG02305,59,110400,1,0,1,Northeast,Graduate,1680,2,8,9,0.111111111,1295.63,1,0,0
HG02306,38,40600,2,1,0,South,Some college/associate,1230,0,0,84,0,919.61,1,0,0
HG02307,46,29900,2,1,0,South,Some college/associate,1620,8,25,4,0,759.13,0,0,0
HG02308,44,46600,2,1,1,South,High school or less,1430,0,0,49,0,946.37,0,0,0
HG02309,37,47300,3,0,1,South,High school or less,1120,19,64,1,0,1016.23,0,1,68.54
HG02310,61,90700,1,0,1,West,Some college/associate,2020,4,4,4,0,718.41,0,0,0
HG02311,66,111800,5,1,1,Northeast,Some college/associate,3310,0,0,40,0,1123.61,0,0,0
HG02312,65,39400,1,0,0,West,High school or less,1390,0,0,112,0,763.42,1,0,0
HG02313,40,77700,2,1,1,Northeast,Bachelor's,2720,7,21,5,0.291666667,811.59,0,0,0
HG02314,50,82700,4,1,0,South,Graduate,1450,11,19,2,0,770.15,1,1,92.41
HG02315,57,29400,3,0,1,South,High school or less,2250,0,0,42,0,636.44,0,0,0
HG02316,61,74300,3,1,1,South,Some college/associate,1950,2,10,1,0,1124.08,0,0,0
HG02317,66,60500,2,0,1,West,High school or less,2110,0,0,125,0,882.95,0,0,0
HG02318,36,77300,2,1,0,South,Graduate,1290,0,0,67,0,801.02,1,0,0
HG02319,31,46000,1,0,0,West,High school or less,1200,7,26,0,0,444.24,1,0,0
HG02320,45,91800,1,0,1,Midwest,Bachelor's,1830,5,17,19,0,889.87,0,0,0
HG02321,31,43000,2,1,1,South,High school or less,2090,3,10,3,0,892.02,0,0,0
HG02322,46,42600,1,0,1,Northeast,High school or less,1340,0,0,44,0,806.54,0,0,0
HG02323,43,98000,1,0,1,Midwest,Bachelor's,1190,5,17,10,0,928.42,0,0,0
HG02324,54,148600,1,0,0,South,Bachelor's,2080,6,19,3,0,1039.92,1,0,0
HG02325,35,50200,6,2,1,South,High school or less,2510,6,30,3,0,929.1,0,0,0
HG02326,36,75400,3,1,1,Midwest,Bachelor's,1850,7,17,1,0,1063.35,1,0,0
HG02327,26,193100,2,1,1,West,Bachelor's,1890,9,26,2,0,1135.72,0,0,0
HG02328,43,88300,3,0,1,South,Some college/associate,1740,4,8,6,0,963.04,1,0,0
HG02329,48,91900,4,2,0,South,Graduate,2060,4,9,12,0,1038.69,0,1,36.74
HG02330,44,78300,2,0,0,Midwest,Bachelor's,1420,7,18,8,0,734.34,1,0,0
HG02331,35,171500,1,0,1,South,Graduate,1520,5,19,6,0,1062.23,0,0,0
HG02332,41,45400,3,0,1,South,Some college/associate,2570,0,0,54,0,858.35,1,0,0
HG02333,50,27900,2,1,0,South,High school or less,1110,0,0,44,0,796.33,1,0,0
HG02334,54,136900,2,0,1,Northeast,Bachelor's,1600,10,22,0,0,1042.94,1,0,0
HG02335,35,30500,2,0,0,West,High school or less,1540,0,0,50,0,710.99,1,0,0
HG02336,47,129000,1,0,1,Northeast,Graduate,2490,6,26,1,0.363636364,1042.62,0,0,0
HG02337,48,234300,2,1,1,South,Graduate,2420,5,16,0,0,1312.48,0,0,0
HG02338,49,45900,3,1,1,Northeast,High school or less,1130,6,11,10,0,1013.35,0,1,43.26
HG02339,19,53700,4,1,1,South,Some college/associate,2500,10,18,3,0,737.95,1,0,0
HG02340,28,40000,4,2,0,Northeast,Some college/associate,1530,0,0,60,0,908.21,1,0,0
HG02341,54,23300,2,1,0,West,High school or less,1200,0,0,62,0,645.65,1,0,0
HG02342,57,25900,2,0,1,South,High school or less,1060,7,23,3,0,707.31,1,0,0
HG02343,39,111700,4,2,1,South,Some college/associate,2420,8,23,1,0,1099.06,0,0,0
HG02344,39,48100,3,1,1,West,Some college/associate,1660,0,0,61,0,825.33,1,0,0
HG02345,36,206500,4,1,0,Northeast,Bachelor's,2720,8,18,7,0,933.74,0,0,0
HG02346,58,90500,2,0,1,South,Some college/associate,1210,16,54,0,0,852.29,0,0,0
HG02347,68,137000,2,0,1,Midwest,Graduate,2420,6,17,2,0,1293.61,1,0,0
HG02348,46,76500,5,1,1,West,Bachelor's,,7,14,4,0.315789474,1293.9,0,1,99.4
HG02349,47,80800,6,2,1,South,Graduate,2300,5,19,5,0,1123.41,1,0,0
HG02350,37,103700,2,1,1,West,Bachelor's,1460,13,27,6,0,1048.69,0,0,0
HG02351,52,104900,1,0,1,Northeast,Bachelor's,1240,6,4,1,0.380952381,1096.56,1,1,205.19
HG02352,47,59900,2,0,1,Northeast,High school or less,1560,0,0,74,0,968.67,0,0,0
HG02353,31,78100,1,0,1,West,Bachelor's,1200,5,14,3,0,847.62,0,0,0
HG02354,42,142900,4,1,1,Northeast,Bachelor's,2200,3,11,14,0,1354.43,0,0,0
HG02355,24,161500,1,0,1,South,Some college/associate,1640,7,27,2,0,1136.35,0,0,0
HG02356,31,86900,4,0,1,West,Some college/associate,2700,6,19,1,0,1259.28,1,1,89.3
HG02357,45,88000,2,1,1,South,Some college/associate,1600,4,7,5,0,694.99,0,0,0
HG02358,30,147800,4,0,1,West,Bachelor's,3120,10,20,4,0,1054.47,1,0,0
HG02359,48,154900,1,0,1,Northeast,Graduate,1620,7,24,1,0.2,1064.06,1,1,83.55
HG02360,62,66300,2,0,1,South,High school or less,2050,13,38,3,0,942.64,1,0,0
HG02361,38,29300,1,0,0,South,High school or less,1230,0,0,60,0,878.05,0,0,0
HG02362,28,140100,3,1,1,South,Some college/associate,2600,7,18,2,0.363636364,1015.99,0,0,0
HG02363,65,114000,4,0,1,West,Bachelor's,2730,5,18,6,0,1140.79,0,0,0
HG02364,27,60700,2,0,1,West,High school or less,1380,6,21,4,0,668.78,1,1,52.8
HG02365,60,116200,5,2,1,Northeast,Bachelor's,,10,27,0,0,1422.66,1,0,0
HG02366,33,101400,3,2,0,Northeast,Bachelor's,1160,6,19,8,0,993.8,1,1,120.76
HG02367,52,99100,3,0,1,Midwest,Graduate,1470,18,92,0,0,1059.39,0,0,0
HG02368,56,63800,5,1,1,South,High school or less,3140,3,10,17,0.333333333,881.42,0,1,73.76
HG02369,51,49400,3,0,0,West,Bachelor's,1750,0,0,96,0,750.09,0,0,0
HG02370,50,74500,1,0,1,Midwest,Graduate,2150,7,11,0,0,728.96,0,0,0
HG02371,29,72000,2,0,0,South,Bachelor's,920,10,22,7,0,760.13,1,0,0
HG02372,62,52500,1,0,1,South,Some college/associate,910,6,12,8,0,917.94,0,0,0
HG02373,49,130400,2,0,1,South,Bachelor's,1540,8,19,1,0,1195.13,0,0,0
HG02374,66,195800,5,1,1,South,Some college/associate,2980,7,18,7,0,1533.18,1,1,95.52
HG02375,46,71500,1,0,1,South,Some college/associate,1380,9,43,0,0,710.73,1,0,0
HG02376,28,82000,1,0,1,South,Some college/associate,1680,7,13,4,0,787.7,0,0,0
HG02377,32,59000,1,0,1,Midwest,High school or less,2230,0,0,68,0,1064.17,0,0,0
HG02378,69,148500,2,0,0,Northeast,High school or less,1720,9,38,3,0.388888889,1164.67,0,0,0
HG02379,44,92000,2,0,1,South,Some college/associate,1550,11,40,3,0,859.12,1,0,0
HG02380,50,114800,2,0,0,West,Bachelor's,1110,4,21,1,0,995.08,1,0,0
HG02381,33,55900,1,0,0,South,High school or less,1210,2,7,2,0,709.67,0,0,0
HG02382,54,68400,2,0,0,West,Some college/associate,1610,0,0,67,0,1064.42,0,0,0
HG02383,48,67400,1,0,1,South,High school or less,2120,5,23,3,0,609.58,1,0,0
HG02384,30,53900,1,0,0,West,High school or less,1190,5,13,4,0,777.41,0,1,84.11
HG02385,63,88100,1,0,1,West,High school or less,1630,4,20,0,0.272727273,568.56,0,0,0
HG02386,26,32900,1,0,1,Northeast,High school or less,790,9,25,6,0,1021.23,1,0,0
HG02387,58,106800,2,0,0,South,Bachelor's,1680,4,12,4,0,794.7,0,0,0
HG02388,47,110600,3,1,1,South,Bachelor's,3290,0,0,94,0,920.36,0,0,0
HG02389,54,120100,2,0,0,South,Bachelor's,2300,8,23,1,0,1220.08,1,0,0
HG02390,48,105100,1,0,1,West,Bachelor's,1480,4,11,2,0,917.52,0,0,0
HG02391,50,51800,2,1,1,Midwest,High school or less,1570,0,0,55,0,1062.16,0,0,0
HG02392,46,79400,4,1,1,Northeast,Bachelor's,2020,11,46,2,0,1061.27,0,1,75.15
HG02393,24,46900,2,0,1,South,High school or less,1250,6,10,5,0,1026.55,0,0,0
HG02394,31,112000,3,2,1,South,Some college/associate,1660,9,32,6,0,922.35,1,0,0
HG02395,32,106400,4,3,1,Northeast,Bachelor's,2110,6,21,4,0,1183.28,1,1,286.34
HG02396,58,17700,2,0,0,West,High school or less,1010,0,0,75,0,760.38,1,0,0
HG02397,51,87900,3,1,1,South,Graduate,2750,0,0,47,0,1113.99,1,0,0
HG02398,24,32300,4,0,0,West,High school or less,1510,0,0,71,0,992.63,0,0,0
HG02399,56,71700,1,0,0,Midwest,High school or less,1060,7,31,0,0.071428571,641.57,1,0,0
HG02400,47,101300,3,1,1,West,Some college/associate,1710,3,16,9,0,933.24,0,0,0
HG02401,50,48800,3,2,1,South,High school or less,2780,11,37,0,0.35,1086.47,0,0,0
HG02402,55,143100,3,0,1,Midwest,Bachelor's,2470,7,26,3,0,1213.76,1,0,0
HG02403,48,134800,1,0,1,Northeast,Graduate,1700,3,5,5,0,1267.9,0,0,0
HG02404,44,34700,1,0,1,West,High school or less,1230,7,34,1,0,940.26,1,0,0
HG02405,28,85800,3,1,0,Midwest,Graduate,1670,12,34,0,0,1059.15,1,0,0
HG02406,50,49100,3,1,1,South,High school or less,2620,0,0,53,0,949.88,0,0,0
HG02407,48,96200,3,0,1,Northeast,Some college/associate,1990,7,22,6,0,729.54,0,0,0
HG02408,49,132600,3,2,1,South,Graduate,2040,0,0,102,0,1056.92,0,1,102.3
HG02409,42,,2,0,0,Midwest,Bachelor's,780,12,38,4,0,772.45,1,0,0
HG02410,31,66600,2,0,0,South,High school or less,730,5,16,6,0,497.26,0,0,0
HG02411,27,101500,1,0,1,Northeast,High school or less,1340,8,29,3,0,738.42,0,1,167.57
HG02412,74,72700,1,0,1,South,Some college/associate,2420,0,0,114,0,1023.04,1,0,0
HG02413,36,65400,2,0,1,West,Some college/associate,1950,11,43,3,0.307692308,827.83,0,0,0
HG02414,46,154300,5,1,1,Midwest,Graduate,3170,10,27,2,0,1172.33,1,0,0
HG02415,48,42900,1,0,1,West,High school or less,1980,7,21,0,0,949.21,0,0,0
HG02416,24,74700,3,1,1,Northeast,Graduate,2170,0,0,61,0,1094.34,0,1,162.53
HG02417,52,78600,1,0,0,Midwest,Bachelor's,1220,0,0,82,0.391304348,1058.57,1,0,0
HG02418,46,77300,4,0,1,South,Graduate,3250,9,33,5,0,929.6,1,0,0
HG02419,27,38200,3,1,0,Northeast,High school or less,1500,0,0,59,0,714.86,1,0,0
HG02420,52,296200,5,3,1,South,Graduate,2190,28,93,0,0,1653.23,0,0,0
HG02421,36,292200,2,0,1,West,Bachelor's,3160,7,17,1,0,1347.13,0,0,0
HG02422,42,54100,2,1,0,Midwest,High school or less,1570,4,15,10,0.384615385,492.8,0,0,0
HG02423,42,167800,5,2,1,Midwest,Some college/associate,3070,10,27,3,0,1312.86,1,0,0
HG02424,52,97500,1,0,1,Midwest,Graduate,1830,4,16,5,0,1272.08,0,0,0
HG02425,39,49700,3,0,0,South,High school or less,1500,0,0,67,0,853.16,1,0,0
HG02426,56,112400,2,0,1,Midwest,Some college/associate,1990,5,17,0,0,761.02,1,0,0
HG02427,31,43400,4,2,0,Midwest,High school or less,1770,4,10,1,0.5,1199.88,1,1,45.23
HG02428,55,54200,1,0,1,Midwest,Bachelor's,1240,10,33,2,0.333333333,806.15,0,0,0
HG02429,24,43900,3,0,1,West,Some college/associate,2580,0,0,81,0,976.12,1,0,0
HG02430,36,165600,4,0,1,South,Bachelor's,2590,7,20,2,0,1379.72,0,0,0
HG02431,62,156900,1,0,1,South,Graduate,2310,3,11,1,0,1289.6,1,1,594.73
HG02432,41,186900,2,1,1,South,Bachelor's,2360,6,17,0,0,1094.13,0,0,0
HG02433,30,74000,3,1,1,South,Bachelor's,2020,9,29,4,0,1075.62,0,0,0
HG02434,35,44700,2,1,0,Midwest,High school or less,1210,2,7,12,0.5,498.86,0,0,0
HG02435,71,64000,1,0,1,Northeast,Some college/associate,1090,12,48,0,0,1080.24,0,0,0
HG02436,35,75800,4,0,0,South,High school or less,1660,11,29,2,0,829.42,0,0,0
HG02437,61,52300,4,0,1,South,High school or less,1810,10,34,1,0,955.5,1,0,0
HG02438,37,90200,4,0,1,Northeast,High school or less,2960,0,0,87,0,854.27,0,0,0
HG02439,32,30300,2,0,0,South,High school or less,1190,0,0,72,0,909.35,1,0,0
HG02440,41,73200,1,0,1,Midwest,High school or less,1130,3,16,7,0.444444444,912.01,0,0,0
HG02441,42,28600,5,2,0,Northeast,High school or less,1750,0,0,69,0,1105.59,0,0,0
HG02442,28,83000,2,0,1,South,Some college/associate,1280,3,6,9,0,1105.55,1,0,0
HG02443,41,42000,4,2,1,South,High school or less,1660,4,16,7,0,882.49,1,0,0
HG02444,60,63500,3,0,1,Northeast,Some college/associate,2440,0,0,65,0,1123.25,0,0,0
HG02445,52,,4,1,1,Northeast,High school or less,1450,4,10,5,0,1086.34,0,0,0
HG02446,40,55200,4,2,1,Midwest,Graduate,2070,7,24,0,0,1240.32,1,0,0
HG02447,52,94700,2,0,1,South,Graduate,1180,12,33,14,0,1253.18,0,1,242.83
HG02448,34,48300,3,0,0,West,High school or less,1390,0,0,51,0,553.64,0,0,0
HG02449,48,158000,2,1,1,South,Graduate,1580,14,48,1,0,986.98,0,0,0
HG02450,43,65000,2,1,1,Midwest,Graduate,1480,9,18,2,0,952.03,1,0,0
HG02451,73,74500,1,0,1,Midwest,Some college/associate,,6,9,13,0,966.28,0,0,0
HG02452,20,38800,4,1,0,Midwest,High school or less,2020,0,0,79,0,685.99,1,0,0
HG02453,48,92200,1,0,1,West,Graduate,2110,9,27,0,0,990.1,1,0,0
HG02454,54,109200,2,0,1,West,Bachelor's,1340,11,17,6,0,1022.83,0,0,0
HG02455,28,37500,2,0,1,Northeast,High school or less,1170,7,20,3,0,599.84,1,0,0
HG02456,35,57500,1,0,1,South,Some college/associate,1490,2,1,24,0,970.46,0,0,0
HG02457,44,63300,3,1,0,West,Bachelor's,1630,14,48,0,0,902.98,0,0,0
HG02458,68,126400,5,0,1,South,Graduate,3190,0,0,131,0,1321.93,0,0,0
HG02459,60,89800,4,1,1,West,Some college/associate,1230,5,15,6,0,1190.4,1,1,202.79
HG02460,44,47100,1,0,1,South,High school or less,1610,5,18,16,0,828.13,0,0,0
HG02461,49,61400,4,2,0,South,Some college/associate,1150,6,24,0,0.086956522,1019.89,0,0,0
HG02462,37,15000,4,2,0,South,High school or less,1230,9,27,2,0,813.18,0,0,0
HG02463,35,84900,1,0,1,West,High school or less,1230,9,30,2,0,979.02,0,0,0
HG02464,27,91400,4,0,0,South,Some college/associate,2070,6,13,1,0,859.78,1,0,0
HG02465,38,44800,2,1,0,Midwest,High school or less,1750,0,0,68,0,805.97,0,0,0
HG02466,32,104200,2,0,0,Midwest,Some college/associate,1300,9,23,0,0,967.22,0,0,0
HG02467,24,22900,1,0,0,South,High school or less,1190,3,18,2,0,830.4,0,1,137.53
HG02468,33,56600,1,0,1,West,High school or less,1290,1,5,18,0,911.42,1,0,0
HG02469,21,60500,2,0,0,West,High school or less,1150,3,3,11,0,892.29,1,1,144.05
HG02470,61,57200,1,0,1,South,Some college/associate,1210,8,29,1,0,970.36,1,0,0
HG02471,48,183700,4,3,1,South,Bachelor's,2640,8,23,2,0,1452.94,1,1,60.52
HG02472,40,108700,2,1,1,South,Bachelor's,1570,12,53,2,0,910.79,0,0,0
HG02473,70,90200,2,0,1,Northeast,Bachelor's,1600,7,12,0,0,888.86,1,0,0
HG02474,36,51700,4,1,1,Northeast,High school or less,2000,0,0,56,0,986.87,1,0,0
HG02475,47,46200,1,0,0,Midwest,High school or less,1120,1,1,19,0,923.41,1,0,0
HG02476,36,92300,4,2,0,South,Some college/associate,1470,13,32,0,0,1306.75,0,1,108.55
HG02477,38,54300,3,2,0,South,Some college/associate,1110,0,0,95,0,754.9,1,0,0
HG02478,46,118000,6,1,1,West,Bachelor's,2420,17,40,9,0,1022.92,0,0,0
HG02479,18,46600,2,0,0,South,High school or less,1380,7,28,0,0,689.1,0,0,0
HG02480,40,168200,1,0,0,South,Bachelor's,1550,10,23,1,0,1208.59,1,0,0
HG02481,55,110300,6,0,1,Northeast,Graduate,3780,3,11,3,0,1494.5,1,0,0
HG02482,32,118900,2,0,1,Northeast,Some college/associate,1650,3,8,2,0,1059.53,0,1,346.25
HG02483,51,56700,3,1,1,Northeast,Some college/associate,2260,0,0,79,0,1076.24,0,0,0
HG02484,51,55800,1,0,0,South,High school or less,1020,4,7,1,0,865.26,0,1,70.17
HG02485,53,102900,1,0,1,Northeast,Bachelor's,1820,1,6,7,0.181818182,1171.41,0,0,0
HG02486,61,63900,2,0,1,West,Some college/associate,1630,5,17,7,0.25,675.54,0,0,0
HG02487,51,101800,4,1,1,West,Some college/associate,2780,0,0,82,0,1261.9,1,0,0
HG02488,61,111000,3,0,1,Midwest,Bachelor's,1450,7,15,5,0,1251.73,1,1,144.3
HG02489,33,62100,2,0,0,Midwest,High school or less,2250,0,0,77,0,745.99,1,0,0
HG02490,33,,2,0,1,South,High school or less,2130,0,0,51,0,644.33,1,0,0
HG02491,40,49600,1,0,0,Northeast,High school or less,1240,7,17,2,0,694.87,0,0,0
HG02492,32,125600,3,2,1,South,High school or less,1680,14,41,0,0,1108.54,1,0,0
HG02493,56,52700,4,0,1,South,Bachelor's,1800,0,0,53,0,923.08,1,0,0
HG02494,44,102000,4,0,0,Northeast,Graduate,1740,10,31,1,0,1012.66,1,0,0
HG02495,37,164100,2,0,0,South,Graduate,1110,5,14,8,0,992.82,1,0,0
HG02496,40,99800,3,1,1,South,Some college/associate,1250,5,13,1,0,1031.14,0,1,23.18
HG02497,45,132900,1,0,1,South,Graduate,1250,6,7,5,0,1281.8,1,0,0
HG02498,58,47900,2,0,1,South,Some college/associate,1330,5,9,1,0,513.02,0,0,0
HG02499,38,114200,4,1,0,South,Some college/associate,1810,10,38,3,0,954.77,1,1,29.29
HG02500,51,85200,1,0,1,South,Bachelor's,1370,2,7,1,0,1060.68,1,0,0
HG02501,19,57200,6,0,1,South,High school or less,3570,0,0,84,0,1157.94,0,0,0
HG02502,54,68100,1,0,1,South,High school or less,1170,2,9,13,0,711.28,0,0,0
HG02503,49,268500,2,0,1,Midwest,Graduate,2190,8,17,1,0,1281.76,0,0,0
HG02504,39,124900,2,1,0,South,Some college/associate,1380,16,59,0,0,1033.51,0,0,0
HG02505,49,161300,1,0,1,Northeast,Graduate,2310,7,25,4,0,1309.94,0,0,0
HG02506,32,58500,3,0,1,Northeast,Some college/associate,1710,0,0,80,0,809.37,1,1,104.02
HG02507,50,49800,1,0,0,South,High school or less,1180,3,8,3,0,653.93,0,0,0
HG02508,41,101400,4,0,1,West,Graduate,2210,6,11,1,0,1187.43,1,0,0
HG02509,46,132500,3,0,1,South,Some college/associate,2020,6,11,11,0,1023.16,0,0,0
HG02510,19,39800,1,0,0,West,High school or less,940,0,0,59,0,959.36,1,0,0
HG02511,73,98700,1,0,1,South,Some college/associate,1550,3,4,6,0.181818182,1022.09,1,0,0
HG02512,42,61100,6,1,0,Midwest,Bachelor's,3170,0,0,96,0,922.08,0,0,0
HG02513,26,22100,3,0,0,Midwest,Some college/associate,1170,8,26,2,0,755.73,0,0,0
HG02514,62,74800,5,2,1,South,Bachelor's,2880,0,0,45,0,1125.05,1,1,48.96
HG02515,54,108500,3,0,1,West,Bachelor's,1390,7,27,1,0,994.71,1,1,60.4
HG02516,30,45400,2,1,1,Midwest,High school or less,1440,7,11,4,0,620.46,1,1,14.52
HG02517,47,53700,4,0,1,South,High school or less,1850,7,22,1,0,834.82,0,0,0
HG02518,57,31700,1,0,1,Midwest,High school or less,1520,0,0,46,0,665.18,0,0,0
HG02519,48,73800,1,0,1,Northeast,Some college/associate,1460,7,17,1,0.428571429,764.29,1,1,44.56
HG02520,45,24300,4,2,0,South,High school or less,1810,0,0,47,0,826.84,0,0,0
HG02521,36,69800,3,1,1,West,Bachelor's,1760,9,22,2,0,905.27,0,0,0
HG02522,45,134100,3,2,1,Midwest,Bachelor's,2070,4,14,10,0.391304348,1077.37,1,0,0
HG02523,41,76800,2,1,0,West,Some college/associate,1120,16,32,1,0,863.31,0,0,0
HG02524,57,96400,1,0,1,South,Bachelor's,1020,5,20,4,0,1023.94,1,1,186.03
HG02525,28,44500,1,0,0,Midwest,Some college/associate,950,0,0,87,0,613.03,1,0,0
HG02526,42,67600,2,1,0,Northeast,High school or less,770,11,27,5,0,751.85,0,0,0
HG02527,36,49000,1,0,1,Northeast,Some college/associate,1070,9,63,0,0.3125,872.83,1,1,387.5
HG02528,37,44500,3,1,1,South,High school or less,2520,0,0,52,0,883.07,1,0,0
HG02529,66,86100,2,0,1,South,Some college/associate,1330,4,17,1,0,952.25,1,0,0
HG02530,39,87400,6,1,0,Midwest,Bachelor's,3450,6,11,5,0,1301.81,1,1,201.35
HG02531,51,62600,2,1,1,South,High school or less,1120,5,24,5,0.3125,825.55,0,1,188.45
HG02532,54,104400,2,1,0,Northeast,Some college/associate,650,19,49,0,0,720.68,0,0,0
HG02533,33,40800,2,0,0,South,High school or less,1450,4,8,1,0,725.22,0,1,406.5
HG02534,59,138200,5,0,0,South,Bachelor's,2660,10,38,2,0,1086.11,1,0,0
HG02535,76,107600,1,0,0,Northeast,Bachelor's,2090,5,26,9,0.5,1073.21,1,0,0
HG02536,58,56700,4,0,1,Midwest,High school or less,1480,2,5,1,0,1150.29,0,0,0
HG02537,22,56100,6,0,0,Northeast,Some college/associate,2090,8,24,6,0,1029.38,1,1,245.22
HG02538,36,39600,2,1,1,South,High school or less,920,8,40,2,0,910.64,0,0,0
HG02539,48,46300,3,2,1,West,Some college/associate,1500,0,0,58,0,932.86,1,0,0
HG02540,29,75200,4,3,0,West,Graduate,1710,2,4,5,0,942.16,0,0,0
HG02541,46,127600,5,1,1,Northeast,Bachelor's,3860,11,25,1,0,1149.1,1,0,0
HG02542,39,36100,2,0,1,South,High school or less,1860,0,0,69,0,1046.82,0,0,0
HG02543,42,66400,3,0,0,South,High school or less,1450,14,39,2,0,945.67,0,0,0
HG02544,63,47500,1,0,1,South,High school or less,1450,5,15,3,0,932.94,1,1,260.27
HG02545,47,79200,1,0,1,Midwest,High school or less,2010,1,4,5,0,1094.87,1,0,0
HG02546,51,29100,3,2,1,South,Some college/associate,1910,9,28,2,0,1005.44,1,0,0
HG02547,64,46600,1,0,0,Midwest,High school or less,790,5,21,3,0,880.32,1,0,0
HG02548,60,90400,5,1,0,Midwest,Bachelor's,1980,8,54,5,0,1501.61,0,1,134.3
HG02549,35,35500,4,1,0,South,High school or less,790,12,36,1,0,895.5,1,0,0
HG02550,66,97900,1,0,1,Northeast,Some college/associate,2300,2,3,11,0.3125,1125.89,0,0,0
HG02551,48,212500,1,0,1,Northeast,Bachelor's,2180,4,18,5,0,1125.59,0,0,0
HG02552,47,135100,4,1,1,Northeast,Bachelor's,2770,5,16,3,0,1205.43,1,0,0
HG02553,44,55700,2,1,0,Northeast,Some college/associate,2100,0,0,41,0,784.13,0,0,0
HG02554,58,78700,1,0,1,Midwest,Some college/associate,1480,2,14,4,0,1395.34,1,1,97.69
HG02555,39,221500,4,0,1,Midwest,Graduate,3920,5,16,0,0,1200.31,0,1,80.85
HG02556,60,59900,4,1,1,Midwest,Some college/associate,2370,0,0,151,0,912.16,1,0,0
HG02557,21,84300,2,0,0,South,Bachelor's,1770,4,9,3,0,959.82,0,0,0
HG02558,52,229900,2,0,1,South,Graduate,2540,10,27,1,0,1250.51,1,1,254.55
HG02559,76,92100,1,0,1,South,Bachelor's,1340,5,26,11,0,1209.52,1,0,0
HG02560,56,146800,2,0,1,West,Graduate,3210,4,18,7,0,1111.77,0,0,0
HG02561,43,35400,2,0,1,South,High school or less,1570,6,39,0,0,619.79,1,0,0
HG02562,36,76600,2,1,1,South,Some college/associate,1550,5,23,3,0.181818182,1326.37,1,0,0
HG02563,33,113300,2,0,1,Northeast,Some college/associate,1820,6,13,3,0,793.73,0,0,0
HG02564,32,199400,5,3,0,Midwest,Some college/associate,3610,7,33,1,0,1377.46,1,0,0
HG02565,45,60300,1,0,1,Midwest,High school or less,1410,4,18,8,0,1157.95,0,0,0
HG02566,52,97700,2,1,1,Northeast,Bachelor's,1710,4,13,3,0.454545455,951.21,1,0,0
HG02567,45,104600,2,0,0,South,Bachelor's,1250,1,4,2,0,755.94,0,0,0
HG02568,61,56400,1,0,1,Northeast,High school or less,1470,4,13,6,0.117647059,597.11,0,0,0
HG02569,54,57400,5,2,1,South,High school or less,2740,0,0,62,0,1149.24,0,0,0
HG02570,42,89300,1,0,1,South,Bachelor's,1450,3,3,3,0,841.97,1,0,0
HG02571,28,78700,3,0,0,South,Some college/associate,1450,9,19,0,0,1291.73,0,1,163.37
HG02572,32,18700,4,0,0,West,High school or less,,10,22,3,0,697.7,0,0,0
HG02573,28,63700,3,2,0,South,Some college/associate,870,27,61,0,0,1001.07,0,0,0
HG02574,43,140800,3,2,1,South,Some college/associate,1500,9,31,1,0,1280.38,0,1,95.68
HG02575,42,126200,3,0,0,South,Bachelor's,1150,10,33,7,0,840.57,0,0,0
HG02576,57,94200,2,0,1,West,Some college/associate,2230,10,36,3,0,1099.93,0,1,39.59
HG02577,35,114300,2,0,0,West,Some college/associate,1910,4,14,10,0,983.72,1,0,0
HG02578,53,261500,4,0,1,Midwest,Graduate,2450,5,10,1,0,1581.53,0,1,74.94
HG02579,47,191000,3,2,1,Midwest,Bachelor's,1620,8,29,5,0,1284.28,0,1,159.42
HG02580,47,53300,4,0,1,Northeast,High school or less,1800,4,7,3,0.375,879.27,1,0,0
HG02581,38,137100,1,0,1,South,Graduate,990,11,25,2,0,1086.44,1,1,73.52
HG02582,24,50600,2,0,0,South,High school or less,1580,8,29,5,0,681.71,0,0,0
HG02583,36,44300,3,0,0,South,High school or less,970,7,32,0,0,597.27,0,0,0
HG02584,41,58100,3,1,1,West,Bachelor's,1800,6,22,0,0,775.61,0,0,0
HG02585,55,53800,1,0,0,Midwest,Some college/associate,760,0,0,49,0,754.05,1,0,0
HG02586,44,91500,3,0,0,Midwest,Some college/associate,1270,3,9,2,0,1071.63,0,0,0
HG02587,44,53100,1,0,1,Midwest,High school or less,1840,3,15,1,0,755.47,0,0,0
HG02588,67,109400,2,0,1,West,Bachelor's,1880,9,39,0,0.2,1001.44,0,0,0
HG02589,56,226300,3,0,1,South,Graduate,2040,15,46,0,0,1291.11,0,0,0
HG02590,58,205700,1,0,0,South,Graduate,1520,4,15,1,0,1242.21,0,0,0
HG02591,45,129400,2,1,1,Midwest,Bachelor's,1810,5,15,10,0,1058.43,0,0,0
HG02592,48,52500,6,3,1,West,Some college/associate,3300,0,0,84,0,1283.06,1,1,89.23
HG02593,37,33300,5,3,1,West,High school or less,1740,0,0,77,0,1046.46,1,0,0
HG02594,63,82200,1,0,1,West,High school or less,960,6,26,0,0,931.48,0,0,0
HG02595,39,171200,3,1,0,West,Some college/associate,1720,4,8,2,0,764.77,0,0,0
HG02596,55,90300,2,0,1,West,Graduate,1670,14,31,3,0,1084.08,1,0,0
HG02597,54,236300,4,0,1,South,Graduate,3200,7,12,0,0,1699.5,1,1,371.86
HG02598,58,102300,2,0,1,Midwest,Graduate,2630,4,9,18,0.363636364,1176.17,0,0,0
HG02599,57,218700,1,0,1,Midwest,Graduate,2600,0,0,55,0,1219.89,1,0,0
HG02600,44,88800,4,1,1,Midwest,Bachelor's,2220,0,0,61,0,1029.41,1,0,0
HG02601,68,117700,2,0,0,Northeast,Bachelor's,2110,5,15,2,0.384615385,1244.67,1,0,0
HG02602,25,120800,1,0,0,South,Bachelor's,1060,7,17,4,0,979.85,1,1,99.01
HG02603,67,70400,1,0,1,Northeast,Some college/associate,1790,5,24,0,0.3125,893.03,0,0,0
HG02604,65,70500,2,1,1,Midwest,High school or less,1120,7,24,3,0.19047619,1025.5,1,1,114.36
HG02605,28,60300,2,0,1,Midwest,Bachelor's,1470,0,0,104,0,1025.37,0,1,146.26
HG02606,38,48500,1,0,0,West,Graduate,1100,0,0,79,0,1113.35,1,0,0
HG02607,45,56800,2,1,1,West,Some college/associate,1950,4,25,0,0,728.17,1,0,0
HG02608,36,139900,5,2,0,Northeast,Bachelor's,1700,10,27,1,0,1174.5,1,0,0
HG02609,53,70200,2,1,0,Midwest,Some college/associate,1050,0,0,67,0,903.22,0,0,0
HG02610,39,80400,4,1,1,South,Some college/associate,4600,0,0,68,0,991.86,1,1,125.76
HG02611,58,112800,2,0,1,Northeast,Bachelor's,1630,5,10,3,0.181818182,1164.21,0,0,0
HG02612,76,92800,2,0,1,Northeast,Some college/associate,1340,8,33,10,0,757.98,1,0,0
HG02613,43,72100,5,2,1,South,Some college/associate,3160,5,15,2,0,1008.84,0,0,0
HG02614,50,97800,4,0,1,South,Bachelor's,1670,6,17,1,0,1392.38,0,1,160.13
HG02615,50,102200,3,1,1,Northeast,Some college/associate,1840,9,16,5,0,1186.95,0,0,0
HG02616,41,102700,2,1,1,South,Bachelor's,1900,7,22,4,0,824.14,0,0,0
HG02617,48,94100,1,0,1,West,High school or less,1140,7,24,11,0,831.53,1,0,0
HG02618,29,51900,2,1,1,Northeast,High school or less,1020,8,16,1,0,684.32,1,0,0
HG02619,57,60400,2,0,0,Northeast,High school or less,2050,0,0,125,0,1082.33,1,1,76.58
HG02620,54,54400,3,0,0,South,Some college/associate,1310,0,0,96,0,846.85,1,0,0
HG02621,39,106500,2,0,0,West,Bachelor's,1810,12,49,0,0,923.15,1,0,0
HG02622,70,140500,5,0,1,Northeast,Bachelor's,3050,4,8,1,0.529411765,1232.64,0,0,0
HG02623,30,26300,2,0,0,South,High school or less,1180,0,0,42,0,557.69,1,1,19.41
HG02624,27,74000,3,1,0,South,Some college/associate,1800,13,47,1,0,771.41,0,0,0
HG02625,33,39500,2,1,0,Midwest,High school or less,2240,0,0,63,0,878.28,0,0,0
HG02626,48,173600,2,0,1,South,Bachelor's,2650,10,28,0,0,1098.79,0,0,0
HG02627,51,54000,2,0,1,South,Some college/associate,1330,12,35,0,0,1185.56,1,1,58.19
HG02628,23,28300,1,0,0,Northeast,High school or less,1680,0,0,61,0,453.86,1,0,0
HG02629,51,110600,1,0,0,West,Bachelor's,1470,5,6,0,0,893.07,1,0,0
HG02630,49,70600,1,0,1,Midwest,High school or less,1580,6,17,3,0,767.08,0,0,0
HG02631,47,73200,4,1,1,West,Some college/associate,2380,8,23,1,0,1373.15,1,0,0
HG02632,50,112300,5,2,1,South,Bachelor's,2860,6,18,7,0,1275.28,1,1,255.73
HG02633,39,54800,1,0,0,Northeast,High school or less,1590,5,11,4,0,862.38,0,0,0
HG02634,29,73900,2,0,1,South,High school or less,1150,6,14,4,0,880.86,0,0,0
HG02635,45,103400,6,2,1,Northeast,Some college/associate,3250,5,23,2,0.307692308,1261.44,0,1,52.7
HG02636,32,38900,4,1,0,Midwest,Some college/associate,1610,0,0,52,0,1009.41,1,0,0
HG02637,49,76000,4,1,0,West,Some college/associate,2490,0,0,138,0,1088.49,1,0,0
HG02638,42,137400,1,0,1,South,Bachelor's,2420,3,11,28,0,1110.35,1,0,0
HG02639,43,59900,4,1,1,West,High school or less,3490,0,0,88,0,1047.86,1,0,0
HG02640,46,170400,4,1,1,West,Some college/associate,3410,8,38,7,0,1199.19,0,0,0
HG02641,49,154100,2,0,1,South,Bachelor's,2470,11,33,1,0,1082.58,0,0,0
HG02642,39,84200,4,2,0,South,Graduate,1330,11,34,6,0,1023.63,1,0,0
HG02643,39,51700,2,0,1,Midwest,High school or less,1550,4,22,0,0.4,832.04,1,0,0
HG02644,39,73600,2,0,1,West,Some college/associate,1520,7,20,1,0,772.93,1,0,0
HG02645,63,62200,1,0,0,West,Some college/associate,720,6,21,1,0,959.9,0,0,0
HG02646,30,128600,2,1,0,Midwest,Bachelor's,2040,7,23,7,0,966.91,0,0,0
HG02647,42,83000,1,0,1,Northeast,Some college/associate,1840,8,28,4,0.333333333,1059.3,1,0,0
HG02648,24,99200,3,1,0,West,Some college/associate,1280,19,65,0,0,1111.7,0,0,0
HG02649,51,264900,2,1,0,South,Bachelor's,2270,4,11,7,0,1050.43,1,1,27.02
HG02650,54,128700,2,0,1,West,Graduate,1810,4,14,1,0,969.46,1,0,0
HG02651,48,69400,2,1,0,South,Some college/associate,1260,13,30,1,0,929.56,1,0,0
HG02652,39,181500,3,1,1,West,Graduate,2130,11,30,2,0,1229.38,1,0,0
HG02653,43,114100,3,0,1,West,Some college/associate,2660,0,0,138,0,919.05,0,0,0
HG02654,62,62400,2,1,0,South,High school or less,1300,5,14,12,0.333333333,696.32,1,0,0
HG02655,59,76300,3,0,1,South,Bachelor's,1190,16,30,0,0,854.72,0,1,66.15
HG02656,60,81200,3,0,1,South,High school or less,3370,0,0,104,0,1009.09,0,0,0
HG02657,45,142200,2,0,1,Northeast,Graduate,2340,10,30,2,0,1238.4,1,0,0
HG02658,38,124700,4,2,1,West,High school or less,2400,6,12,6,0,1153.27,0,0,0
HG02659,38,145100,1,0,1,West,Bachelor's,940,8,15,1,0,1124.31,0,0,0
HG02660,46,93400,1,0,1,West,Some college/associate,1310,9,25,1,0,1031.52,1,1,87.48
HG02661,35,69400,1,0,0,Midwest,Bachelor's,1180,4,11,1,0.3125,844.36,0,0,0
HG02662,45,185200,2,1,1,South,Some college/associate,1740,15,42,0,0,1514.86,1,1,114.31
HG02663,43,57300,2,0,0,South,High school or less,1670,0,0,77,0,825.29,0,0,0
HG02664,57,103300,3,1,1,West,Bachelor's,1810,5,14,2,0.333333333,927.85,1,0,0
HG02665,41,,2,1,1,West,Some college/associate,1600,10,27,3,0,1177.84,0,0,0
HG02666,44,151000,1,0,0,West,Graduate,2010,5,13,3,0,924.61,0,1,274.43
HG02667,43,83400,2,1,1,Midwest,Graduate,1460,15,41,3,0,1288.19,0,1,175.6
HG02668,40,,2,0,1,Northeast,Some college/associate,2130,9,19,7,0,1155.92,1,0,0
HG02669,34,52200,3,1,1,Midwest,High school or less,1650,5,21,4,0,1027,0,1,113.16
HG02670,41,36900,2,1,1,West,High school or less,1420,0,0,52,0,876.39,1,0,0
HG02671,62,69800,1,0,1,West,Graduate,1420,0,0,54,0,824.98,1,0,0
HG02672,56,41900,2,0,1,Midwest,Some college/associate,1540,0,0,67,0,870.69,1,1,26.35
HG02673,27,61800,1,0,0,Northeast,Some college/associate,1310,5,26,3,0.214285714,543.55,0,0,0
HG02674,32,31200,3,0,1,South,High school or less,2160,0,0,77,0,793.32,1,0,0
HG02675,33,115000,2,0,1,West,Bachelor's,1350,9,25,6,0,955.74,0,0,0
HG02676,38,45000,2,0,1,West,Some college/associate,2030,0,0,96,0,649.5,0,0,0
HG02677,31,35000,5,2,1,South,High school or less,2380,0,0,82,0,975.25,1,0,0
HG02678,43,152100,2,0,0,Northeast,Some college/associate,1710,19,56,2,0,1019.97,1,0,0
HG02679,26,125100,1,0,1,South,Bachelor's,1050,12,29,8,0,807.12,0,0,0
HG02680,38,159500,4,1,1,South,Bachelor's,1950,18,42,2,0,1209.41,0,0,0
HG02681,70,104200,1,0,0,Northeast,Some college/associate,2070,6,19,2,0.1,628.19,1,0,0
HG02682,49,101200,1,0,1,Midwest,Bachelor's,1200,8,32,1,0.291666667,1087.38,1,0,0
HG02683,41,34600,6,4,1,Midwest,High school or less,1950,12,35,0,0,1255.8,1,0,0
HG02684,38,43300,3,2,1,Midwest,High school or less,1870,2,6,1,0,909.8,1,0,0
HG02685,54,100700,2,0,1,West,Bachelor's,1460,8,35,5,0.266666667,756.81,1,0,0
HG02686,51,195200,3,1,1,South,Bachelor's,2000,7,19,1,0,1360.71,0,0,0
HG02687,55,95200,4,1,1,South,Bachelor's,1820,9,29,0,0,793.95,0,0,0
HG02688,50,91900,6,4,1,Northeast,Some college/associate,5000,0,0,63,0,1450.82,1,0,0
HG02689,59,171700,2,0,1,Midwest,Some college/associate,1710,14,26,2,0,1065.19,0,0,0
HG02690,33,96600,3,1,1,West,High school or less,2430,0,0,45,0,1150.6,1,0,0
HG02691,31,23500,3,2,0,Midwest,Some college/associate,1620,0,0,67,0,1005.23,1,0,0
HG02692,53,146500,4,1,1,West,Bachelor's,2340,6,20,9,0,979.53,1,0,0
HG02693,34,62700,4,1,0,South,Some college/associate,1070,6,11,3,0,1184.2,1,0,0
HG02694,38,85700,2,0,1,South,Some college/associate,2090,0,0,86,0,961.57,1,0,0
HG02695,45,79200,3,0,0,West,High school or less,1180,18,48,0,0,792.39,0,0,0
HG02696,55,48200,1,0,0,South,High school or less,940,8,28,4,0,788.47,0,0,0
HG02697,57,79900,1,0,1,West,High school or less,,8,27,13,0,1051.33,1,0,0
HG02698,48,109500,6,1,1,South,Bachelor's,2500,25,67,2,0,1195.22,0,1,52.96
HG02699,21,48200,1,0,1,South,Some college/associate,820,11,23,0,0,817.39,0,0,0
HG02700,38,82900,2,0,1,West,High school or less,1060,6,16,4,0,603.72,0,0,0
HG02701,67,48600,1,0,0,South,High school or less,960,5,26,10,0,822.16,1,1,110.11
HG02702,34,39300,3,1,0,South,Some college/associate,1860,0,0,50,0,1126.1,0,1,112.29
HG02703,45,57900,1,0,1,South,Some college/associate,740,4,16,7,0,868.86,1,0,0
HG02704,49,107600,5,1,1,South,Bachelor's,3160,9,35,0,0,981.94,0,0,0
HG02705,46,114600,2,1,1,Midwest,Bachelor's,1370,0,0,60,0,1038.55,0,0,0
HG02706,68,161600,1,0,1,Northeast,Bachelor's,1590,7,19,0,0.304347826,1277.18,0,0,0
HG02707,22,79100,2,0,1,South,High school or less,1210,7,21,4,0,786.39,0,0,0
HG02708,57,27200,1,0,0,Northeast,High school or less,480,11,29,1,0,906.09,1,0,0
HG02709,35,55700,1,0,0,South,Some college/associate,1060,0,0,98,0,796.31,1,0,0
HG02710,55,110700,3,1,1,West,Some college/associate,1530,4,9,1,0,1033.17,1,0,0
HG02711,38,35700,2,0,1,West,High school or less,1380,0,0,78,0,627.31,1,0,0
HG02712,70,126000,2,0,0,Northeast,Bachelor's,2600,4,9,5,0.210526316,778.51,0,0,0
HG02713,48,125400,1,0,1,Midwest,Graduate,2690,5,8,0,0,1007.41,0,0,0
HG02714,57,205500,6,2,1,South,Graduate,4270,16,34,0,0,1807.76,0,0,0
HG02715,44,151500,3,2,1,West,Bachelor's,2100,3,6,6,0,953.93,1,0,0
HG02716,32,61300,1,0,1,West,Some college/associate,1820,3,11,13,0,1035.58,0,0,0
HG02717,34,79000,2,0,1,West,Some college/associate,1320,6,15,0,0,850.55,0,0,0
HG02718,68,76200,2,0,1,South,Some college/associate,1870,0,0,76,0,1071.48,1,0,0
HG02719,46,99700,3,2,0,Northeast,Graduate,1400,5,12,0,0,1031.74,0,0,0
HG02720,43,59100,3,2,1,South,Some college/associate,1450,0,0,83,0,1139.42,1,1,97.36
HG02721,51,82800,2,1,1,West,Bachelor's,1710,6,25,6,0,957.69,1,0,0
HG02722,52,62700,2,1,1,Midwest,High school or less,1300,9,47,2,0.235294118,990.53,0,1,95.37
HG02723,43,41500,5,4,1,South,High school or less,2860,0,0,108,0,941.63,0,0,0
HG02724,50,142400,1,0,0,Northeast,Graduate,1570,5,6,10,0,1124.79,0,0,0
HG02725,39,57000,2,0,1,Midwest,High school or less,1640,0,0,80,0,985.1,0,0,0
HG02726,34,89500,2,0,1,South,Bachelor's,1190,9,18,2,0,1109.5,0,0,0
HG02727,71,215700,1,0,1,South,Bachelor's,1390,4,14,4,0.375,1532.32,0,0,0
HG02728,54,158800,4,0,1,West,Graduate,3750,9,24,0,0.272727273,1004.94,1,1,86.09
HG02729,21,48400,1,0,0,South,High school or less,1070,9,29,0,0,1011.27,1,1,49.49
HG02730,52,215000,1,0,1,South,Graduate,2110,9,40,6,0,1158.34,1,0,0
HG02731,40,42900,3,1,1,West,High school or less,1950,0,0,42,0,861.95,0,0,0
HG02732,57,43700,2,0,0,Midwest,High school or less,1340,3,16,0,0,697.97,1,0,0
HG02733,59,51100,3,0,0,Northeast,High school or less,2590,0,0,88,0,863.27,0,1,172.19
HG02734,56,55600,4,0,1,South,Some college/associate,2700,0,0,99,0,1073.94,0,0,0
HG02735,60,57800,2,0,1,South,High school or less,1870,0,0,118,0,954.78,0,0,0
HG02736,62,126500,4,1,1,South,Bachelor's,2050,6,12,7,0,1087.21,1,0,0
HG02737,66,68700,2,0,1,South,High school or less,1220,9,37,4,0.416666667,1020.47,1,0,0
HG02738,68,75600,1,0,0,Northeast,Some college/associate,1040,6,11,0,0,984.96,1,1,30.93
HG02739,61,68000,1,0,1,West,Some college/associate,910,2,7,11,0,855.39,1,1,141.92
HG02740,22,29200,3,0,0,South,High school or less,880,9,27,6,0,761.69,1,0,0
HG02741,60,260400,1,0,1,Midwest,Graduate,1970,5,39,8,0,1308.68,0,0,0
HG02742,45,128200,6,2,1,Midwest,Bachelor's,4260,4,8,5,0,1298.69,0,0,0
HG02743,47,106200,1,0,1,Northeast,Bachelor's,1420,4,9,0,0,693.5,0,0,0
HG02744,65,232800,3,1,0,South,Graduate,1880,10,28,0,0,1390.31,1,1,59.37
HG02745,62,165200,6,0,1,West,Bachelor's,2720,3,6,0,0,1191.31,1,0,0
HG02746,38,104800,4,2,0,Northeast,Some college/associate,1130,12,36,4,0,1009.02,1,0,0
HG02747,68,60700,5,0,1,South,Graduate,2540,10,28,0,0,1544.04,0,0,0
HG02748,52,,4,2,1,West,Bachelor's,3320,9,24,1,0,1813.37,1,0,0
HG02749,45,67800,2,0,0,West,High school or less,1120,3,9,3,0,719.86,0,0,0
HG02750,48,58900,1,0,1,Northeast,Some college/associate,1340,7,19,5,0.368421053,877.28,1,1,32.63
HG02751,57,55500,2,0,1,West,Some college/associate,1390,7,22,2,0,971.15,0,0,0
HG02752,48,58200,1,0,1,South,High school or less,990,9,47,0,0,834.57,0,0,0
HG02753,48,83000,1,0,0,South,Graduate,1650,0,0,75,0,1142.55,0,0,0
HG02754,40,54600,2,0,0,West,High school or less,1110,7,32,11,0.363636364,754.59,1,1,84
HG02755,25,81900,4,0,0,South,High school or less,2180,0,0,54,0,1039.16,0,1,94.64
HG02756,37,,2,0,0,Midwest,High school or less,1320,9,43,0,0,666.91,0,0,0
HG02757,39,32800,1,0,1,South,High school or less,810,0,0,53,0,892.46,0,0,0
HG02758,30,95800,5,3,0,South,Bachelor's,1920,16,38,0,0,1175.79,0,0,0
HG02759,28,24700,1,0,0,West,High school or less,840,7,41,0,0,698.13,0,1,124.44
HG02760,48,,5,2,1,South,Bachelor's,2610,17,41,0,0,1500.96,1,0,0
HG02761,27,38500,1,0,0,West,High school or less,920,0,0,62,0,592.97,0,0,0
HG02762,37,56100,4,2,1,Northeast,Bachelor's,2220,4,16,3,0,1133.74,1,1,59.21
HG02763,46,64400,4,1,1,South,High school or less,3880,5,10,1,0.5,1225.9,1,1,104.85
HG02764,48,45300,2,1,0,Midwest,Some college/associate,970,0,0,58,0,626.47,0,0,0
HG02765,51,101900,3,0,0,Midwest,Bachelor's,1240,4,9,15,0,789.44,0,0,0
HG02766,41,61900,4,2,1,South,High school or less,2660,0,0,67,0,1045.19,0,0,0
HG02767,19,61100,3,0,1,South,High school or less,2030,0,0,57,0,786.93,0,0,0
HG02768,45,78100,4,2,0,West,Some college/associate,1980,6,21,5,0,848.53,1,0,0
HG02769,63,72300,2,0,1,South,Some college/associate,1400,5,9,8,0,1048.24,1,0,0
HG02770,73,83600,2,0,1,Northeast,Some college/associate,2340,7,26,0,0,1015.12,1,0,0
HG02771,58,51500,1,0,1,South,Bachelor's,2020,8,40,0,0,1100.07,0,0,0
HG02772,56,61800,3,0,1,West,Some college/associate,1700,14,47,1,0.4,824,0,0,0
HG02773,47,145200,2,1,0,Northeast,Some college/associate,1940,4,18,4,0,1026.07,1,0,0
HG02774,61,163500,2,0,0,Northeast,Graduate,1690,2,5,10,0.266666667,1293.31,0,0,0
HG02775,49,51200,5,2,0,Northeast,Graduate,2030,12,28,0,0,1098.96,0,0,0
HG02776,39,70000,2,0,1,Northeast,Some college/associate,1630,6,21,0,0,1288.44,1,0,0
HG02777,36,87100,2,0,1,South,Some college/associate,880,4,9,6,0,808.32,0,0,0
HG02778,55,50300,1,0,1,Northeast,High school or less,1410,4,17,1,0,718.56,1,0,0
HG02779,68,84900,2,0,1,West,High school or less,1250,3,5,4,0,1028.95,1,0,0
HG02780,23,66300,3,0,0,Midwest,Bachelor's,1160,15,34,4,0,681.78,0,0,0
HG02781,26,117300,3,1,1,Midwest,Bachelor's,1860,8,18,9,0,890.28,1,0,0
HG02782,51,110100,3,1,0,Northeast,Some college/associate,1410,19,42,2,0,1132.19,1,1,150.23
HG02783,43,99000,1,0,1,South,Bachelor's,1480,0,0,50,0,1091.26,1,0,0
HG02784,53,86800,6,0,1,West,Bachelor's,3130,5,16,2,0.4,1411.86,1,1,288.56
HG02785,60,151700,2,0,1,South,Some college/associate,1760,7,31,5,0,1231.73,1,0,0
HG02786,41,32300,1,0,0,Midwest,High school or less,800,0,0,53,0,787.98,0,0,0
HG02787,26,66800,2,1,0,West,Some college/associate,920,11,33,2,0,1039.38,0,0,0
HG02788,41,35600,3,1,0,South,Some college/associate,740,10,34,3,0,642.61,0,0,0
HG02789,42,44900,4,2,0,South,High school or less,1470,8,20,0,0,918.07,1,1,191.6
HG02790,75,55800,1,0,1,Northeast,Bachelor's,1040,7,23,2,0,932.49,1,0,0
HG02791,36,71700,2,0,1,Midwest,Bachelor's,1550,7,10,6,0,815.33,1,0,0
HG02792,58,52700,1,0,1,West,High school or less,1670,3,5,8,0.416666667,1144.22,1,0,0
HG02793,20,131500,1,0,1,Midwest,Some college/associate,1550,10,23,0,0,986.35,0,1,264.96
HG02794,42,75500,1,0,1,South,High school or less,1460,8,35,3,0,839.11,0,0,0
HG02795,40,52900,2,1,0,West,High school or less,960,4,8,8,0,831.22,1,0,0
HG02796,57,96700,1,0,1,South,Some college/associate,1180,6,17,4,0,1108.59,0,0,0
HG02797,36,80900,4,2,1,South,Graduate,2360,0,0,58,0,1067.8,0,0,0
HG02798,44,83700,3,1,1,Midwest,Bachelor's,1570,7,19,1,0.166666667,1076.97,0,1,260.3
HG02799,63,164000,1,0,0,South,Graduate,1950,0,0,47,0,1186.13,0,0,0
HG02800,56,115400,4,2,1,South,Bachelor's,2250,10,28,7,0.636363636,1029.4,0,0,0
HG02801,51,207100,2,1,1,Midwest,Some college/associate,2480,7,18,2,0,1167.32,0,0,0
HG02802,53,78000,4,1,1,South,Some college/associate,3370,0,0,43,0,827.81,0,0,0
HG02803,26,48900,4,1,1,South,Some college/associate,1660,7,41,0,0,720.94,1,1,111.98
HG02804,39,68300,2,1,1,Northeast,Bachelor's,1280,20,41,1,0,1138.03,0,0,0
HG02805,39,,6,2,0,West,Graduate,2500,9,27,0,0,1003.63,0,0,0
HG02806,55,127300,4,2,1,South,Bachelor's,3950,5,16,10,0,1277.37,0,0,0
HG02807,33,81000,1,0,0,Midwest,Bachelor's,980,7,20,3,0,880.8,0,0,0
HG02808,34,43100,1,0,0,South,High school or less,1100,0,0,59,0,1027.92,0,0,0
HG02809,26,78200,2,0,1,South,High school or less,1590,10,28,0,0,989.17,0,0,0
HG02810,34,147900,3,1,0,West,Bachelor's,680,10,36,4,0,1069.94,1,1,26.84
HG02811,33,89600,1,0,1,South,Bachelor's,1550,6,17,4,0,1053.13,1,0,0
HG02812,43,38100,1,0,1,West,High school or less,1550,4,11,2,0,638.73,1,0,0
HG02813,61,85000,3,0,0,West,Bachelor's,1650,6,26,2,0,1021.83,1,0,0
HG02814,40,165500,1,0,1,West,Graduate,2270,4,12,3,0,916.67,0,0,0
HG02815,42,41800,2,1,1,South,High school or less,1290,7,27,7,0,1146.74,1,0,0
HG02816,51,38400,3,1,0,South,Some college/associate,1810,0,0,45,0,1096.52,1,0,0
HG02817,31,100500,1,0,0,South,Graduate,1480,0,0,63,0,946.02,1,1,24.86
HG02818,61,54000,1,0,1,Midwest,Bachelor's,1410,5,19,6,0,873.07,1,0,0
HG02819,35,83700,1,0,1,Northeast,Graduate,1220,7,23,1,0,598.93,0,0,0
HG02820,47,111100,4,2,0,South,Bachelor's,1550,7,36,2,0,1139.78,0,0,0
HG02821,45,103100,1,0,0,Midwest,Some college/associate,1450,8,17,3,0,512.1,1,0,0
HG02822,44,29000,3,0,0,South,High school or less,1060,0,0,65,0,892.19,1,1,56.85
HG02823,41,93000,6,3,1,West,Some college/associate,3310,10,28,11,0,1493.87,1,1,92.67
HG02824,33,81500,3,2,0,South,Bachelor's,2010,9,24,0,0,1108.75,1,1,200.16
HG02825,37,195600,1,0,1,Northeast,Some college/associate,1640,5,15,0,0,1173.38,0,0,0
HG02826,34,154800,3,2,1,South,Some college/associate,2410,11,43,3,0,1246.57,1,0,0
HG02827,23,47500,2,0,1,South,High school or less,1090,11,30,2,0,737.7,0,0,0
HG02828,47,173600,2,1,0,West,Bachelor's,2130,6,20,5,0,1318.38,0,0,0
HG02829,29,44200,1,0,1,South,Bachelor's,1290,9,26,0,0,1005.27,1,0,0
HG02830,39,93600,3,1,0,West,Some college/associate,2000,6,19,3,0,815.7,0,0,0
HG02831,50,101500,3,2,1,Northeast,Graduate,2740,10,24,2,0,1112.71,0,0,0
HG02832,18,112500,1,0,1,Midwest,High school or less,1330,8,43,0,0,1407.13,1,1,438.42
HG02833,42,33800,2,1,0,West,Some college/associate,1640,10,23,0,0,846.21,0,0,0
HG02834,53,80700,2,0,1,West,Some college/associate,1620,1,4,6,0,741.64,1,0,0
HG02835,60,42800,1,0,1,Northeast,Bachelor's,1650,3,13,1,0,1147.93,0,0,0
HG02836,46,117300,2,1,1,South,Bachelor's,2830,4,14,12,0,763.17,1,0,0
HG02837,55,89600,1,0,1,West,High school or less,1430,0,0,58,0,1013.9,0,0,0
HG02838,54,211900,2,0,0,Midwest,Graduate,1760,9,24,1,0,1167.64,0,0,0
HG02839,27,42200,2,0,0,West,High school or less,500,19,46,0,0,618.88,0,0,0
HG02840,55,94000,2,0,1,Midwest,Some college/associate,1010,15,32,1,0,660.09,1,1,45.58
HG02841,32,65900,5,1,0,South,High school or less,1590,10,35,2,0,473.87,0,0,0
HG02842,26,38900,2,1,0,West,High school or less,1210,8,30,1,0,1029.17,1,1,105.38
HG02843,62,75700,2,0,1,Northeast,Graduate,1800,10,32,6,0.291666667,1001.5,1,1,25.84
HG02844,66,165300,3,0,1,West,Bachelor's,1650,8,11,0,0,1079.93,1,0,0
HG02845,24,175900,1,0,0,Midwest,Some college/associate,1050,10,35,0,0,1111.14,0,0,0
HG02846,55,136400,3,0,1,South,Graduate,1990,8,30,8,0,1378.25,0,1,102.78
HG02847,34,72400,3,2,0,Midwest,Bachelor's,2100,3,13,6,0,742.53,0,0,0
HG02848,49,72800,3,0,1,West,Some college/associate,1180,6,21,1,0,988.55,1,1,178.01
HG02849,62,70100,4,2,1,Midwest,Some college/associate,2810,14,26,0,0,1124.73,0,0,0
HG02850,42,67500,2,1,0,South,High school or less,1540,0,0,92,0,1178.52,1,0,0
HG02851,49,143700,2,1,0,Northeast,Graduate,1160,15,35,0,0,1212.33,0,0,0
HG02852,47,101000,1,0,1,Midwest,Some college/associate,2300,3,16,11,0,784.55,0,0,0
HG02853,32,66600,1,0,1,Midwest,Some college/associate,910,5,13,5,0,866.97,0,0,0
HG02854,28,89100,2,0,1,Northeast,High school or less,1180,10,28,0,0,758.61,0,0,0
HG02855,59,130700,4,0,1,Midwest,Some college/associate,2660,4,14,4,0,1124.29,1,0,0
HG02856,62,111400,5,1,0,West,Bachelor's,2150,9,26,0,0,1061.32,1,0,0
HG02857,45,77400,4,2,1,Northeast,Some college/associate,4470,6,23,5,0,1089.15,1,0,0
HG02858,40,65300,2,1,0,Midwest,Bachelor's,2430,0,0,104,0,762.09,0,0,0
HG02859,62,77800,4,0,1,Midwest,Some college/associate,,4,10,2,0,826.42,1,0,0
HG02860,42,102500,5,1,0,West,High school or less,3070,0,0,80,0,1215.35,1,1,153.58
HG02861,49,100800,2,0,1,South,Graduate,3290,13,58,3,0,1171.01,1,0,0
HG02862,59,,3,0,0,Midwest,Graduate,790,54,170,0,0,1136.67,0,1,129.01
HG02863,55,70000,2,0,1,Midwest,High school or less,1300,7,33,6,0,946.13,0,0,0
HG02864,73,71800,2,0,0,Midwest,Some college/associate,2150,0,0,92,0,885.13,1,0,0
HG02865,45,71100,2,1,0,South,Some college/associate,1210,0,0,57,0,1126.26,0,0,0
HG02866,41,105600,2,0,1,West,Bachelor's,2100,7,17,2,0,1190.88,1,0,0
HG02867,53,123100,2,0,0,South,Graduate,1210,4,17,2,0,954.49,1,0,0
HG02868,49,37200,3,1,1,South,Some college/associate,2070,0,0,95,0,1114.11,0,0,0
HG02869,33,37800,1,0,0,Midwest,Some college/associate,940,0,0,42,0,700.5,1,0,0
HG02870,54,84900,2,0,1,West,Bachelor's,2260,0,0,79,0,1015.19,0,0,0
HG02871,58,113700,4,0,1,South,Graduate,3380,0,0,143,0,1315.05,0,0,0
HG02872,64,69300,1,0,1,Midwest,Some college/associate,1170,5,23,2,0.111111111,731.14,1,1,49.32
HG02873,70,88100,4,0,1,Northeast,Bachelor's,1920,8,25,2,0,1060.31,0,0,0
HG02874,39,93300,3,1,1,Northeast,Some college/associate,2760,6,21,3,0,789.11,0,0,0
HG02875,28,43800,3,0,0,South,High school or less,860,9,30,0,0,689.18,0,0,0
HG02876,40,71000,6,0,1,Midwest,High school or less,3000,0,0,60,0,1237.09,0,0,0
HG02877,55,63600,3,0,1,West,Some college/associate,1560,11,52,3,0,930.67,0,0,0
HG02878,37,61100,1,0,0,West,High school or less,800,3,7,8,0,504.37,0,0,0
HG02879,42,33900,3,0,0,South,High school or less,2180,0,0,201,0,859.71,0,0,0
HG02880,38,57400,2,0,1,South,Some college/associate,1290,6,17,9,0,1074.05,0,0,0
HG02881,44,76200,3,1,0,South,Some college/associate,1170,9,29,2,0,963.21,0,0,0
HG02882,55,81000,2,0,0,West,Some college/associate,1480,8,22,0,0,855.3,1,0,0
HG02883,37,31700,3,1,0,South,High school or less,1630,0,0,83,0,982.89,1,0,0
HG02884,54,178100,2,0,1,Midwest,Graduate,2220,15,53,0,0.5,1379.42,0,0,0
HG02885,69,180800,4,0,1,Northeast,Bachelor's,2830,0,0,228,0,1617.42,0,0,0
HG02886,62,55000,3,0,1,South,Bachelor's,2240,8,14,1,0,935.39,1,1,49.82
HG02887,58,113800,2,0,0,South,Some college/associate,1760,6,12,1,0,911.1,1,0,0
HG02888,40,33400,2,1,1,Midwest,High school or less,1780,0,0,63,0,1205.79,1,1,306.85
HG02889,23,96000,4,0,0,Northeast,Some college/associate,1240,18,50,0,0,954.58,1,1,123.41
HG02890,42,34900,4,2,1,South,Some college/associate,2960,0,0,57,0,960,0,0,0
HG02891,53,43300,4,0,0,South,Some college/associate,1610,0,0,107,0,1005.2,0,0,0
HG02892,53,350000,3,0,1,South,Some college/associate,2260,4,10,6,0,1705.34,1,1,129.59
HG02893,42,165500,2,0,1,South,Bachelor's,1560,10,20,0,0,1254.35,0,1,122.3
HG02894,65,88900,2,0,1,South,Some college/associate,1630,5,16,1,0,1008.31,1,0,0
HG02895,46,62000,1,0,1,South,Graduate,2390,0,0,94,0,1243.12,1,0,0
HG02896,39,24400,2,1,0,West,High school or less,830,11,32,2,0.130434783,972.87,1,1,73.64
HG02897,60,63200,3,1,1,West,High school or less,1860,15,40,0,0,1122.75,1,1,152.15
HG02898,58,170500,1,0,1,South,Graduate,1220,13,24,6,0,1274.26,0,0,0
HG02899,60,62300,2,1,0,Midwest,High school or less,770,8,26,1,0.333333333,635.72,0,0,0
HG02900,49,309500,4,1,1,Midwest,Bachelor's,4220,9,22,7,0,1519.3,0,0,0
HG02901,45,78000,4,3,1,South,Bachelor's,,0,0,119,0,970.02,1,0,0
HG02902,38,50100,3,1,0,South,High school or less,1810,0,0,74,0,841.2,1,0,0
HG02903,45,126100,4,1,1,West,Graduate,2020,0,0,52,0,1153.61,0,0,0
HG02904,65,120900,2,0,1,West,Bachelor's,2790,4,24,2,0,1148.37,1,1,63.14
HG02905,52,110500,2,0,0,Midwest,Some college/associate,850,6,18,3,0,1105.93,0,0,0
HG02906,45,159100,3,1,1,West,Graduate,3040,0,0,99,0,1115,0,0,0
HG02907,42,64600,5,1,1,South,High school or less,2800,0,0,52,0,1197.49,0,0,0
HG02908,46,38700,1,0,0,South,High school or less,1400,0,0,148,0,621.94,0,0,0
HG02909,48,166000,2,1,1,Northeast,Bachelor's,2200,3,10,3,0,1240.48,1,1,96.43
HG02910,60,104000,2,0,1,West,Some college/associate,1650,0,0,118,0,788.75,1,0,0
HG02911,54,196700,4,0,1,West,Graduate,1750,9,24,6,0,1551.72,1,0,0
HG02912,55,82500,6,2,1,Midwest,Bachelor's,2660,10,44,2,0,1117.1,0,0,0
HG02913,46,54100,4,1,0,Northeast,High school or less,1550,3,10,3,0,828.53,1,1,68.32
HG02914,37,48500,1,0,0,West,Some college/associate,1330,3,7,11,0,944.48,1,0,0
HG02915,46,90700,3,0,0,Midwest,Graduate,2030,15,61,1,0,1102.52,0,1,293.54
HG02916,47,53600,4,3,0,Midwest,High school or less,1440,10,43,0,0,1269.03,0,0,0
HG02917,52,21000,4,1,1,South,High school or less,1140,7,12,2,0,1214.65,1,0,0
HG02918,66,194500,1,0,1,Northeast,Graduate,2010,3,13,0,0,1186.74,1,0,0
HG02919,22,60300,2,0,0,South,Some college/associate,1240,10,37,3,0,679.03,0,0,0
HG02920,39,78600,1,0,0,South,Some college/associate,,8,19,1,0,581.91,1,0,0
HG02921,41,114600,4,1,1,South,Bachelor's,1740,5,8,1,0,1163.16,1,0,0
HG02922,51,82900,1,0,1,Northeast,High school or less,770,4,16,6,0,839.44,1,0,0
HG02923,48,39700,2,1,1,South,High school or less,670,8,19,12,0,774.21,0,0,0
HG02924,32,66400,3,0,1,South,High school or less,1990,5,6,1,0,881.21,0,0,0
HG02925,52,,2,1,1,Midwest,High school or less,970,5,21,16,0,901.74,1,0,0
HG02926,27,77700,6,2,1,South,Some college/associate,2340,13,35,1,0,1091.65,0,0,0
HG02927,53,208400,3,0,1,South,Bachelor's,1750,8,21,3,0,1201.51,1,0,0
HG02928,28,44100,1,0,0,West,High school or less,1020,2,7,7,0.176470588,658.53,1,0,0
HG02929,42,51900,1,0,1,South,Some college/associate,850,8,21,2,0.315789474,816.63,0,0,0
HG02930,44,85400,5,1,1,Northeast,Graduate,3570,0,0,85,0,1192.91,1,0,0
HG02931,74,101700,1,0,1,Northeast,Bachelor's,1430,6,37,1,0,898.56,1,0,0
HG02932,38,66500,1,0,1,West,Some college/associate,1420,12,44,3,0,826.14,0,1,62.61
HG02933,46,101500,2,0,0,South,Bachelor's,1320,11,30,1,0,1047.05,1,1,57.9
HG02934,29,47900,2,0,0,Midwest,Some college/associate,2040,0,0,52,0,644.44,1,0,0
HG02935,42,72200,2,0,1,South,High school or less,1640,4,20,1,0,840.75,0,0,0
HG02936,57,,3,0,1,Northeast,High school or less,2310,4,24,2,0.333333333,793.06,1,0,0
HG02937,64,146400,6,1,1,Northeast,Graduate,4410,2,7,4,0,1441.17,0,0,0
HG02938,42,48800,3,0,1,West,High school or less,,0,0,66,0,932.58,1,0,0
HG02939,71,56300,1,0,1,Northeast,High school or less,2110,6,18,1,0,967.31,1,1,82.31
HG02940,43,57800,1,0,1,South,Bachelor's,1510,8,26,2,0,1131.56,0,1,263.89
HG02941,68,61300,3,0,1,South,High school or less,2490,5,19,2,0,1005.27,1,1,25.9
HG02942,32,47100,1,0,0,West,Some college/associate,,0,0,89,0,889.99,1,1,63.47
HG02943,47,40600,4,2,1,South,Some college/associate,1430,0,0,75,0,1187.72,1,0,0
HG02944,37,143400,4,2,1,Midwest,Some college/associate,2460,10,24,1,0,1327.93,0,0,0
HG02945,37,182100,2,0,1,Northeast,Some college/associate,2730,10,36,0,0,1485.8,0,1,449.46
HG02946,47,202200,1,0,1,South,Graduate,1840,3,16,4,0,1268.82,0,0,0
HG02947,44,153500,2,0,1,South,Graduate,1530,5,12,3,0,1278.86,1,0,0
HG02948,22,29300,1,0,0,Midwest,High school or less,1230,4,10,5,0,833.86,1,0,0
HG02949,50,56400,2,1,1,West,Bachelor's,1600,0,0,83,0,1039.02,0,0,0
HG02950,42,73300,3,0,1,West,Some college/associate,1990,7,22,9,0,1024.76,1,0,0
HG02951,74,47500,3,0,1,Northeast,High school or less,2400,5,28,1,0,1054.22,1,0,0
HG02952,37,109900,1,0,1,Northeast,Some college/associate,1120,9,25,0,0,1175.87,1,0,0
HG02953,56,75100,4,0,0,South,Graduate,1780,3,4,8,0,751.64,0,0,0
HG02954,34,91100,5,1,1,South,Bachelor's,1760,13,28,0,0,1211.97,1,0,0
HG02955,34,,1,0,1,Northeast,Some college/associate,1440,6,13,1,0,898.56,1,1,105.03
HG02956,52,63300,2,0,1,Midwest,High school or less,900,11,46,0,0,996.54,0,1,99.91
HG02957,21,82500,4,1,1,Midwest,High school or less,1720,5,10,2,0,1062.93,1,1,88.4
HG02958,55,89400,1,0,1,Northeast,Bachelor's,1810,4,14,9,0.625,724.48,1,0,0
HG02959,19,61000,2,0,1,West,Some college/associate,1360,18,44,0,0,1022.63,1,0,0
HG02960,38,102300,2,0,1,South,Graduate,1540,0,0,115,0,1184.41,0,0,0
HG02961,30,55800,3,0,0,Midwest,Some college/associate,1700,0,0,65,0,1043.45,0,0,0
HG02962,45,183900,2,0,1,West,Bachelor's,2870,7,17,7,0,801.56,0,0,0
HG02963,44,131700,4,1,1,Midwest,Bachelor's,2490,3,10,20,0,1588.4,1,1,557.28
HG02964,52,137600,5,1,1,West,Bachelor's,3260,4,19,16,0,1163.99,0,1,52.2
HG02965,44,46100,1,0,1,South,High school or less,970,5,18,1,0,724.51,0,0,0
HG02966,27,86000,2,1,1,Midwest,Some college/associate,1730,9,32,0,0,1226.47,1,1,250.03
HG02967,57,106600,2,0,1,South,Bachelor's,1580,8,23,2,0.333333333,934.47,1,0,0
HG02968,51,36900,2,1,0,Midwest,Some college/associate,1280,0,0,56,0,993.2,0,0,0
HG02969,60,77200,2,0,1,West,Bachelor's,1140,17,46,0,0,1012.69,0,0,0
HG02970,66,106200,1,0,1,South,Bachelor's,2610,0,0,69,0,1046.28,0,0,0
HG02971,39,104200,4,0,1,South,Some college/associate,3150,16,49,0,0,1191.16,1,1,44.3
HG02972,76,156800,2,0,1,West,Bachelor's,1730,4,21,0,0.285714286,1394.19,1,0,0
HG02973,68,117700,4,0,1,Midwest,Some college/associate,3300,0,0,153,0,1031.81,0,0,0
HG02974,54,57100,2,0,0,South,High school or less,2180,0,0,44,0,566.49,0,0,0
HG02975,38,81400,4,2,1,West,Some college/associate,2000,7,17,1,0,948.15,0,0,0
HG02976,77,50400,3,0,1,West,Some college/associate,2380,0,0,61,0,870.12,1,0,0
HG02977,35,151900,2,1,1,West,Bachelor's,1410,20,57,0,0,820.99,1,0,0
HG02978,45,63900,3,1,0,Northeast,High school or less,2120,0,0,59,0,601.37,0,0,0
HG02979,54,93900,2,0,0,South,Bachelor's,1450,8,28,1,0,1167.1,1,0,0
HG02980,45,87100,2,1,1,South,Bachelor's,2460,0,0,64,0,1004.26,0,0,0
HG02981,70,113800,1,0,1,South,Some college/associate,2030,3,12,11,0,1041.92,1,0,0
HG02982,48,173500,1,0,1,West,Bachelor's,1500,12,23,1,0,1136.43,0,1,219.7
HG02983,58,97000,3,0,0,Northeast,Some college/associate,1150,26,99,1,0,911.14,1,1,261.68
HG02984,52,179400,4,1,1,West,Bachelor's,2150,5,26,9,0,1294.91,0,0,0
HG02985,66,125300,1,0,0,South,Bachelor's,1460,5,25,4,0,1137.51,0,0,0
HG02986,64,163700,5,0,0,West,Some college/associate,1960,5,15,2,0,1156.83,0,0,0
HG02987,24,70600,2,0,1,South,Some college/associate,1780,4,8,1,0,853.14,0,1,144.89
HG02988,65,168500,2,0,1,Midwest,Graduate,1470,1,4,7,0,1379.21,1,1,348.4
HG02989,45,87000,2,0,1,West,Some college/associate,1340,7,26,2,0,916.13,0,0,0
HG02990,62,85400,5,1,0,Midwest,Some college/associate,2180,7,31,2,0,1107.84,1,1,119.61
HG02991,32,77700,3,1,1,South,Bachelor's,1350,14,54,1,0,1226.71,0,1,210.39
HG02992,61,105600,4,1,1,Midwest,Bachelor's,2330,0,0,54,0,1012.16,0,0,0
HG02993,37,118900,4,2,1,South,Bachelor's,2990,7,35,4,0,1012.97,0,0,0
HG02994,38,82200,4,3,0,West,Some college/associate,1610,7,24,9,0,916.58,1,0,0
HG02995,62,26100,2,0,0,South,High school or less,1130,0,0,58,0,581.94,0,0,0
HG02996,33,38200,2,1,0,West,Bachelor's,1220,14,36,0,0.230769231,699,1,0,0
HG02997,39,68700,1,0,1,West,High school or less,1540,11,51,0,0,699.43,0,0,0
HG02998,28,85600,3,0,1,South,Some college/associate,1660,7,19,5,0,936.35,1,0,0
HG02999,62,60800,1,0,0,Northeast,Some college/associate,1040,7,21,0,0.5,623.02,0,1,102.73
HG03000,46,75000,2,0,1,South,High school or less,1150,3,12,6,0,989.34,1,0,0
HG03001,42,61700,4,2,0,South,Some college/associate,2230,0,0,82,0,924.31,1,0,0
HG03002,74,65000,5,1,1,Midwest,Bachelor's,1880,6,27,3,0,1205.36,1,1,363.53
HG03003,27,68700,1,0,0,Midwest,Some college/associate,820,7,28,5,0,741.5,0,0,0
HG03004,23,30200,1,0,1,West,High school or less,1320,4,9,7,0.111111111,901.11,0,0,0
HG03005,40,116000,1,0,1,South,Some college/associate,1240,8,20,0,0,1048,1,0,0
HG03006,62,53300,1,0,0,South,Some college/associate,920,6,15,5,0,601.57,0,0,0
HG03007,32,34300,2,0,0,South,High school or less,880,6,23,3,0,856.44,1,0,0
HG03008,48,350000,4,2,1,South,Graduate,2380,17,42,1,0,1678.8,1,0,0
HG03009,61,53800,1,0,1,Northeast,Some college/associate,1430,6,26,8,0.411764706,897.81,1,0,0
HG03010,54,63400,2,1,1,South,Bachelor's,1380,4,15,12,0,769.45,1,0,0
HG03011,44,103400,4,2,1,South,Some college/associate,2510,6,28,3,0,1338.01,1,1,98.89
HG03012,74,86900,6,0,0,West,Bachelor's,4050,5,7,8,0,994.01,0,0,0
HG03013,52,334400,2,0,1,Northeast,Graduate,2490,6,14,4,0,1549.34,1,1,100.07
HG03014,47,159100,1,0,0,West,Graduate,1210,4,8,4,0,967.84,1,0,0
HG03015,50,91000,4,2,0,Northeast,Bachelor's,1570,15,40,2,0,877.29,1,0,0
HG03016,45,72200,2,1,1,South,High school or less,1960,0,0,39,0,1133.95,1,0,0
HG03017,58,78600,3,0,0,South,Some college/associate,1590,0,0,95,0,1095.4,0,0,0
HG03018,29,26700,2,1,0,West,High school or less,1180,7,19,0,0,767.65,0,0,0
HG03019,23,127500,2,0,0,South,Bachelor's,1280,4,20,13,0,1203.6,1,0,0
HG03020,44,74400,6,4,1,South,High school or less,3340,0,0,45,0,1311.15,0,0,0
HG03021,38,56300,3,0,1,Midwest,High school or less,2010,6,21,1,0.461538462,752.64,1,0,0
HG03022,57,110500,1,0,1,Northeast,Some college/associate,1520,4,20,5,0,1086.68,0,0,0
HG03023,44,83300,1,0,0,West,Some college/associate,1340,4,9,2,0,854.5,0,0,0
HG03024,45,89400,2,0,1,West,Bachelor's,1600,4,10,1,0,1008.11,0,0,0
HG03025,24,127000,1,0,0,West,Bachelor's,1520,7,30,9,0,738.07,0,0,0
HG03026,71,192900,4,0,1,South,Bachelor's,2870,0,0,88,0,1383.9,1,0,0
HG03027,36,30600,4,1,1,South,High school or less,,0,0,57,0,926.78,0,0,0
HG03028,23,39500,1,0,1,West,High school or less,1110,7,17,0,0,667.25,1,0,0
HG03029,65,54900,1,0,0,Northeast,High school or less,1880,0,0,44,0,934.67,1,0,0
HG03030,42,46500,2,1,1,Northeast,High school or less,1510,0,0,105,0,953.52,1,1,212.29
HG03031,48,64500,1,0,1,Midwest,Some college/associate,1840,4,14,5,0,1082.7,0,0,0
HG03032,41,47000,1,0,1,Northeast,Graduate,950,9,24,0,0.111111111,765.95,1,0,0
HG03033,38,51600,2,0,0,Northeast,Some college/associate,1240,5,27,0,0.368421053,1032.9,1,1,105.4
HG03034,40,79300,2,0,1,Northeast,Bachelor's,1590,7,20,2,0,1136.62,0,0,0
HG03035,67,108300,1,0,1,Northeast,Graduate,1280,7,32,4,0.260869565,1097.77,0,0,0
HG03036,42,115400,4,2,1,Midwest,Bachelor's,2140,9,19,1,0,1322.91,1,0,0
HG03037,40,86400,2,1,0,West,Bachelor's,1760,0,0,68,0,1075,1,0,0
HG03038,25,107200,3,0,1,West,Some college/associate,1970,2,5,17,0,749.69,0,0,0
HG03039,38,86600,2,0,0,Midwest,Bachelor's,1250,4,23,9,0,821.02,0,1,99.03
HG03040,45,61600,1,0,1,South,High school or less,1920,4,16,1,0,612.04,0,0,0
HG03041,30,47500,2,1,1,Midwest,High school or less,1820,0,0,67,0,746.61,1,0,0
HG03042,30,72900,2,0,0,South,Some college/associate,,3,6,4,0,928.93,1,1,460.8
HG03043,47,121200,5,1,0,South,Some college/associate,1330,8,33,1,0,923.03,1,0,0
HG03044,31,31900,2,0,0,West,High school or less,1110,2,6,5,0,534.65,1,0,0
HG03045,48,56100,6,4,1,Northeast,High school or less,3610,5,12,7,0,1212.29,0,0,0
HG03046,63,88200,1,0,0,Midwest,Bachelor's,1140,4,20,2,0.230769231,881.32,0,0,0
HG03047,27,97000,3,1,0,Northeast,Bachelor's,1800,4,10,5,0,906.19,0,0,0
HG03048,42,76000,2,1,1,South,Graduate,1940,0,0,49,0,1013.58,0,0,0
HG03049,51,53700,1,0,0,South,Some college/associate,1020,12,55,1,0,821.81,0,0,0
HG03050,34,45800,3,0,0,South,Bachelor's,2100,0,0,51,0,1065.18,0,1,128.19
HG03051,42,80700,5,3,0,South,Some college/associate,1750,0,0,91,0,1013.85,1,0,0
HG03052,41,85500,5,1,1,Midwest,Bachelor's,3540,9,33,1,0.2,1066.35,1,0,0
HG03053,56,116600,3,2,0,Midwest,Bachelor's,1500,21,77,2,0,931.09,1,0,0
HG03054,45,86400,2,1,0,South,Some college/associate,1040,11,47,1,0,906.47,0,0,0
HG03055,43,19900,3,1,1,South,High school or less,1460,4,11,1,0.315789474,1041.35,0,0,0
HG03056,61,125000,4,1,1,Midwest,Some college/associate,1420,17,43,0,0,1310.86,1,1,118.19
HG03057,55,84500,3,1,1,West,Bachelor's,2090,0,0,42,0,947.41,1,0,0
HG03058,40,67000,2,1,1,Northeast,Some college/associate,1330,4,5,2,0,740.21,1,0,0
HG03059,40,204900,2,1,1,West,Bachelor's,3020,11,24,2,0,1343.12,0,0,0
HG03060,61,145600,6,2,1,West,High school or less,2590,18,60,3,0,1190.6,0,0,0
HG03061,42,59700,2,0,1,Northeast,Bachelor's,1770,7,15,2,0,842.72,0,0,0
HG03062,31,64600,1,0,0,Midwest,Bachelor's,1530,4,13,4,0,661.98,1,0,0
HG03063,42,83900,2,0,1,West,Bachelor's,2080,12,26,3,0,967.12,0,0,0
HG03064,54,54900,3,1,0,West,Some college/associate,2010,6,18,2,0,1091.18,0,1,114.8
HG03065,54,118900,2,1,0,West,Some college/associate,1430,5,9,5,0,1035.32,1,0,0
HG03066,55,172200,1,0,1,Northeast,Graduate,1830,1,2,15,0,1071.02,0,0,0
HG03067,31,188200,4,1,1,Midwest,Graduate,2080,16,58,0,0,1193.76,0,1,138.21
HG03068,79,56000,1,0,0,Northeast,High school or less,1120,7,22,4,0,767.26,0,0,0
HG03069,47,57100,1,0,1,South,Graduate,,8,25,0,0,877.79,0,0,0
HG03070,40,69100,4,1,1,South,Some college/associate,2240,0,0,116,0,898.68,1,0,0
HG03071,35,53200,1,0,0,South,Bachelor's,1200,6,26,2,0.4,651.16,1,0,0
HG03072,75,62700,2,0,1,South,High school or less,1900,0,0,58,0.166666667,1079.96,1,0,0
HG03073,32,48100,2,0,1,South,Some college/associate,1520,0,0,72,0,633.11,1,0,0
HG03074,51,150200,5,2,1,South,Graduate,4190,9,16,1,0,1433.77,0,0,0
HG03075,28,68600,2,0,0,South,High school or less,1310,9,34,1,0,494.02,0,0,0
HG03076,59,89800,1,0,1,South,Some college/associate,1820,3,8,6,0,874.63,1,0,0
HG03077,49,69100,3,1,1,Northeast,Graduate,1840,0,0,89,0,1036.05,1,0,0
HG03078,47,67400,5,1,1,Midwest,Some college/associate,1790,8,23,6,0,995.17,0,1,123.48
HG03079,22,42700,2,0,0,Northeast,High school or less,1020,5,17,10,0,709.37,1,1,188.02
HG03080,53,63400,4,0,0,Midwest,Bachelor's,1690,0,0,95,0,1039.76,0,0,0
HG03081,57,121500,3,0,1,West,Some college/associate,1530,8,28,11,0,1285.77,1,1,144.22
HG03082,78,56400,5,2,0,Midwest,Bachelor's,1980,4,7,5,0,1250.02,1,0,0
HG03083,67,73200,1,0,0,West,Bachelor's,740,11,28,0,0,1047.95,0,0,0
HG03084,54,106100,4,1,1,South,Some college/associate,1240,8,21,0,0,928.42,1,0,0
HG03085,60,99000,1,0,1,South,Bachelor's,1450,3,7,11,0,1109.28,0,0,0
HG03086,41,62400,4,0,1,Midwest,High school or less,3090,0,0,113,0,876.16,0,0,0
HG03087,51,73300,1,0,1,Midwest,Some college/associate,1750,3,7,2,0,844.37,1,0,0
HG03088,48,84700,2,1,0,Northeast,Some college/associate,2120,13,40,0,0,859.63,0,0,0
HG03089,40,87400,1,0,0,South,Graduate,1790,4,8,3,0,836.55,0,0,0
HG03090,33,45000,4,1,1,West,Some college/associate,2160,0,0,81,0,1050.68,0,0,0
HG03091,45,56200,1,0,0,Northeast,High school or less,840,6,16,8,0.5,573.71,1,0,0
HG03092,58,88000,2,1,1,West,Bachelor's,1050,22,51,1,0,932.21,1,0,0
HG03093,40,85800,2,0,1,West,High school or less,1970,16,40,1,0,1178.48,0,1,214.32
HG03094,40,198800,2,0,1,Northeast,Some college/associate,1980,4,17,1,0,1199.78,0,1,153.4
HG03095,55,178200,1,0,0,South,Bachelor's,1130,8,26,4,0,1041.6,1,0,0
HG03096,55,131000,5,3,1,South,Graduate,2790,11,44,1,0,1427.66,1,1,215.99
HG03097,50,88200,3,2,0,Northeast,Some college/associate,2150,0,0,68,0,1213.24,1,0,0
HG03098,28,,4,2,0,West,High school or less,1580,11,51,4,0,522.16,1,0,0
HG03099,41,73100,2,0,1,Midwest,Some college/associate,1110,10,38,1,0,675.03,1,0,0
HG03100,37,,2,0,1,West,Some college/associate,1740,7,22,1,0,993.98,1,0,0
HG03101,42,96400,5,1,1,South,Bachelor's,3400,3,5,11,0,1386.36,0,1,489.34
HG03102,37,66600,4,2,0,Midwest,Some college/associate,1140,10,34,5,0,1102.04,0,0,0
HG03103,61,177100,2,1,1,South,Graduate,1680,15,66,0,0,1308.23,1,1,150.9
HG03104,26,85000,2,0,0,West,Some college/associate,1730,18,64,0,0,848.16,0,0,0
HG03105,42,17100,3,1,0,Midwest,High school or less,1090,5,10,7,0,528.83,0,0,0
HG03106,42,54200,1,0,1,Midwest,Some college/associate,1200,3,11,2,0,881.05,1,0,0
HG03107,69,48900,1,0,1,South,High school or less,1790,6,13,3,0,1060.28,0,0,0
HG03108,38,,4,1,0,South,High school or less,1590,10,37,1,0,972.29,1,0,0
HG03109,53,81800,2,0,0,South,Some college/associate,,6,28,3,0,1084.7,1,1,335.51
HG03110,33,90800,4,1,0,West,Some college/associate,1640,7,20,0,0,941.86,0,0,0
HG03111,37,70000,4,3,1,South,Some college/associate,2340,7,26,1,0,1053.08,1,0,0
HG03112,39,109100,1,0,0,Midwest,Some college/associate,1420,7,17,0,0,1029.61,1,1,138.01
HG03113,46,46800,2,0,1,Midwest,High school or less,1620,9,28,3,0,1006.59,1,0,0
HG03114,27,144200,4,0,1,West,Some college/associate,2640,10,32,0,0,1231.76,1,0,0
HG03115,40,124200,5,3,0,West,Some college/associate,1980,22,47,1,0,1591.35,1,1,316.91
HG03116,32,132100,1,0,1,West,Some college/associate,1180,16,63,1,0,753.29,0,0,0
HG03117,71,66300,3,0,0,Midwest,Some college/associate,2550,0,0,186,0,809.15,0,1,47.95
HG03118,41,54600,2,1,1,West,High school or less,890,8,28,3,0,862.54,0,1,258.06
HG03119,55,117900,4,1,0,South,Some college/associate,1800,3,7,11,0,1086.67,0,0,0
HG03120,34,91800,2,1,1,Northeast,Some college/associate,1660,11,27,0,0,844.87,0,0,0
HG03121,43,71600,1,0,0,South,High school or less,1060,9,41,8,0,1032.4,0,0,0
HG03122,63,46700,1,0,1,South,Some college/associate,1630,6,21,3,0.333333333,928.55,1,0,0
HG03123,36,82700,1,0,1,Midwest,Some college/associate,990,6,15,4,0,951.3,0,0,0
HG03124,28,133100,4,1,0,South,Bachelor's,2470,12,40,3,0,1133.49,0,0,0
HG03125,48,,1,0,1,South,Bachelor's,1400,4,11,1,0,1399.72,1,1,397.88
HG03126,48,43600,1,0,0,South,Some college/associate,820,5,27,4,0,816.14,1,0,0
HG03127,34,54100,5,2,1,South,High school or less,1880,4,5,4,0,990.56,1,0,0
HG03128,54,92700,1,0,1,West,Some college/associate,1360,5,14,6,0.153846154,1353.97,1,0,0
HG03129,73,67500,5,0,1,South,Some college/associate,3730,0,0,52,0,1161.98,1,0,0
HG03130,40,87500,3,0,1,South,Some college/associate,,4,7,5,0,1011.63,0,0,0
HG03131,65,90000,1,0,1,South,Some college/associate,1360,5,19,0,0.421052632,742.82,0,0,0
HG03132,45,81800,4,1,1,Northeast,Bachelor's,2120,13,15,2,0,1034.08,1,0,0
HG03133,41,76000,5,2,0,Midwest,Some college/associate,2370,11,30,0,0,1012.25,0,0,0
HG03134,18,48600,2,0,0,West,High school or less,1020,6,14,2,0,634.59,0,0,0
HG03135,45,255600,3,1,0,South,Graduate,1520,5,13,1,0,1255.74,1,1,110.85
HG03136,42,47100,2,0,0,Midwest,High school or less,1320,0,0,76,0,854.94,0,0,0
HG03137,42,46300,2,1,1,South,High school or less,1960,10,25,7,0.291666667,763,0,0,0
HG03138,24,135400,4,1,0,South,Some college/associate,1670,6,18,1,0,775.26,0,0,0
HG03139,46,80800,2,0,0,West,Bachelor's,1660,5,23,9,0,865.58,1,0,0
HG03140,57,74000,1,0,1,Northeast,High school or less,1560,4,18,5,0,1046.94,1,0,0
HG03141,64,112800,1,0,1,Northeast,Some college/associate,,2,5,0,0,796.05,1,1,51.91
HG03142,43,65700,2,1,1,West,Some college/associate,1850,3,14,2,0,773.45,0,0,0
HG03143,52,,2,0,1,Northeast,High school or less,1680,6,16,4,0,1274.11,1,0,0
HG03144,62,103300,2,0,1,Midwest,Some college/associate,1670,0,0,52,0,987.02,1,0,0
HG03145,57,138300,1,0,1,South,Bachelor's,1030,4,13,1,0,1017.84,1,0,0
HG03146,67,156000,2,0,1,West,Bachelor's,2570,10,36,1,0,1231.73,0,0,0
HG03147,36,23900,4,1,1,Northeast,High school or less,1580,9,25,0,0,732.59,0,0,0
HG03148,33,35700,1,0,0,Midwest,High school or less,810,0,0,97,0,667.49,0,0,0
HG03149,52,47200,2,0,1,South,High school or less,1980,8,30,2,0,842.31,1,0,0
HG03150,45,146500,5,1,0,Midwest,Some college/associate,1510,6,22,3,0,1128.04,0,0,0
HG03151,31,76400,2,0,1,Midwest,Some college/associate,,3,17,11,0,1062.32,1,0,0
HG03152,45,60600,1,0,1,Northeast,Some college/associate,1230,8,24,0,0.428571429,714.57,1,1,76.38
HG03153,52,95500,1,0,1,West,Bachelor's,1590,4,14,1,0,825.72,0,0,0
HG03154,38,109700,4,3,0,West,Bachelor's,2140,6,26,6,0,743.7,0,1,107.26
HG03155,49,144900,1,0,1,West,Graduate,3240,8,16,1,0,1132.61,0,0,0
HG03156,42,100700,2,0,1,South,Bachelor's,1720,12,47,9,0,737.17,0,0,0
HG03157,62,45500,1,0,0,Northeast,High school or less,1160,2,2,9,0,895.46,0,0,0
HG03158,54,192100,1,0,1,South,Bachelor's,1060,10,27,0,0,1196.28,1,1,194.46
HG03159,33,24600,2,0,0,Northeast,High school or less,730,9,37,4,0,783.97,1,0,0
HG03160,34,42200,2,0,0,South,High school or less,1330,0,0,44,0,825.22,1,0,0
HG03161,39,197300,5,1,1,Northeast,Graduate,2260,7,17,3,0,1416.62,0,1,177.67
HG03162,54,135000,1,0,1,West,Graduate,1890,4,9,4,0,935.49,1,0,0
HG03163,47,52600,5,3,0,West,Some college/associate,2770,0,0,68,0,1014.33,0,0,0
HG03164,34,79300,2,1,0,Northeast,Some college/associate,950,10,25,0,0,844.61,1,1,111.34
HG03165,51,94800,1,0,1,South,Bachelor's,1040,10,27,4,0,817.49,0,0,0
HG03166,41,48700,1,0,1,West,Some college/associate,1270,4,9,3,0,820.3,0,0,0
HG03167,43,88000,2,0,0,South,Some college/associate,,6,34,3,0,871.19,1,0,0
HG03168,63,119500,3,0,1,West,Graduate,2150,0,0,44,0,1064.32,1,0,0
HG03169,59,82400,2,0,1,South,Bachelor's,3170,6,13,5,0,1067.11,0,1,195.02
HG03170,40,96400,3,1,1,Midwest,Some college/associate,1420,16,63,0,0,1124.11,0,1,71.74
HG03171,38,107700,1,0,1,West,Some college/associate,1400,16,51,0,0,1215.99,1,1,110.33
HG03172,53,58500,1,0,1,West,Some college/associate,1360,7,17,2,0,1141.58,0,1,65.99
HG03173,62,174300,4,0,1,Midwest,Bachelor's,3860,9,26,4,0,1633.07,0,1,201.97
HG03174,54,67500,2,0,1,South,Some college/associate,1610,0,0,46,0,680.3,0,0,0
HG03175,33,39800,2,0,0,West,High school or less,1170,16,68,0,0,574.88,1,0,0
HG03176,35,94300,4,0,1,South,Some college/associate,1920,5,9,0,0,982.67,1,0,0
HG03177,38,62100,2,0,0,West,High school or less,1660,0,0,86,0,799.92,1,0,0
HG03178,58,148200,2,0,1,West,Graduate,1220,10,29,6,0.5,962.88,1,0,0
HG03179,39,118100,5,2,1,Northeast,Bachelor's,1870,13,29,2,0,1004.02,1,0,0
HG03180,54,71700,1,0,0,South,Some college/associate,2340,3,14,3,0,692.19,1,0,0
HG03181,51,182000,2,0,0,Midwest,Graduate,1760,8,27,6,0.3,1397.56,1,1,384.67
HG03182,40,100300,2,1,1,South,Bachelor's,2180,0,0,64,0,822.25,1,0,0
HG03183,29,112100,2,0,1,Midwest,Bachelor's,2310,9,27,7,0,979.8,1,1,183.18
HG03184,22,63600,2,0,0,West,Bachelor's,840,20,60,0,0,856.93,1,0,0
HG03185,51,153800,4,2,1,South,Bachelor's,1760,18,49,1,0,1215.98,0,0,0
HG03186,34,57500,5,0,1,Midwest,Some college/associate,1640,11,24,0,0,1055.4,0,0,0
HG03187,45,40900,4,1,1,Northeast,High school or less,2040,0,0,55,0,1043.97,1,0,0
HG03188,45,154800,3,2,0,South,Some college/associate,1760,7,22,3,0,1119.15,0,0,0
HG03189,48,72100,1,0,1,South,Bachelor's,1000,9,19,3,0,1132.23,0,1,239.22
HG03190,42,70700,1,0,0,Northeast,Some college/associate,790,8,29,0,0.166666667,719.67,0,0,0
HG03191,32,51700,2,1,0,South,Some college/associate,1540,0,0,47,0,833.77,0,0,0
HG03192,48,123300,3,2,0,Midwest,Graduate,2370,0,0,75,0,1141.39,0,0,0
HG03193,29,61700,4,2,0,Northeast,Graduate,3040,0,0,57,0,979.47,1,0,0
HG03194,56,74400,4,0,1,Northeast,High school or less,3810,1,4,1,0,1217.2,0,1,235.82
HG03195,43,134600,3,1,1,Midwest,Some college/associate,2750,6,28,3,0,1258.26,0,0,0
HG03196,37,64700,2,1,0,West,Bachelor's,850,0,0,67,0,810.62,0,0,0
HG03197,46,86500,2,1,1,Midwest,Some college/associate,1610,5,7,9,0,1165.81,1,0,0
HG03198,50,31700,1,0,0,South,High school or less,780,4,11,1,0.125,794.7,1,0,0
HG03199,38,121700,4,1,0,South,Graduate,2590,12,28,3,0,1186.31,0,1,57.32
HG03200,46,41400,2,0,1,Midwest,High school or less,1870,0,0,105,0,859.19,1,0,0
HG03201,53,49600,5,0,1,South,High school or less,2080,0,0,67,0,992.64,1,0,0
HG03202,29,139800,5,2,1,South,Some college/associate,3410,6,16,3,0,1032.65,1,0,0
HG03203,68,66600,1,0,1,Northeast,Bachelor's,1460,8,21,12,0,1143.11,0,0,0
HG03204,44,52300,2,1,1,South,Some college/associate,1660,7,31,2,0,660.36,0,0,0
HG03205,33,108600,2,0,0,South,Some college/associate,1580,5,16,8,0,1144.16,1,1,351.07
HG03206,56,41500,3,0,1,Midwest,High school or less,1920,0,0,58,0,812.33,1,0,0
HG03207,32,42600,3,0,1,South,High school or less,1710,6,18,7,0,1019.23,0,0,0
HG03208,35,45800,3,0,1,South,Some college/associate,2240,4,10,2,0,929.89,0,0,0
HG03209,49,143000,2,0,0,Northeast,Some college/associate,2210,10,44,2,0,1052.27,1,1,121.52
HG03210,34,62300,4,2,0,Northeast,Some college/associate,1110,16,40,0,0,810.02,1,0,0
HG03211,57,217300,3,2,1,South,Graduate,1640,4,7,5,0,1096.05,1,0,0
HG03212,25,,2,0,0,Midwest,Some college/associate,1580,0,0,76,0,665.96,1,0,0
HG03213,58,48800,1,0,0,Midwest,Some college/associate,1100,4,16,1,0,638.19,0,0,0
HG03214,36,,5,2,1,Midwest,Bachelor's,4450,11,26,0,0,1483.64,0,1,177.54
HG03215,36,151300,2,1,1,South,Graduate,1610,7,21,1,0,1030.02,1,1,81.52
HG03216,48,125600,2,0,1,Midwest,Some college/associate,1230,25,47,1,0,998.67,0,0,0
HG03217,30,82600,2,0,1,South,Some college/associate,1310,7,14,2,0,914.86,1,0,0
HG03218,48,91400,2,1,0,Midwest,High school or less,1480,8,18,3,0,1063.19,1,0,0
HG03219,49,98600,2,1,1,West,Bachelor's,1780,6,22,3,0,1165.61,1,1,39.09
HG03220,29,57900,1,0,0,South,High school or less,1180,3,15,0,0,582.82,1,0,0
HG03221,58,43600,4,1,1,South,High school or less,1690,0,0,39,0,979.92,0,0,0
HG03222,36,107100,2,0,1,South,Bachelor's,1840,14,34,2,0,1005.78,0,1,302.88
HG03223,23,86600,2,1,0,South,Bachelor's,1400,6,23,6,0,816.85,1,0,0
HG03224,48,61900,3,0,1,Midwest,Some college/associate,2210,5,7,7,0,1069.18,1,0,0
HG03225,50,62200,2,0,1,South,High school or less,2400,8,33,4,0.222222222,1120.68,0,0,0
HG03226,37,79400,1,0,1,Midwest,Bachelor's,1050,4,10,4,0,838.65,0,0,0
HG03227,56,195300,1,0,1,South,Bachelor's,3230,3,9,7,0,1416.58,0,0,0
HG03228,43,157200,5,2,1,West,Bachelor's,2300,36,98,0,0,1464.06,0,0,0
HG03229,62,97700,2,1,0,South,Bachelor's,1300,12,40,2,0,822.71,1,0,0
HG03230,28,69000,3,1,0,Midwest,High school or less,1430,15,63,0,0,1137.85,1,0,0
HG03231,57,39700,4,1,1,Midwest,High school or less,1190,8,32,7,0,940.01,1,0,0
HG03232,49,230800,3,0,1,West,Some college/associate,1350,17,53,2,0,1424.14,0,0,0
HG03233,46,145900,4,1,1,South,Some college/associate,3200,9,24,0,0,1172.61,0,1,163.84
HG03234,53,50500,4,1,1,West,High school or less,2620,0,0,187,0,1044.38,0,0,0
HG03235,54,96500,6,0,1,South,Graduate,5000,0,0,88,0,1154.92,0,1,154.86
HG03236,71,85600,4,0,1,South,High school or less,3060,0,0,119,0,1165.65,1,0,0
HG03237,20,27900,3,0,1,South,Some college/associate,1640,0,0,62,0,1040.09,0,0,0
HG03238,38,77600,3,1,1,Northeast,Some college/associate,1890,6,8,1,0.384615385,1236.78,1,0,0
HG03239,49,63200,2,1,0,South,Bachelor's,730,16,30,2,0,997.7,1,0,0
HG03240,39,123000,3,0,1,West,Bachelor's,1970,12,28,0,0,1093.73,0,0,0
HG03241,21,99400,2,0,1,South,Some college/associate,1850,8,21,0,0,1051.05,0,1,66.53
HG03242,45,185800,5,1,0,West,Graduate,2160,8,15,10,0,1318.19,0,0,0
HG03243,38,191600,2,0,1,South,Bachelor's,2110,6,23,2,0,1171.57,0,0,0
HG03244,35,77400,3,1,0,Midwest,Bachelor's,1660,0,0,77,0,966.91,0,1,28.07
HG03245,71,62100,1,0,0,West,Some college/associate,970,8,24,6,0.157894737,1032.66,1,0,0
HG03246,48,55300,1,0,0,Northeast,High school or less,1260,6,23,1,0.5625,694.95,1,0,0
HG03247,45,26800,3,1,1,Midwest,High school or less,1710,0,0,62,0,922.68,1,0,0
HG03248,44,90300,2,1,0,West,Some college/associate,2010,0,0,79,0,989.29,0,0,0
HG03249,34,123300,4,1,0,Northeast,Some college/associate,1440,6,15,7,0,831.82,1,0,0
HG03250,42,140900,2,0,0,South,Graduate,1500,3,8,2,0,1163.13,0,0,0
HG03251,78,178900,4,0,1,Midwest,Graduate,2760,7,28,5,0,1492.15,1,0,0
HG03252,31,,1,0,1,Midwest,Bachelor's,1440,11,21,1,0,732.35,1,0,0
HG03253,58,65300,1,0,0,West,Some college/associate,1300,9,21,5,0,903.72,1,1,193.71
HG03254,50,138800,3,2,1,Midwest,Graduate,1890,5,13,0,0,1262.73,0,0,0
HG03255,75,55800,2,0,0,Northeast,Bachelor's,1700,4,16,0,0.083333333,768.75,1,0,0
HG03256,30,33600,2,0,0,South,High school or less,1890,0,0,78,0,744.05,0,0,0
HG03257,36,101700,4,0,0,South,Some college/associate,2330,10,22,3,0,1097.66,1,1,278.79
HG03258,28,132000,5,3,1,South,Some college/associate,1700,21,52,0,0,1181.48,1,0,0
HG03259,43,148500,2,1,1,West,Graduate,2630,6,15,9,0.222222222,1023.48,0,0,0
HG03260,69,62500,3,0,0,Midwest,High school or less,1030,8,52,7,0,926.79,0,0,0
HG03261,47,149600,2,0,1,South,Bachelor's,1980,13,31,1,0.25,862.57,1,1,117.32
HG03262,29,23600,2,0,0,Northeast,High school or less,1270,0,0,59,0,1020.98,0,0,0
HG03263,42,121200,3,0,1,West,Graduate,1800,5,20,5,0,876.9,0,1,179.73
HG03264,55,114100,1,0,0,Midwest,Graduate,1720,2,5,21,0,1035.7,0,0,0
HG03265,52,61200,1,0,0,South,High school or less,1500,6,31,1,0,928.95,1,0,0
HG03266,35,99000,2,0,1,South,Graduate,1920,6,15,2,0,1314.49,0,0,0
HG03267,32,60500,3,0,0,Northeast,Some college/associate,1340,0,0,75,0,1010.27,1,0,0
HG03268,36,242100,4,2,1,Northeast,Bachelor's,3060,4,6,0,0,1532.21,1,0,0
HG03269,34,187700,2,0,1,South,Some college/associate,1250,9,20,4,0,1284.6,0,0,0
HG03270,54,56200,2,0,0,South,High school or less,1500,7,13,3,0,537.78,1,0,0
HG03271,30,60100,3,1,1,Northeast,High school or less,2110,0,0,55,0,1000.57,1,0,0
HG03272,39,75600,1,0,0,Midwest,Graduate,860,3,9,2,0.25,765.61,1,0,0
HG03273,67,235000,1,0,1,South,Bachelor's,2030,8,40,2,0,1406.74,1,1,109.25
HG03274,61,196600,3,0,1,Midwest,Bachelor's,2030,6,19,0,0,1475.63,1,1,167.66
HG03275,36,51000,2,1,1,Midwest,High school or less,1460,5,10,19,0,1028.52,0,0,0
HG03276,25,92800,1,0,0,South,Some college/associate,990,16,42,0,0,652.52,0,0,0
HG03277,41,61400,2,0,1,South,Some college/associate,1240,0,0,69,0,981.71,1,0,0
HG03278,40,46500,5,2,1,South,Some college/associate,4400,0,0,116,0,1224.15,0,0,0
HG03279,47,95600,1,0,1,Northeast,Some college/associate,1830,6,16,0,0,950.31,0,0,0
HG03280,54,71700,4,1,1,South,Bachelor's,1890,0,0,54,0,1305.83,1,0,0
HG03281,31,122700,4,1,1,West,Bachelor's,2470,12,36,0,0,995.63,1,0,0
HG03282,55,45000,2,0,0,Northeast,High school or less,1090,5,12,10,0.461538462,626.94,0,0,0
HG03283,30,30500,5,2,0,South,High school or less,1490,6,17,7,0,998.06,0,0,0
HG03284,48,44400,2,1,0,South,High school or less,920,7,18,2,0,1067.99,0,0,0
HG03285,53,68900,3,0,0,West,Bachelor's,1590,0,0,69,0,835.2,0,0,0
HG03286,54,75900,4,0,1,West,High school or less,2970,0,0,86,0,1101.19,1,1,23.73
HG03287,27,36000,1,0,0,South,High school or less,710,11,33,3,0.25,549.12,0,0,0
HG03288,35,44300,2,0,0,South,Some college/associate,1020,9,20,0,0,656.14,0,0,0
HG03289,62,71400,6,1,1,West,High school or less,2200,34,93,0,0,994.99,0,1,114.63
HG03290,46,66100,4,3,1,South,High school or less,3100,0,0,95,0,858.21,1,1,74.35
HG03291,46,61200,2,1,1,South,Some college/associate,1680,11,24,0,0,1086.01,1,0,0
HG03292,33,151200,4,2,0,West,Graduate,2760,6,18,2,0,1186.92,1,0,0
HG03293,51,254900,1,0,1,Northeast,Bachelor's,1510,9,19,5,0,1225.82,1,0,0
HG03294,37,43400,2,0,0,West,Some college/associate,1390,5,21,0,0,731.64,1,0,0
HG03295,60,94800,1,0,1,Midwest,Bachelor's,1250,6,19,3,0.041666667,901.8,0,0,0
HG03296,53,48300,4,1,1,Midwest,High school or less,2000,7,30,0,0,954.29,0,0,0
HG03297,23,36300,2,0,0,Northeast,High school or less,1100,8,24,0,0,724.16,1,0,0
HG03298,46,68000,2,0,1,Midwest,Some college/associate,1660,8,29,2,0,702.12,0,0,0
HG03299,45,202300,1,0,1,West,Bachelor's,2390,3,6,0,0,876.4,1,0,0
HG03300,43,51200,1,0,1,West,High school or less,1690,3,14,12,0,590.64,1,0,0
HG03301,44,56200,4,1,1,West,High school or less,,0,0,83,0,1024.65,0,0,0
HG03302,73,79700,1,0,1,South,Some college/associate,1120,4,16,1,0,911.21,0,0,0
HG03303,51,51600,1,0,1,Northeast,Some college/associate,1940,0,0,44,0,1096.12,0,1,157.96
HG03304,25,42600,1,0,1,South,Some college/associate,980,7,12,3,0,646.42,1,0,0
HG03305,42,135700,2,1,0,Midwest,Bachelor's,1240,18,49,1,0,1081.79,0,0,0
HG03306,49,150400,3,0,1,South,Bachelor's,2420,7,16,1,0,1376.08,0,0,0
HG03307,63,109600,2,0,0,West,Some college/associate,2700,6,6,5,0.227272727,1080.71,0,0,0
HG03308,51,111700,1,0,0,South,Some college/associate,1300,8,14,0,0,725.74,0,0,0
HG03309,66,123700,1,0,0,West,Bachelor's,1450,7,28,1,0,1033.57,1,0,0
HG03310,32,61400,2,0,1,South,Bachelor's,1750,0,0,50,0,1085.53,1,0,0
HG03311,57,95900,3,1,1,West,Bachelor's,2200,8,25,2,0,1280.38,0,1,37.58
HG03312,52,110600,2,1,1,Midwest,Graduate,3370,10,32,2,0,972.09,0,0,0
HG03313,34,46400,5,1,0,South,Some college/associate,1040,20,59,0,0,734.6,0,0,0
HG03314,46,193500,3,0,1,Northeast,Bachelor's,2340,11,28,1,0,1153.08,0,0,0
HG03315,29,42700,1,0,1,South,High school or less,1080,9,21,9,0,772.61,0,0,0
HG03316,70,115500,1,0,1,South,Some college/associate,1710,3,12,10,0,1028.17,0,0,0
HG03317,32,56300,6,0,1,West,High school or less,3070,3,7,5,0,1074.73,0,0,0
HG03318,52,85100,5,2,0,Midwest,Bachelor's,2540,0,0,101,0,1244.4,0,0,0
HG03319,57,123600,1,0,1,West,Graduate,1900,4,4,0,0,1373.26,0,0,0
HG03320,51,97800,3,1,1,West,Bachelor's,1560,8,29,0,0,1145.27,0,0,0
HG03321,45,101700,2,0,1,Midwest,Bachelor's,2160,3,4,11,0,1177.95,1,0,0
HG03322,29,88900,5,4,0,West,Some college/associate,1160,6,14,4,0,893.06,1,0,0
HG03323,32,33500,2,1,1,South,High school or less,1000,8,24,8,0,1113.34,0,0,0
HG03324,27,128900,1,0,0,Northeast,Bachelor's,1520,13,23,2,0,1061.72,1,0,0
HG03325,41,46700,1,0,0,Northeast,High school or less,970,3,9,8,0,1053.43,0,0,0
HG03326,51,325600,2,0,0,South,Graduate,2010,17,35,0,0,1422.13,0,1,153.95
HG03327,43,171300,2,1,1,Northeast,Some college/associate,2220,12,35,3,0,1296.1,1,0,0
HG03328,35,59500,2,0,0,Northeast,High school or less,1330,0,0,84,0,658.74,1,0,0
HG03329,34,48500,2,0,1,Midwest,High school or less,1030,12,26,2,0,665.52,0,0,0
HG03330,39,169300,3,1,1,Northeast,Bachelor's,2190,9,27,3,0,1361.85,1,0,0
HG03331,37,152700,1,0,1,West,Bachelor's,1520,5,13,3,0,1087.11,1,0,0
HG03332,34,59500,4,0,1,South,High school or less,2590,0,0,102,0,935.08,0,0,0
HG03333,49,65200,1,0,1,South,Some college/associate,960,4,9,1,0,955.22,1,1,42.21
HG03334,77,82100,3,0,1,Northeast,Some college/associate,1920,0,0,86,0,1091.2,1,0,0
HG03335,45,64200,2,1,1,South,Bachelor's,2360,5,19,6,0,691.63,1,0,0
HG03336,32,41100,5,3,1,South,High school or less,1840,11,32,0,0,1001.1,0,0,0
HG03337,29,116000,3,0,0,Northeast,High school or less,,8,13,0,0,910.03,1,1,43.01
HG03338,44,37200,2,0,1,Midwest,Some college/associate,1700,8,21,4,0.153846154,919.54,1,1,56.75
HG03339,38,59100,3,0,1,Midwest,High school or less,1350,4,14,8,0.375,949.74,0,0,0
HG03340,49,189400,5,1,0,West,Bachelor's,2150,12,33,0,0,1083.53,1,0,0
HG03341,28,299800,2,1,1,South,Bachelor's,2350,11,39,0,0,1458.42,0,0,0
HG03342,44,77800,2,1,1,South,Some college/associate,830,12,39,2,0,803.4,0,0,0
HG03343,36,85900,1,0,1,West,Some college/associate,1160,14,35,0,0,601.22,1,0,0
HG03344,48,114200,3,0,1,South,Some college/associate,2610,0,0,48,0,937.95,1,0,0
HG03345,49,59000,2,0,1,Midwest,High school or less,2270,8,22,0,0,918.7,0,1,58.07
HG03346,40,133400,1,0,0,West,Some college/associate,1300,3,12,7,0,900.54,0,0,0
HG03347,51,59400,2,1,0,West,Some college/associate,1080,6,15,10,0,1069.29,0,1,375.32
HG03348,40,79700,4,1,1,South,High school or less,1670,12,43,4,0,1093.23,0,1,66.17
HG03349,35,118100,1,0,0,Midwest,Bachelor's,960,5,20,2,0,799.34,0,0,0
HG03350,43,87700,2,0,1,Northeast,Bachelor's,1550,8,30,4,0,790.38,0,0,0
HG03351,52,73200,3,1,1,South,High school or less,2730,0,0,76,0,813.28,0,0,0
HG03352,28,57500,2,0,1,West,Some college/associate,1310,22,38,1,0,1034.87,0,1,181.92
HG03353,52,82300,2,0,1,Northeast,High school or less,1680,5,18,9,0.047619048,714.44,0,0,0
HG03354,67,153900,2,0,1,Midwest,Some college/associate,1670,3,8,0,0,1103.06,0,0,0
HG03355,38,60200,1,0,1,West,Bachelor's,1630,4,15,0,0,1055.97,1,0,0
HG03356,45,93300,4,2,1,Midwest,Some college/associate,2810,8,29,3,0,744.63,0,0,0
HG03357,46,95700,3,1,1,West,Graduate,2530,0,0,64,0,1061.29,0,0,0
HG03358,58,147800,1,0,0,South,Bachelor's,2540,0,0,135,0,1177.64,1,0,0
HG03359,39,81700,2,0,1,South,Graduate,,10,30,3,0,988.81,1,0,0
HG03360,37,51000,1,0,1,South,Some college/associate,1380,7,16,0,0,1020.59,1,0,0
HG03361,54,37600,3,1,0,West,High school or less,1470,0,0,73,0,943.76,0,0,0
HG03362,58,56300,3,1,0,Northeast,Some college/associate,1700,0,0,42,0,1144.83,0,0,0
HG03363,76,29700,2,0,1,South,Some college/associate,1120,0,0,92,0,858.44,1,0,0
HG03364,54,60800,1,0,1,West,Some college/associate,1120,6,27,1,0.333333333,869.88,0,0,0
HG03365,54,19900,2,1,0,South,High school or less,1110,0,0,100,0,689.7,1,0,0
HG03366,33,35100,4,2,1,South,Some college/associate,1730,8,25,2,0,1390.45,0,0,0
HG03367,57,72300,2,1,1,South,Some college/associate,1840,8,19,3,0,1193.39,0,0,0
HG03368,26,68100,2,0,0,South,Some college/associate,1360,6,26,1,0,654.7,0,0,0
HG03369,48,82900,6,1,1,South,Bachelor's,3130,4,11,0,0,1024.61,0,0,0
HG03370,51,149700,4,1,1,West,Graduate,2770,6,35,2,0.538461538,1192.3,1,0,0
HG03371,35,178600,4,2,1,Midwest,Bachelor's,3800,9,26,6,0,1358.33,0,0,0
HG03372,59,20300,3,0,0,Midwest,High school or less,1570,0,0,117,0,754.58,1,0,0
HG03373,54,113600,1,0,0,West,Bachelor's,1470,8,15,6,0,826.7,1,0,0
HG03374,33,111300,6,3,1,South,Some college/associate,3130,5,13,12,0,947.55,1,0,0
HG03375,67,90000,2,1,0,Midwest,Bachelor's,1440,0,0,49,0,967.22,0,0,0
HG03376,38,39100,3,1,1,West,Some college/associate,1480,10,28,0,0,978.96,1,1,23.32
HG03377,45,76800,1,0,0,Northeast,Graduate,1180,6,16,0,0.277777778,818.83,0,0,0
HG03378,38,134100,1,0,1,Northeast,Bachelor's,1060,5,33,0,0.461538462,1064.58,1,0,0
HG03379,48,139700,2,0,1,Midwest,Some college/associate,1330,8,22,10,0,824.33,0,1,48.23
HG03380,51,111500,2,0,1,South,Some college/associate,1240,13,26,4,0,1124.57,0,1,130.27
HG03381,79,190800,2,0,1,South,Bachelor's,2770,0,0,73,0,1332.31,1,0,0
HG03382,71,107500,6,0,1,Northeast,Bachelor's,4140,5,29,0,0.6,1130.05,0,0,0
HG03383,43,172900,4,2,1,Midwest,Bachelor's,1880,6,21,4,0,1202.26,0,0,0
HG03384,22,33000,3,1,0,West,High school or less,1010,3,7,16,0,650.56,0,0,0
HG03385,48,82600,1,0,0,Midwest,Some college/associate,740,11,33,3,0,817.99,1,0,0
HG03386,49,88100,3,1,0,South,High school or less,1160,9,18,6,0,1079.2,1,0,0
HG03387,58,199900,2,0,1,Northeast,Graduate,1490,8,27,0,0,1163.59,0,0,0
HG03388,50,23400,3,1,1,Midwest,High school or less,1620,0,0,45,0,1002.37,1,1,25.37
HG03389,36,63500,3,1,0,South,Some college/associate,2020,6,24,4,0,896.34,0,0,0
HG03390,77,211700,1,0,1,West,Graduate,1460,3,13,9,0,1155.54,1,0,0
HG03391,26,64500,5,3,0,Northeast,Some college/associate,1580,9,20,2,0,1039.38,0,0,0
HG03392,67,251500,3,0,1,South,Graduate,2340,11,32,3,0,1369.09,0,0,0
HG03393,39,104200,4,1,1,Midwest,Bachelor's,1780,10,26,1,0,1244.08,1,0,0
HG03394,59,60300,1,0,1,South,Some college/associate,1040,7,21,5,0,935.68,1,0,0
HG03395,53,101300,4,0,1,South,Bachelor's,2200,15,38,0,0,1077.72,0,0,0
HG03396,46,50900,4,2,1,Midwest,Bachelor's,3280,0,0,60,0,1132.59,0,0,0
HG03397,47,26900,1,0,0,West,High school or less,1120,7,19,4,0.363636364,622.08,0,0,0
HG03398,55,89700,2,0,1,West,Some college/associate,1700,5,17,0,0,860.84,0,0,0
HG03399,26,25400,1,0,0,Midwest,High school or less,1090,0,0,62,0,925.64,1,0,0
HG03400,57,136200,1,0,0,South,Graduate,1480,7,43,6,0.411764706,1015.29,0,0,0
HG03401,45,61700,2,0,0,West,Some college/associate,1900,6,19,8,0,727.55,1,0,0
HG03402,60,109000,1,0,1,Midwest,Bachelor's,2040,6,19,6,0,1286.29,1,0,0
HG03403,52,235900,2,0,1,Midwest,Bachelor's,1500,9,23,0,0,1288.28,0,0,0
HG03404,56,46200,4,0,0,Midwest,Some college/associate,3480,0,0,51,0,873.53,0,0,0
HG03405,44,116500,1,0,1,West,Graduate,1660,11,33,5,0,1071.18,1,1,43.87
HG03406,48,32700,2,0,1,Northeast,High school or less,1910,0,0,66,0,969.59,0,0,0
HG03407,34,110900,3,0,1,South,Some college/associate,1560,8,38,4,0,1099.12,1,0,0
HG03408,47,39300,4,1,1,South,High school or less,2330,0,0,49,0,657.94,1,0,0
HG03409,34,138100,2,1,1,Midwest,Bachelor's,1600,8,16,1,0,1057.97,0,0,0
HG03410,33,209900,5,1,1,Northeast,Bachelor's,2510,7,27,4,0,1221.88,0,0,0
HG03411,41,181000,4,1,1,Northeast,Bachelor's,2200,12,31,0,0,1354.3,1,1,166.95
HG03412,60,277100,2,1,1,Midwest,Graduate,2690,6,18,3,0,1572.57,1,0,0
HG03413,32,38800,2,0,0,West,High school or less,1740,0,0,50,0,702.68,0,0,0
HG03414,45,143600,6,2,1,West,Graduate,2500,6,20,5,0,1404.81,0,0,0
HG03415,29,76800,2,1,1,West,Some college/associate,1110,10,23,4,0,876.65,0,0,0
HG03416,55,64000,5,0,0,South,Some college/associate,1850,7,23,5,0,1231.12,0,0,0
HG03417,56,66100,1,0,1,South,High school or less,1040,7,24,2,0,966.78,1,0,0
HG03418,79,100800,6,2,1,Midwest,Bachelor's,4470,5,12,7,0,1340.87,1,1,506.01
HG03419,67,101800,1,0,1,South,Graduate,1140,4,17,3,0,962.13,1,1,159.52
HG03420,42,205000,2,1,1,Northeast,Graduate,,10,41,3,0,1189,1,0,0
HG03421,42,51400,2,1,0,Midwest,Some college/associate,1310,5,22,5,0,853.84,1,0,0
HG03422,65,164700,2,0,1,West,Bachelor's,1820,5,18,2,0,1354.78,1,1,130.6
HG03423,32,83600,2,0,1,West,Bachelor's,1620,16,52,0,0,905.85,0,0,0
HG03424,36,118900,1,0,1,South,Some college/associate,1280,8,6,1,0,1181.39,0,0,0
HG03425,60,51600,3,0,1,Midwest,High school or less,2230,0,0,128,0,829.82,1,1,50.43
HG03426,35,41300,3,0,1,South,High school or less,2060,0,0,44,0,869.87,0,0,0
HG03427,62,101200,3,1,1,West,Graduate,2710,12,55,0,0,1216.28,0,0,0
HG03428,53,114500,6,0,1,West,Bachelor's,4710,0,0,84,0,1076.07,0,0,0
HG03429,56,189900,4,0,1,Midwest,Graduate,1840,15,38,1,0,1242.31,0,0,0
HG03430,53,241800,6,2,1,West,Bachelor's,4370,6,20,7,0,1374.46,0,0,0
HG03431,27,105200,4,2,1,Northeast,Bachelor's,1820,17,36,0,0,1122.62,0,1,146.79
HG03432,31,61800,4,1,0,West,Bachelor's,1530,0,0,57,0,779.58,1,0,0
HG03433,68,63000,1,0,0,South,High school or less,1120,10,15,2,0,840.57,1,0,0
HG03434,35,130700,2,1,0,South,Bachelor's,1380,8,19,3,0,992.7,1,1,49.91
HG03435,29,49700,1,0,1,South,Some college/associate,1960,0,0,79,0,792.26,0,0,0
HG03436,25,29900,2,1,1,West,High school or less,1360,0,0,71,0,888.2,1,1,228.17
HG03437,47,81000,1,0,1,Northeast,High school or less,1350,3,10,9,0,907.28,0,0,0
HG03438,32,64300,4,1,0,Midwest,Bachelor's,1240,5,19,3,0,1075.85,0,1,90.54
HG03439,58,61700,2,0,0,Midwest,Some college/associate,1350,6,12,0,0,764.9,1,1,134.01
HG03440,62,84300,4,0,1,South,Bachelor's,1900,9,34,0,0,1251.64,0,0,0
HG03441,39,31300,4,2,0,Midwest,Some college/associate,1280,3,13,12,0,987.62,1,0,0
HG03442,59,186700,3,1,1,South,Bachelor's,1590,11,31,0,0,1381.98,1,1,107.87
HG03443,65,55200,2,0,1,Midwest,High school or less,2800,0,0,38,0,1213.25,1,0,0
HG03444,45,125200,2,0,1,West,Graduate,1980,4,13,0,0,1051.71,0,0,0
HG03445,18,89100,2,0,1,South,Some college/associate,960,8,21,4,0,1102.51,1,0,0
HG03446,52,49200,3,2,1,South,High school or less,1810,6,21,10,0,1177.65,1,0,0
HG03447,45,160700,4,0,1,Northeast,Graduate,2810,11,26,13,0,1344.42,1,1,238.8
HG03448,53,66000,5,0,1,South,Some college/associate,2200,0,0,59,0,1184.21,1,0,0
HG03449,58,78800,6,1,1,Northeast,Bachelor's,3530,3,12,2,0.266666667,1250.63,1,1,111.15
HG03450,42,39000,4,1,1,Northeast,High school or less,1970,0,0,112,0,980.2,0,0,0
HG03451,32,79100,2,0,1,South,Some college/associate,1660,12,25,1,0,1057.09,1,1,68.67
HG03452,42,207400,1,0,1,South,Bachelor's,1580,4,8,8,0,1375.66,1,1,306.12
HG03453,47,156600,2,0,1,West,Graduate,3130,0,0,54,0,1347.21,1,0,0
HG03454,64,105600,1,0,0,South,Bachelor's,1230,7,24,2,0,976.29,0,0,0
HG03455,53,124900,1,0,1,Midwest,Bachelor's,2090,4,16,2,0,1120.01,1,0,0
HG03456,30,97100,5,2,1,South,Graduate,2520,9,25,1,0,1203.01,0,0,0
HG03457,49,37700,3,0,1,West,High school or less,1510,0,0,55,0,871.92,1,0,0
HG03458,69,93400,1,0,1,South,Bachelor's,2300,5,19,1,0,853.29,0,0,0
HG03459,53,141900,2,0,1,South,Some college/associate,1810,13,42,0,0,1067.55,0,0,0
HG03460,43,87100,1,0,1,South,Bachelor's,960,8,27,6,0,920.94,1,0,0
HG03461,60,121900,5,1,1,South,Bachelor's,3810,0,0,67,0,1130.92,0,0,0
HG03462,36,78800,6,1,0,South,Bachelor's,3220,0,0,53,0,1069.58,0,0,0
HG03463,30,45500,3,0,1,West,High school or less,1110,0,0,79,0,616.23,0,0,0
HG03464,48,69900,4,0,1,Midwest,Graduate,1190,10,23,0,0,1088.35,0,0,0
HG03465,40,40900,5,3,1,Midwest,High school or less,3120,0,0,71,0,963.11,0,0,0
HG03466,59,,1,0,1,Northeast,High school or less,1270,9,27,3,0.25,1122.84,0,0,0
HG03467,26,75900,5,1,1,South,Bachelor's,4160,0,0,50,0,982.83,1,1,95.01
HG03468,34,120400,3,0,1,West,High school or less,1090,31,96,1,0,916.45,0,0,0
HG03469,34,25400,3,1,1,Midwest,High school or less,1950,5,16,3,0,968.8,1,0,0
HG03470,28,79700,2,0,0,Midwest,Bachelor's,1300,9,23,0,0,784.71,1,1,66.67
HG03471,47,95400,1,0,1,South,Some college/associate,1560,5,24,10,0,1042.38,1,0,0
HG03472,53,36200,4,1,1,Midwest,Some college/associate,2600,0,0,93,0,1060.8,0,0,0
HG03473,49,56000,1,0,1,South,Some college/associate,1040,7,19,10,0.5,952.51,0,1,85.3
HG03474,62,156400,4,0,0,Northeast,Graduate,2340,0,0,67,0,1298.46,0,0,0
HG03475,69,107500,3,0,1,Midwest,Some college/associate,2520,0,0,53,0,799.41,0,0,0
HG03476,39,51900,2,1,0,West,High school or less,1800,0,0,95,0,562.98,0,0,0
HG03477,64,70200,4,1,1,Northeast,Bachelor's,1760,2,4,24,0.1875,1103.43,0,0,0
HG03478,63,81000,6,1,0,West,High school or less,2390,4,22,5,0.444444444,1102.1,0,0,0
HG03479,36,51700,1,0,0,South,High school or less,990,7,19,9,0,865.39,1,1,97.16
HG03480,44,32200,2,0,0,Midwest,High school or less,1060,4,11,0,0.315789474,669.19,0,0,0
HG03481,63,139700,3,0,1,South,Some college/associate,2410,13,49,2,0,1152.52,0,1,134.79
HG03482,59,71700,4,1,1,South,Bachelor's,3530,0,0,105,0,1122.65,1,0,0
HG03483,21,94900,2,0,1,West,High school or less,1170,17,47,3,0,889.3,1,1,114.86
HG03484,19,83700,3,0,0,West,Some college/associate,1440,3,3,1,0,648.51,1,0,0
HG03485,48,132700,2,1,1,Midwest,Graduate,2250,7,19,2,0,959.27,0,0,0
HG03486,29,70300,5,1,1,Northeast,High school or less,2150,6,16,1,0,1006.36,0,0,0
HG03487,19,36800,6,1,1,Midwest,High school or less,3360,7,20,10,0.4,657.08,0,0,0
HG03488,43,34000,1,0,0,South,Some college/associate,980,8,21,10,0,799.66,0,0,0
HG03489,49,44600,1,0,0,South,High school or less,840,6,18,1,0,819.08,1,0,0
HG03490,49,65300,2,0,1,South,Some college/associate,2610,0,0,66,0,1191.17,1,0,0
HG03491,39,75300,2,1,1,Midwest,Some college/associate,1870,16,40,0,0.25,863.32,0,0,0
HG03492,22,32700,3,0,0,South,High school or less,1620,0,0,66,0,836.06,1,0,0
HG03493,29,68800,2,1,1,West,High school or less,2120,0,0,110,0,1056.91,0,0,0
HG03494,76,171800,1,0,1,South,Bachelor's,1530,7,33,7,0,1156.59,0,0,0
HG03495,53,113500,2,0,1,Midwest,Bachelor's,1970,15,48,2,0.538461538,961.38,1,1,241.56
HG03496,31,105900,4,0,1,South,Bachelor's,1810,12,46,2,0,1499.64,0,0,0
HG03497,42,23300,3,2,0,West,High school or less,1020,0,0,47,0,1073.29,0,0,0
HG03498,49,69700,6,1,1,Northeast,Bachelor's,3560,0,0,91,0,1509.85,0,0,0
HG03499,61,105900,2,1,0,West,Some college/associate,1250,0,0,220,0,849.46,0,0,0
HG03500,53,49300,2,0,1,South,Some college/associate,890,19,65,1,0,861.33,1,0,0
HG03501,40,39400,3,2,1,West,High school or less,1290,0,0,70,0,953.08,0,0,0
HG03502,22,49400,5,0,0,South,High school or less,1690,0,0,110,0,937.92,0,0,0
HG03503,33,20500,4,2,1,Midwest,High school or less,1530,0,0,63,0,1161.45,0,0,0
HG03504,58,114700,4,1,1,Midwest,Some college/associate,2170,4,9,5,0,945.06,0,0,0
HG03505,79,72200,1,0,1,Midwest,High school or less,1380,4,10,7,0,949.54,0,0,0
HG03506,46,85100,1,0,0,South,Some college/associate,1520,6,21,1,0,1083.23,1,1,173.08
HG03507,47,189100,2,0,1,South,Some college/associate,760,41,106,0,0,1027.08,1,0,0
HG03508,32,124300,4,2,0,West,High school or less,2160,5,10,4,0,1156.39,1,0,0
HG03509,66,70700,5,0,1,Northeast,Some college/associate,2320,3,10,1,0.166666667,929.58,0,0,0
HG03510,49,50800,3,1,1,South,High school or less,1030,7,21,6,0,1057.54,0,0,0
HG03511,74,113200,6,0,1,West,Bachelor's,2580,10,21,0,0,1145.76,0,1,191.07
HG03512,50,67800,1,0,0,South,Some college/associate,1180,9,51,1,0,915.57,0,0,0
HG03513,23,33600,1,0,1,Midwest,High school or less,1040,10,27,6,0.2,807.7,0,0,0
HG03514,52,53500,1,0,1,Northeast,Some college/associate,1510,6,28,2,0.125,586.76,1,0,0
HG03515,38,73900,1,0,0,South,Graduate,870,4,14,2,0,866.27,1,0,0
HG03516,20,28200,1,0,0,Midwest,High school or less,780,5,17,3,0.421052632,479.57,1,0,0
HG03517,24,144100,2,0,0,West,Some college/associate,970,7,19,6,0,945.25,1,0,0
HG03518,47,53600,3,0,0,Midwest,Bachelor's,1250,6,21,3,0,675.02,0,0,0
HG03519,25,31900,1,0,0,South,High school or less,940,8,24,1,0,774.53,0,0,0
HG03520,41,251800,3,0,0,South,Bachelor's,2160,7,17,16,0,949.54,0,0,0
HG03521,41,59900,2,0,0,South,High school or less,1090,12,41,4,0,895.05,0,0,0
HG03522,42,37000,3,1,0,West,High school or less,1690,0,0,50,0,1139.36,0,0,0
HG03523,39,239100,3,0,1,West,Bachelor's,2360,2,6,9,0,1316.53,0,0,0
HG03524,43,92400,1,0,1,West,Some college/associate,1200,11,28,2,0,891.95,0,0,0
HG03525,56,47500,5,0,0,South,High school or less,2010,0,0,89,0,707.23,1,0,0
HG03526,30,43700,2,0,0,West,High school or less,2210,5,14,1,0,694.55,0,0,0
HG03527,50,99100,2,1,0,South,Bachelor's,1260,7,24,4,0,972.14,0,0,0
HG03528,41,70200,2,1,1,Midwest,Bachelor's,1280,14,32,0,0,979.68,1,0,0
HG03529,44,152000,1,0,1,West,Some college/associate,1430,4,14,3,0,926.19,0,0,0
HG03530,48,,5,2,0,Northeast,Graduate,2130,5,14,5,0,1258.27,0,0,0
HG03531,31,49400,5,0,1,West,High school or less,,0,0,66,0,796.76,1,0,0
HG03532,71,96700,3,0,1,West,Graduate,2800,5,13,16,0,993.61,1,0,0
HG03533,57,125300,2,0,1,South,Bachelor's,1610,15,26,3,0,1199.9,1,0,0
HG03534,48,126600,2,1,1,Midwest,Bachelor's,1350,3,17,2,0,936.3,0,0,0
HG03535,49,66900,2,1,1,South,Some college/associate,2070,9,31,1,0,883.86,0,1,138.84
HG03536,50,42800,1,0,1,West,High school or less,1670,6,17,1,0,699.18,0,0,0
HG03537,27,,1,0,1,South,Some college/associate,950,13,36,0,0,829.33,0,0,0
HG03538,24,53200,6,1,1,West,Graduate,3500,0,0,61,0,1113.15,1,0,0
HG03539,31,99200,5,1,1,Midwest,High school or less,2050,10,25,3,0,817.85,1,0,0
HG03540,64,134300,4,1,1,South,Bachelor's,3630,11,25,3,0,1246.76,0,0,0
HG03541,58,62400,2,0,0,South,Some college/associate,1220,6,18,0,0.260869565,846.01,1,1,30.26
HG03542,57,120100,5,1,1,South,Graduate,3730,7,32,0,0,1280.63,0,0,0
HG03543,50,27400,3,1,0,Midwest,High school or less,1890,6,28,2,0,735.86,0,0,0
HG03544,27,119000,1,0,1,South,Graduate,2210,0,0,107,0,1250.46,0,0,0
HG03545,40,93100,2,0,1,South,Some college/associate,2010,5,16,0,0,1070.5,0,0,0
HG03546,50,49500,3,1,1,Northeast,Some college/associate,2650,0,0,45,0,808.72,0,0,0
HG03547,42,33700,2,0,0,Midwest,High school or less,1160,0,0,114,0,752.71,0,0,0
HG03548,52,143400,1,0,1,West,Bachelor's,1530,7,15,1,0,1102.77,0,0,0
HG03549,42,65800,2,1,1,Northeast,Some college/associate,1110,9,31,14,0,883.33,1,0,0
HG03550,57,33900,1,0,0,Midwest,High school or less,1630,7,25,9,0,824.37,0,0,0
HG03551,44,62200,4,0,0,Northeast,Some college/associate,2190,4,17,2,0,767.84,1,1,52.49
HG03552,57,223000,4,0,1,South,Graduate,2080,7,17,1,0,1421.36,1,0,0
HG03553,34,81300,5,1,0,West,Bachelor's,2000,13,47,7,0,1030.11,0,0,0
HG03554,40,79000,2,1,1,Midwest,Some college/associate,1470,5,11,0,0,1045.37,1,0,0
HG03555,30,49900,2,0,1,Midwest,Some college/associate,1020,2,3,4,0.25,688.67,1,0,0
HG03556,70,106800,1,0,0,Midwest,Graduate,1620,2,8,23,0.230769231,934.74,1,1,154.91
HG03557,34,67200,2,0,1,South,High school or less,1890,4,11,9,0,630.47,1,0,0
HG03558,40,33800,1,0,0,West,Some college/associate,910,0,0,61,0,842.9,1,0,0
HG03559,47,145500,1,0,1,South,Bachelor's,1100,3,5,4,0,1219.07,1,0,0
HG03560,44,278600,1,0,1,West,Bachelor's,1850,8,29,3,0,1268.6,1,0,0
HG03561,26,34100,2,1,0,Midwest,High school or less,1020,0,0,82,0,742.91,1,0,0
HG03562,40,25500,5,2,1,Midwest,High school or less,2700,6,25,0,0,975.32,1,0,0
HG03563,39,49800,1,0,0,Northeast,High school or less,980,2,4,14,0,839.6,0,0,0
HG03564,26,27000,1,0,1,Midwest,High school or less,1160,7,18,0,0,531.56,0,0,0
HG03565,33,92600,1,0,1,South,Bachelor's,1590,4,26,8,0,747.75,0,0,0
HG03566,53,89400,1,0,1,West,Graduate,2810,6,20,0,0,1175.47,0,1,94.93
HG03567,55,97000,3,1,1,South,Bachelor's,1670,5,14,2,0,1051.57,0,0,0
HG03568,27,49000,6,3,0,South,Bachelor's,1490,0,0,52,0,985.19,0,0,0
HG03569,44,91000,5,1,1,West,Some college/associate,2940,9,29,3,0,996.89,1,0,0
HG03570,47,50000,1,0,0,South,High school or less,1290,8,15,9,0,1017.24,0,0,0
HG03571,51,51200,3,0,0,South,Some college/associate,1380,0,0,52,0,891.74,0,0,0
HG03572,27,46300,2,0,0,South,High school or less,1540,0,0,57,0,1003.53,1,0,0
HG03573,55,271500,2,0,1,West,Bachelor's,2440,8,15,11,0,1370.88,1,0,0
HG03574,65,88200,4,1,0,Midwest,High school or less,1450,8,30,3,0,1118.5,1,1,49.73
HG03575,45,72400,2,1,1,West,High school or less,2130,0,0,45,0,1064.6,1,1,100.64
HG03576,67,134000,5,0,1,South,Some college/associate,2290,12,28,1,0,984.18,0,1,65.3
HG03577,42,204000,4,1,1,West,Graduate,3160,2,5,2,0,1352.03,0,0,0
HG03578,56,161200,2,1,1,Midwest,Bachelor's,2460,6,23,6,0,1260.89,1,0,0
HG03579,48,80300,1,0,1,Northeast,Graduate,1590,12,29,4,0,1072.95,0,0,0
HG03580,35,69900,3,0,0,Midwest,Some college/associate,1580,6,21,5,0,703.62,0,0,0
HG03581,49,82500,1,0,1,Midwest,Some college/associate,1080,7,10,0,0,1016.92,0,0,0
HG03582,27,95600,5,4,1,South,Bachelor's,3860,0,0,69,0,1442.86,1,1,441.65
HG03583,53,34000,4,0,1,West,Some college/associate,2510,0,0,57,0,1103.1,1,1,270.35
HG03584,58,157400,3,0,1,Northeast,Graduate,2210,5,11,0,0,1079.98,0,0,0
HG03585,37,123400,3,2,1,Midwest,High school or less,1380,16,47,7,0,1018.63,1,0,0
HG03586,36,121000,3,0,1,Midwest,Graduate,2420,0,0,52,0,1135.1,0,0,0
HG03587,37,112500,6,4,0,Midwest,Some college/associate,2470,15,63,0,0,1358.56,0,0,0
HG03588,40,20100,2,1,0,South,High school or less,1120,9,28,4,0,785.02,0,0,0
HG03589,31,155100,3,0,0,Northeast,Some college/associate,1410,4,9,8,0,1264.94,0,0,0
HG03590,33,169400,2,0,0,South,Bachelor's,1750,9,19,2,0,1198.16,1,0,0
HG03591,40,243900,2,1,1,South,Bachelor's,3290,12,29,3,0,1328.79,0,0,0
HG03592,27,59400,2,0,0,Northeast,High school or less,1260,0,0,85,0,753.33,0,0,0
HG03593,54,66600,3,0,1,Northeast,High school or less,1560,3,11,3,0,780.24,0,1,62.98
HG03594,26,28700,4,2,0,South,High school or less,2210,0,0,49,0,775.92,0,0,0
HG03595,36,97400,2,0,1,South,Bachelor's,1580,7,20,17,0,939.52,1,1,90.92
HG03596,54,79100,1,0,1,South,Some college/associate,,5,23,3,0,875.7,0,0,0
HG03597,54,75900,4,0,1,Midwest,Some college/associate,3290,6,19,0,0,1113.66,0,0,0
HG03598,29,33800,1,0,0,South,High school or less,940,3,9,17,0,404.96,1,0,0
HG03599,58,92600,2,1,0,South,Bachelor's,1880,0,0,70,0,717.44,1,0,0
HG03600,29,155500,1,0,1,West,Bachelor's,1850,11,31,2,0,871.57,0,0,0
HG03601,65,74200,1,0,1,South,Some college/associate,1160,4,10,18,0.375,893.53,0,0,0
HG03602,54,88600,1,0,1,Northeast,Some college/associate,1530,3,11,0,0.318181818,1006.88,0,0,0
HG03603,28,128500,2,0,0,West,High school or less,1650,9,20,2,0,934.41,0,0,0
HG03604,38,50500,1,0,1,South,High school or less,750,11,27,0,0,714.1,1,0,0
HG03605,23,75400,4,0,0,Midwest,Some college/associate,1610,10,21,0,0,1097.76,0,0,0
HG03606,54,152100,2,0,1,Northeast,Graduate,1820,11,23,2,0,1307.72,1,1,242.11
HG03607,33,83600,3,0,1,Midwest,Bachelor's,1400,5,16,6,0,798.13,1,0,0
HG03608,39,126500,2,0,1,South,Some college/associate,1550,8,28,0,0,1106.26,1,0,0
HG03609,61,344800,3,0,1,Northeast,Bachelor's,2200,13,50,1,0,1582.06,1,0,0
HG03610,49,116100,1,0,1,South,Some college/associate,1360,7,11,6,0,830.64,0,1,51.21
HG03611,32,85500,2,0,1,South,Some college/associate,1820,8,16,0,0,791.94,1,0,0
HG03612,44,61000,4,0,0,Midwest,Some college/associate,1290,0,0,111,0,825.54,1,0,0
HG03613,69,67700,1,0,1,South,Bachelor's,1560,10,42,3,0,1088.92,0,0,0
HG03614,46,88800,2,0,1,Northeast,Bachelor's,1430,19,40,0,0,719.9,1,0,0
HG03615,35,31900,3,1,0,West,High school or less,1180,8,16,8,0,1015.17,1,1,390.07
HG03616,47,75900,4,1,1,South,Some college/associate,3280,0,0,68,0,988.69,0,0,0
HG03617,56,107200,2,0,1,South,Graduate,1970,7,14,12,0,1255.38,1,0,0
HG03618,50,71000,2,0,1,South,Bachelor's,1300,3,7,2,0,719.31,0,0,0
HG03619,48,63400,1,0,0,West,High school or less,1080,13,50,1,0,727.6,1,0,0
HG03620,32,110800,5,2,1,Midwest,Bachelor's,2790,8,17,0,0,1343.61,1,0,0
HG03621,37,38000,2,0,1,South,High school or less,1810,0,0,76,0,929.25,0,0,0
HG03622,66,155700,3,0,1,West,Graduate,3090,0,0,99,0,1124.17,1,1,90.28
HG03623,59,49100,1,0,1,South,Bachelor's,1140,4,13,8,0,1138.95,0,0,0
HG03624,46,89500,1,0,0,South,Some college/associate,930,16,41,1,0,916.83,0,0,0
HG03625,36,35600,3,0,0,Northeast,High school or less,2030,0,0,102,0,1085.73,1,0,0
HG03626,49,183100,2,1,1,Midwest,Bachelor's,1810,5,15,6,0,1318.14,0,0,0
HG03627,29,,1,0,0,Midwest,High school or less,1310,0,0,48,0,449.04,0,0,0
HG03628,57,56000,2,0,1,Midwest,High school or less,2140,0,0,85,0,954.4,0,0,0
HG03629,47,40600,1,0,1,Midwest,Some college/associate,1110,6,10,8,0.333333333,860.16,1,0,0
HG03630,54,100300,4,1,1,Midwest,Graduate,2410,8,17,1,0,1066.09,1,1,550.78
HG03631,46,191500,1,0,0,Midwest,Graduate,1710,7,19,0,0.388888889,1035.66,0,1,136.28
HG03632,36,48800,1,0,0,South,Some college/associate,1520,9,27,4,0,592.18,1,0,0
HG03633,41,146500,4,2,1,South,Some college/associate,2710,10,36,3,0,1208.5,1,1,49.62
HG03634,54,76700,1,0,0,South,Some college/associate,1250,8,35,0,0,972.61,0,0,0
HG03635,42,40500,2,1,0,Midwest,High school or less,1370,0,0,63,0,880.52,1,0,0
HG03636,61,144700,4,1,1,Northeast,Graduate,2720,0,0,63,0,1304.62,0,0,0
HG03637,42,42500,1,0,0,Northeast,Some college/associate,990,4,16,1,0.230769231,733.46,1,1,88.98
HG03638,30,68400,2,0,0,South,High school or less,1260,6,29,7,0,795.89,1,1,22.25
HG03639,40,97800,2,0,0,Midwest,Bachelor's,1250,8,20,4,0,801.51,0,0,0
HG03640,44,86100,2,1,1,Midwest,Some college/associate,1570,4,8,17,0,1246.31,0,1,444.93
HG03641,32,93200,6,1,1,South,Some college/associate,2920,4,18,0,0,1166.93,0,0,0
HG03642,42,88600,1,0,0,South,Bachelor's,760,8,25,6,0,869.45,0,0,0
HG03643,42,77400,2,1,1,West,Some college/associate,1950,4,8,16,0,990.11,0,0,0
HG03644,61,102000,2,0,1,South,Graduate,2090,2,7,3,0,1144.82,1,0,0
HG03645,65,91400,1,0,1,South,Graduate,1340,7,38,0,0,979.56,0,0,0
HG03646,28,112900,3,1,1,Midwest,Some college/associate,1160,25,87,1,0,959.89,1,0,0
HG03647,47,117900,1,0,1,West,Graduate,1700,4,9,7,0,1146.35,0,0,0
HG03648,46,176700,2,0,1,Midwest,Bachelor's,1730,8,30,4,0,1400.31,1,0,0
HG03649,70,110800,1,0,1,South,Bachelor's,1230,6,31,2,0.333333333,1021.93,1,1,137.14
HG03650,61,82200,2,1,1,South,Some college/associate,2630,7,20,4,0,1326.88,0,0,0
HG03651,73,115700,4,0,1,Midwest,Graduate,1970,0,0,61,0,1363.41,1,1,221.93
HG03652,39,138800,3,2,0,South,Graduate,1610,12,26,0,0,964.31,0,0,0
HG03653,46,74100,3,0,0,South,Bachelor's,2240,0,0,75,0,1146.77,1,0,0
HG03654,41,94800,2,1,0,Midwest,Some college/associate,1590,8,31,3,0,1047.44,1,0,0
HG03655,25,48300,5,0,1,West,High school or less,1850,12,56,3,0,1097.05,0,1,126.47
HG03656,42,106100,4,1,1,South,Bachelor's,2290,6,19,16,0,989.11,0,0,0
HG03657,44,104900,1,0,1,South,High school or less,1160,6,11,8,0,799.73,1,0,0
HG03658,44,55800,4,3,1,Northeast,High school or less,2670,0,0,57,0,764.97,1,0,0
HG03659,48,89700,1,0,1,South,Graduate,2060,9,27,4,0.222222222,1070.95,1,0,0
HG03660,49,80500,4,0,1,Northeast,Some college/associate,3930,0,0,86,0,1077.1,1,0,0
HG03661,57,70900,3,1,1,South,Graduate,1560,0,0,66,0,1408.9,0,1,997.65
HG03662,38,86900,6,1,0,South,Some college/associate,2700,11,28,0,0,1138.28,1,1,160.09
HG03663,65,30300,3,0,1,Midwest,Some college/associate,2430,16,54,0,0,1101.73,0,0,0
HG03664,44,197700,1,0,0,West,Graduate,1620,8,29,3,0,1030.96,1,0,0
HG03665,32,29000,2,1,0,Midwest,Some college/associate,740,0,0,42,0,548.78,0,0,0
HG03666,46,99600,2,1,1,South,Some college/associate,1860,10,15,2,0,1048.45,1,1,148.72
HG03667,60,132300,1,0,0,West,Some college/associate,1170,10,29,1,0.5,1008.94,0,0,0
HG03668,65,138000,1,0,1,Northeast,Graduate,1210,11,33,1,0,1093.12,0,0,0
HG03669,44,45900,1,0,0,Northeast,High school or less,870,6,26,0,0,541.92,1,0,0
HG03670,46,89900,2,1,1,West,Graduate,2840,5,14,8,0,837.3,1,0,0
HG03671,42,84200,1,0,0,West,Some college/associate,1240,2,9,9,0,850.76,1,0,0
HG03672,37,64400,1,0,1,Midwest,Graduate,1360,9,25,1,0.3125,860.4,0,0,0
HG03673,52,42800,3,1,1,South,High school or less,2000,0,0,52,0,845.83,1,0,0
HG03674,30,129300,2,1,0,South,Bachelor's,1170,6,21,0,0,922.41,1,1,250.87
HG03675,53,132200,2,1,1,Midwest,Graduate,1960,6,20,1,0,1022.99,0,0,0
HG03676,48,177700,1,0,1,West,Bachelor's,1560,5,19,2,0,1200.51,1,0,0
HG03677,40,,1,0,0,South,High school or less,1090,1,4,21,0.363636364,754.97,0,0,0
HG03678,46,78200,1,0,0,Northeast,Some college/associate,,6,17,1,0,957.1,1,0,0
HG03679,34,57900,1,0,1,South,Some college/associate,1320,7,19,4,0,703.61,1,0,0
HG03680,41,192500,2,1,1,South,Bachelor's,1380,6,21,0,0,1460.39,1,1,112.34
HG03681,29,160100,2,0,0,West,Bachelor's,1380,10,32,0,0,1201.13,1,0,0
HG03682,35,93700,4,0,1,Northeast,Some college/associate,1640,9,29,6,0,1252.56,0,1,278.69
HG03683,43,194300,1,0,1,Northeast,Graduate,1790,3,5,5,0,1133.2,1,0,0
HG03684,29,107700,5,3,1,South,Graduate,3140,7,16,2,0,1202.83,1,0,0
HG03685,41,96100,4,1,1,West,Some college/associate,2430,8,20,2,0,1115.52,1,1,147.83
HG03686,28,72100,4,2,0,Northeast,Some college/associate,1770,8,18,9,0,984.25,0,0,0
HG03687,60,54800,2,0,1,West,Some college/associate,1270,10,50,1,0,990.33,1,0,0
HG03688,30,64800,3,0,1,South,Some college/associate,1060,12,34,5,0,1209.62,1,1,65.86
HG03689,61,109200,1,0,1,South,Bachelor's,2370,7,35,1,0.230769231,1326.46,1,1,175.83
HG03690,34,60500,3,1,1,South,Bachelor's,1990,0,0,66,0,813.81,0,0,0
HG03691,25,105000,4,0,0,Midwest,Some college/associate,1490,9,16,4,0,851.57,1,0,0
HG03692,44,90800,1,0,1,South,Bachelor's,1410,5,13,4,0,1233.41,1,1,203.13
HG03693,47,39500,5,2,1,Northeast,High school or less,3190,6,22,0,0,982.43,1,1,109.8
HG03694,33,49600,3,1,0,South,High school or less,1520,0,0,58,0,915.08,1,1,141.3
HG03695,63,233500,2,0,1,Northeast,Graduate,1190,11,17,4,0,1219.64,0,0,0
HG03696,32,73000,3,1,1,South,High school or less,1440,8,18,0,0,806.73,1,0,0
HG03697,52,172600,2,0,1,South,Graduate,1020,17,56,0,0,1130.11,0,0,0
HG03698,74,47200,1,0,1,Northeast,Some college/associate,1010,3,8,9,0.4,813.55,0,0,0
HG03699,39,84000,2,1,1,Northeast,Some college/associate,2140,7,25,0,0,822.73,0,0,0
HG03700,41,129900,1,0,1,South,Some college/associate,,2,1,16,0,1193.15,0,0,0
HG03701,46,50700,1,0,0,South,Some college/associate,1120,0,0,134,0,640.22,1,0,0
HG03702,37,133200,2,1,0,West,Some college/associate,1810,8,33,0,0,1209.79,1,1,23.93
HG03703,43,60000,2,1,1,South,High school or less,1260,9,31,0,0.227272727,738.91,0,0,0
HG03704,53,152300,2,0,1,West,Bachelor's,1970,8,17,4,0,1134.5,0,1,145.76
HG03705,40,42300,1,0,1,Midwest,High school or less,1220,6,17,1,0,753.86,0,0,0
HG03706,47,118200,5,1,1,Northeast,Bachelor's,2450,8,41,3,0,1063.4,0,0,0
HG03707,42,74300,3,1,1,Midwest,Some college/associate,2420,9,34,1,0,1068.51,0,0,0
HG03708,28,104500,3,1,1,South,Some college/associate,2100,12,47,1,0,959.81,1,0,0
HG03709,27,70100,2,0,1,Midwest,Some college/associate,860,18,49,0,0,1030.05,0,0,0
HG03710,56,58200,1,0,0,Northeast,High school or less,900,0,0,63,0,871.9,1,0,0
HG03711,24,95200,4,0,0,Northeast,Some college/associate,2490,10,26,6,0,632.42,1,0,0
HG03712,44,33100,4,1,1,West,High school or less,1920,9,32,2,0,824.59,0,0,0
HG03713,35,331800,2,0,1,Midwest,Graduate,2270,13,39,6,0,1436.44,1,0,0
HG03714,30,21200,3,2,1,West,Some college/associate,1100,0,0,51,0,1078.79,1,0,0
HG03715,29,59300,5,1,1,West,Bachelor's,1820,9,26,0,0,1005.57,1,0,0
HG03716,25,52700,1,0,1,Midwest,High school or less,,4,18,4,0,557.49,1,1,91.85
HG03717,72,121400,3,0,1,South,Some college/associate,2780,0,0,48,0,1149.67,1,0,0
HG03718,40,107300,4,2,1,Midwest,Bachelor's,1400,7,16,5,0,1150.91,1,0,0
HG03719,48,76400,1,0,1,South,Some college/associate,870,8,20,1,0,887.06,0,0,0
HG03720,68,45200,3,0,1,Northeast,Some college/associate,2030,7,17,3,0,966.25,1,0,0
HG03721,46,54100,2,1,0,South,Some college/associate,900,5,22,6,0,908.2,1,0,0
HG03722,47,59300,1,0,1,South,Some college/associate,1140,8,24,1,0,995.12,1,1,89.15
HG03723,36,31100,3,0,1,South,Graduate,2130,0,0,44,0,1045.04,1,0,0
HG03724,21,88900,3,1,0,West,Some college/associate,1500,11,20,2,0,1045.16,0,0,0
HG03725,55,116500,1,0,1,South,Graduate,2210,5,28,6,0,1020.19,1,1,347.85
HG03726,52,75400,1,0,0,South,Some college/associate,2680,0,0,52,0,792.86,1,0,0
HG03727,42,79900,1,0,0,Northeast,High school or less,1020,7,24,5,0.222222222,926.2,0,0,0
HG03728,49,93600,2,0,1,West,High school or less,2080,9,37,5,0,988.89,0,0,0
HG03729,56,61100,2,0,0,West,High school or less,1550,7,9,6,0,651.72,1,0,0
HG03730,55,144400,2,0,1,South,Bachelor's,1490,7,25,7,0.352941176,973.32,1,0,0
HG03731,63,76200,1,0,0,Northeast,Some college/associate,1200,6,12,2,0.1,836.56,1,1,81.41
HG03732,37,91900,3,1,0,Midwest,Bachelor's,2040,11,32,2,0.2,856.47,1,0,0
HG03733,32,223900,3,1,1,West,Graduate,2340,10,21,1,0,1343.29,1,1,74.16
HG03734,35,37600,3,0,1,South,High school or less,1830,0,0,116,0,580.62,1,0,0
HG03735,51,90700,1,0,0,Midwest,Some college/associate,1190,4,13,5,0,1013,0,0,0
HG03736,62,82200,2,1,1,Northeast,Some college/associate,2050,0,0,84,0,1085.59,1,0,0
HG03737,50,114700,5,0,0,Midwest,Bachelor's,2130,18,51,1,0,1035.2,1,0,0
HG03738,46,53800,6,5,1,South,High school or less,3810,18,67,5,0,1437.5,0,0,0
HG03739,24,54900,2,0,0,West,High school or less,1000,10,13,4,0,815.46,0,0,0
HG03740,37,58900,1,0,1,South,High school or less,1260,7,20,0,0,1003.59,0,0,0
HG03741,53,52700,1,0,1,Midwest,High school or less,1140,12,59,4,0,1261.6,1,0,0
HG03742,32,107400,2,0,1,South,Graduate,2940,6,9,4,0,1218.35,0,1,190.06
HG03743,31,43600,1,0,0,West,Some college/associate,2940,0,0,84,0,897.05,1,0,0
HG03744,50,37600,1,0,1,West,High school or less,1550,12,31,1,0,891.63,1,0,0
HG03745,43,60500,3,1,1,Northeast,Some college/associate,2140,0,0,54,0,969.77,1,0,0
HG03746,64,121800,1,0,1,West,Some college/associate,1950,8,31,4,0.375,1121.74,0,1,131.28
HG03747,32,107500,2,0,1,Midwest,Some college/associate,2090,7,27,9,0,1062.7,0,0,0
HG03748,29,68500,1,0,0,West,High school or less,1330,2,6,15,0,1005.13,0,0,0
HG03749,74,147500,4,0,1,Midwest,Graduate,2560,3,14,1,0,1325.16,0,0,0
HG03750,67,107200,3,0,1,South,Bachelor's,2150,11,35,2,0,1216.68,0,0,0
HG03751,35,66300,2,1,0,South,High school or less,970,3,4,7,0,588.31,1,1,61.5
HG03752,37,143000,2,1,0,West,Some college/associate,1010,4,11,7,0,1070.85,1,0,0
HG03753,54,41700,2,0,0,South,High school or less,760,6,16,3,0,1344.72,1,0,0
HG03754,51,42000,5,3,1,West,High school or less,3140,0,0,52,0,819.81,1,0,0
HG03755,52,62900,1,0,1,Midwest,High school or less,1030,4,23,14,0,969.79,1,1,123.64
HG03756,58,59400,2,0,1,South,High school or less,1830,0,0,144,0,824.67,1,0,0
HG03757,45,103400,2,0,0,West,Graduate,1500,12,29,0,0,988.53,0,0,0
HG03758,43,338700,3,2,0,Midwest,Graduate,1840,2,2,24,0,1503.49,0,0,0
HG03759,46,135300,2,1,1,Midwest,Bachelor's,1510,7,27,1,0,919.53,1,0,0
HG03760,21,30100,1,0,0,West,High school or less,1280,0,0,62,0,706,0,0,0
HG03761,59,87200,3,0,1,South,Graduate,3450,0,0,177,0,1145.57,1,0,0
HG03762,52,80200,5,2,1,South,Some college/associate,2940,0,0,39,0,1327.09,1,1,233.91
HG03763,68,136500,3,0,1,Midwest,Bachelor's,2980,0,0,63,0,1329.77,0,0,0
HG03764,31,272000,2,0,1,South,Bachelor's,1680,8,29,4,0,1419.54,0,0,0
HG03765,42,78200,5,2,1,West,Some college/associate,2030,9,21,2,0,1172.31,0,0,0
HG03766,26,291600,4,1,1,South,Bachelor's,5000,4,16,3,0.318181818,1415.47,1,0,0
HG03767,40,,1,0,0,South,High school or less,1350,0,0,62,0,1014.21,1,0,0
HG03768,27,67500,4,1,1,Midwest,Some college/associate,1500,18,62,1,0,999.64,1,1,123.93
HG03769,60,74200,1,0,1,South,Bachelor's,,0,0,49,0,835.77,0,0,0
HG03770,24,69700,2,0,0,West,High school or less,1140,10,29,2,0,943.64,1,0,0
HG03771,49,34800,2,0,1,South,Some college/associate,1330,4,10,6,0,1064.81,0,0,0
HG03772,62,64700,4,1,0,West,High school or less,2100,9,43,2,0,924.59,1,1,61.51
HG03773,38,36100,4,2,1,South,Some college/associate,2000,0,0,41,0,801.28,0,0,0
HG03774,35,138000,2,1,0,Midwest,High school or less,1050,8,19,1,0,795.35,1,0,0
HG03775,60,95100,1,0,1,South,Bachelor's,1490,6,24,0,0,859.47,0,0,0
HG03776,42,102900,2,1,1,Midwest,Bachelor's,1590,16,48,5,0,1066.95,0,0,0
HG03777,53,71200,2,0,1,West,Some college/associate,2170,10,24,4,0,1077.53,1,0,0
HG03778,42,91700,4,1,0,West,High school or less,1790,12,35,2,0,892.23,0,0,0
HG03779,32,142600,3,1,0,South,Some college/associate,1540,19,38,1,0,949.58,0,0,0
HG03780,60,42100,1,0,1,Northeast,High school or less,1090,5,19,1,0,848.74,0,0,0
HG03781,43,128300,2,1,0,South,Graduate,2620,0,0,62,0,1178.02,0,0,0
HG03782,54,,1,0,0,South,Bachelor's,1570,6,11,0,0,1117.99,0,1,152.05
HG03783,52,128100,3,1,0,South,Some college/associate,1640,10,38,2,0,1049.26,1,0,0
HG03784,45,92800,2,0,1,West,Some college/associate,1170,13,44,4,0,870.9,1,0,0
HG03785,24,149000,2,0,1,South,Bachelor's,2960,14,35,4,0,1034.92,0,0,0
HG03786,28,66600,1,0,1,Midwest,High school or less,1290,4,14,2,0,931.28,0,0,0
HG03787,36,115100,2,0,1,Midwest,Graduate,1740,7,18,3,0,972.74,1,0,0
HG03788,44,77500,6,2,1,West,Some college/associate,2800,19,64,1,0,1222.78,0,1,81.71
HG03789,29,76900,3,1,0,West,Bachelor's,1670,7,15,7,0,1044.45,0,0,0
HG03790,56,62800,1,0,0,South,High school or less,1480,7,25,4,0,638.85,0,0,0
HG03791,49,72500,4,0,0,West,Bachelor's,1410,16,37,5,0,1199.82,0,0,0
HG03792,38,38000,3,1,1,West,High school or less,2020,0,0,54,0,1064.52,0,0,0
HG03793,42,105100,2,1,0,Midwest,Bachelor's,910,9,20,2,0,1001.38,1,0,0
HG03794,49,152500,2,0,1,West,Graduate,1640,5,8,1,0,1142.54,1,0,0
HG03795,43,73500,4,1,1,Northeast,Bachelor's,1870,3,8,15,0,1070.15,1,0,0
HG03796,44,183200,4,2,0,South,Graduate,3090,7,21,1,0,1361.16,1,1,527.65
HG03797,53,71400,2,0,0,West,Bachelor's,1670,0,0,94,0,907.7,0,0,0
HG03798,35,32600,2,1,1,South,High school or less,1080,0,0,89,0,674.89,1,0,0
HG03799,23,119400,2,0,0,South,Bachelor's,1660,15,50,4,0,986.71,0,0,0
HG03800,61,96100,1,0,0,Midwest,Graduate,1700,12,42,3,0,1022.31,1,0,0
HG03801,30,98300,3,1,1,West,Bachelor's,2310,6,11,7,0,1147.14,0,1,119.82
HG03802,45,41900,1,0,1,South,High school or less,1690,5,22,0,0,1062.19,1,1,89.83
HG03803,28,104300,3,1,1,Midwest,Bachelor's,1340,11,32,1,0,1228.35,0,0,0
HG03804,51,66200,6,4,1,South,High school or less,4200,0,0,126,0,1211.39,1,0,0
HG03805,42,44400,2,1,0,West,Some college/associate,1280,0,0,75,0,1110.05,0,0,0
HG03806,61,47000,1,0,1,Northeast,Some college/associate,1330,2,12,11,0.3,837.98,0,0,0
HG03807,43,92900,2,1,1,South,High school or less,2180,5,9,4,0,1044.03,0,0,0
HG03808,28,79500,2,0,1,Northeast,Some college/associate,1690,15,52,1,0,1058,1,1,290.14
HG03809,37,32800,2,0,1,Midwest,High school or less,1470,5,22,4,0.333333333,696.75,1,0,0
HG03810,72,102700,1,0,1,Midwest,Some college/associate,1900,2,8,1,0.111111111,1161.41,1,0,0
HG03811,61,109800,4,0,0,Northeast,Bachelor's,2990,0,0,151,0,1216.45,0,0,0
HG03812,34,29900,5,1,0,West,High school or less,1680,0,0,51,0,908.09,0,0,0
HG03813,50,50800,2,0,1,South,High school or less,2180,0,0,72,0,436.37,0,0,0
HG03814,72,126800,2,0,0,Midwest,Graduate,1560,6,23,2,0,954.23,0,0,0
HG03815,42,,4,2,0,South,High school or less,1660,0,0,92,0,961.91,1,0,0
HG03816,49,84000,3,1,1,West,Graduate,2530,0,0,61,0,1013.47,0,0,0
HG03817,44,61300,2,0,1,South,Some college/associate,1870,5,22,16,0,1082.09,1,1,36.1
HG03818,25,85300,4,1,0,South,High school or less,1410,11,19,2,0,769.82,1,0,0
HG03819,49,47400,3,1,1,Midwest,High school or less,2810,0,0,42,0,1144.63,0,0,0
HG03820,30,25400,1,0,0,Midwest,High school or less,1020,2,3,1,0,790.88,1,0,0
HG03821,37,55500,3,1,1,Midwest,Some college/associate,1530,0,0,58,0,1017.52,0,1,108.44
HG03822,54,102500,1,0,1,South,Bachelor's,1640,4,7,4,0,902.04,0,0,0
HG03823,61,48000,3,0,1,South,Some college/associate,1740,5,10,3,0,631.02,0,0,0
HG03824,72,102600,2,0,1,Northeast,Some college/associate,3000,0,0,69,0,1158.96,1,0,0
HG03825,46,74200,6,1,1,Midwest,Some college/associate,4750,0,0,62,0,1264.09,1,0,0
HG03826,34,84000,1,0,0,South,Some college/associate,1080,7,25,0,0,707.15,1,0,0
HG03827,35,112700,1,0,1,West,Graduate,1730,5,9,10,0,1155.9,0,1,191.23
HG03828,54,66600,4,0,0,West,Some college/associate,2010,8,35,1,0,805.18,0,0,0
HG03829,43,119100,5,3,1,South,Graduate,2240,5,37,4,0,1503.87,0,0,0
HG03830,56,51100,2,0,1,South,High school or less,1880,0,0,138,0,998.28,1,0,0
HG03831,50,68400,1,0,1,Midwest,Some college/associate,1870,8,15,3,0,1018.16,0,1,40.96
HG03832,39,52900,1,0,0,Northeast,Some college/associate,810,4,22,11,0,982.04,0,0,0
HG03833,42,136500,6,2,0,West,Graduate,2460,4,9,3,0,1127.24,0,0,0
HG03834,48,67800,4,0,1,South,Some college/associate,3660,0,0,104,0,1079.12,1,0,0
HG03835,42,26000,3,1,0,Midwest,High school or less,1530,0,0,49,0,801.16,0,0,0
HG03836,56,71800,1,0,1,West,Some college/associate,2660,4,22,2,0,912.03,1,0,0
HG03837,45,31100,1,0,1,South,High school or less,1210,4,9,9,0,631.76,0,0,0
HG03838,38,91300,5,0,0,South,Some college/associate,2320,4,9,8,0,1265.52,0,0,0
HG03839,55,126600,2,0,0,Northeast,Bachelor's,1490,17,32,0,0,923.74,0,0,0
HG03840,57,99800,1,0,1,Midwest,Some college/associate,1390,3,13,11,0,1103.02,0,0,0
HG03841,41,28200,1,0,1,Midwest,High school or less,1130,2,6,10,0.352941176,1002.01,0,0,0
HG03842,49,57100,1,0,0,South,Some college/associate,1070,3,6,5,0,964.57,1,0,0
HG03843,50,66600,3,0,1,South,Bachelor's,2790,0,0,62,0,1065.09,1,0,0
HG03844,47,99700,1,0,1,Northeast,Bachelor's,1780,10,31,1,0,744,0,0,0
HG03845,53,106900,3,1,1,West,Bachelor's,1730,9,19,2,0,1290.37,0,1,117.62
HG03846,64,150800,3,0,0,Midwest,Some college/associate,1490,7,8,7,0,1295.65,1,1,188.17
HG03847,60,65300,2,0,0,South,Some college/associate,1180,0,0,127,0,830.4,0,1,95.22
HG03848,55,70400,2,0,0,West,Some college/associate,2310,0,0,79,0,676.08,0,0,0
HG03849,38,57000,4,1,0,Northeast,High school or less,1420,16,51,2,0,989.49,1,0,0
HG03850,38,54100,4,2,0,Midwest,Some college/associate,1780,0,0,72,0,1104.64,0,0,0
HG03851,55,58900,2,0,1,South,High school or less,1870,5,16,12,0,833.1,0,0,0
HG03852,41,80800,1,0,1,South,Graduate,1020,8,43,5,0,919.96,1,0,0
HG03853,43,221100,5,2,1,South,Bachelor's,3470,9,24,2,0,1409.51,1,1,145.95
HG03854,31,58400,1,0,1,West,High school or less,1850,12,27,0,0,641.42,1,0,0
HG03855,57,144200,1,0,0,South,Graduate,,13,31,1,0,1270.47,1,0,0
HG03856,74,89300,1,0,1,South,Bachelor's,1800,8,35,3,0,815.86,1,0,0
HG03857,54,66400,2,1,1,South,Some college/associate,1890,0,0,57,0,1184.19,1,0,0
HG03858,55,52400,1,0,0,South,Some college/associate,1380,0,0,61,0,742.12,0,0,0
HG03859,25,74500,3,0,1,Midwest,Some college/associate,1890,12,39,1,0,799.81,0,1,63.29
HG03860,49,56400,2,0,1,West,Bachelor's,2780,0,0,59,0,780.42,0,0,0
HG03861,38,82800,1,0,1,South,Bachelor's,990,5,14,1,0.333333333,776.21,0,0,0
HG03862,22,53800,2,0,1,South,Some college/associate,1480,0,0,62,0,774.71,0,0,0
HG03863,34,43200,3,0,0,West,Some college/associate,1130,5,11,0,0,673.05,0,0,0
HG03864,50,146000,2,1,0,Northeast,Graduate,1540,4,14,9,0,1173.63,1,0,0
HG03865,44,76500,2,0,0,South,Some college/associate,1340,8,28,1,0,989.24,1,1,66.19
HG03866,63,54700,1,0,1,Northeast,High school or less,1470,6,26,2,0.352941176,737.89,1,0,0
HG03867,55,42800,2,0,1,West,Some college/associate,1900,0,0,84,0,752.82,0,0,0
HG03868,46,37900,2,0,1,Midwest,High school or less,770,12,27,0,0,723.11,0,0,0
HG03869,38,134900,2,1,1,Midwest,Bachelor's,1430,10,18,0,0.545454545,1245.57,1,1,287.77
HG03870,47,147900,4,1,1,Northeast,Graduate,2580,9,30,7,0,1148.65,0,0,0
HG03871,30,110200,2,0,0,South,Some college/associate,1110,12,29,0,0,874.77,0,1,177.61
HG03872,55,155800,5,0,1,South,Graduate,2380,11,17,2,0,1371.38,0,1,104.87
HG03873,48,221000,2,1,1,Midwest,Bachelor's,2190,11,40,2,0,1381.63,1,1,614.31
HG03874,38,69100,4,0,0,West,Bachelor's,1760,15,44,0,0,1040.54,1,0,0
HG03875,55,46600,2,1,0,South,Some college/associate,1570,12,34,2,0,797.04,1,0,0
HG03876,33,92300,6,1,1,South,Bachelor's,5000,0,0,93,0,1119.3,1,0,0
HG03877,39,90000,3,0,1,South,Bachelor's,1510,11,31,0,0,651.7,0,0,0
HG03878,35,151400,1,0,1,South,Graduate,,8,26,2,0,1044.72,1,0,0
HG03879,51,71800,1,0,1,Northeast,High school or less,1490,4,13,5,0.333333333,871.8,1,1,69.51
HG03880,31,136200,4,1,1,South,Bachelor's,2330,14,37,0,0,1323.8,0,0,0
HG03881,54,70000,1,0,1,Midwest,High school or less,1140,7,24,5,0.538461538,926.38,0,0,0
HG03882,34,32500,4,0,0,West,High school or less,1430,8,26,7,0.454545455,973.86,1,0,0
HG03883,38,108200,2,1,0,Midwest,Some college/associate,1580,18,41,0,0,1081.3,0,0,0
HG03884,58,103800,2,0,1,West,Bachelor's,1190,10,30,0,0,1336.41,0,0,0
HG03885,51,83300,1,0,0,South,High school or less,1510,3,10,7,0,737.3,1,0,0
HG03886,60,98100,1,0,1,South,Bachelor's,1490,4,12,2,0,1073.33,0,0,0
HG03887,48,145100,2,1,1,South,Some college/associate,1430,9,33,1,0,1105.25,0,0,0
HG03888,56,84900,3,0,0,Northeast,Graduate,1400,0,0,54,0,920.9,0,0,0
HG03889,47,37100,2,0,1,South,Some college/associate,2510,6,14,1,0,1055.9,0,0,0
HG03890,63,47700,5,1,0,West,High school or less,2740,0,0,120,0,1069.8,0,0,0
HG03891,78,111800,1,0,1,Midwest,Bachelor's,1830,4,11,17,0,956.56,0,0,0
HG03892,40,49200,4,1,1,South,High school or less,3280,0,0,47,0,929.05,1,0,0
HG03893,19,108600,3,0,0,Midwest,Some college/associate,2360,4,14,0,0,831.55,0,0,0
HG03894,41,50500,2,0,1,Midwest,Some college/associate,2220,0,0,106,0,657.62,0,0,0
HG03895,41,141300,2,1,1,Midwest,Some college/associate,1990,13,31,1,0,1110.78,1,0,0
HG03896,47,15000,1,0,1,Midwest,High school or less,1050,0,0,61,0,764.31,0,0,0
HG03897,37,35000,3,0,1,Northeast,High school or less,2380,0,0,62,0,970.19,1,0,0
HG03898,35,91400,1,0,1,South,Some college/associate,950,8,13,7,0,1060.44,0,0,0
HG03899,66,44200,2,0,1,South,Some college/associate,2700,0,0,68,0,1327.35,0,0,0
HG03900,68,72600,2,0,1,South,High school or less,1340,10,37,0,0,862.69,1,0,0
HG03901,44,83700,5,2,0,Midwest,Bachelor's,4700,0,0,61,0,992.28,1,0,0
HG03902,47,77200,1,0,0,South,Some college/associate,1460,0,0,60,0,863.93,1,0,0
HG03903,68,88700,1,0,0,Northeast,Bachelor's,1740,9,22,1,0.181818182,702.81,0,0,0
HG03904,38,90700,1,0,0,West,Some college/associate,1350,0,0,94,0,980.8,1,0,0
HG03905,43,58500,1,0,0,South,High school or less,1220,8,25,3,0,542.02,0,0,0
HG03906,42,53300,1,0,1,West,Some college/associate,1070,11,26,0,0,779.44,0,0,0
HG03907,62,89800,1,0,1,Northeast,Bachelor's,2260,5,30,11,0.266666667,1094,1,1,47.83
HG03908,34,99900,1,0,1,Midwest,Bachelor's,1610,19,51,1,0,1238.73,1,0,0
HG03909,61,52900,1,0,1,South,Some college/associate,1010,5,23,7,0,831.82,1,0,0
HG03910,33,107300,2,1,1,Midwest,Bachelor's,1150,13,35,1,0,1195.61,1,1,259.25
HG03911,22,56400,2,0,0,West,Some college/associate,1570,19,48,0,0,808.05,0,0,0
HG03912,24,41200,2,0,0,West,Some college/associate,1280,9,24,0,0,673.34,1,0,0
HG03913,46,70400,1,0,1,South,High school or less,1360,8,22,1,0,875.65,0,0,0
HG03914,20,34700,3,0,0,Midwest,Some college/associate,2750,0,0,78,0,791.77,1,0,0
HG03915,25,25300,2,0,0,West,Some college/associate,1430,0,0,83,0,694.5,1,0,0
HG03916,51,137000,1,0,0,South,Graduate,940,0,0,136,0,1121.5,0,0,0
HG03917,32,43900,1,0,1,Northeast,Some college/associate,740,4,9,5,0,585.88,0,0,0
HG03918,31,104900,4,2,1,West,Bachelor's,2270,5,19,5,0,1053.4,1,0,0
HG03919,61,212400,4,1,1,Northeast,Bachelor's,2490,7,11,0,0,1292.08,1,1,150.76
HG03920,43,83000,3,1,0,West,High school or less,1200,9,41,0,0,1157.69,1,1,66.93
HG03921,55,180700,6,1,1,West,Graduate,2360,17,45,5,0,1110.27,1,1,87.46
HG03922,55,78600,5,0,1,South,Bachelor's,4700,0,0,71,0,1220.87,1,0,0
HG03923,39,94800,6,2,0,Northeast,Some college/associate,2410,8,20,10,0,1088.93,1,0,0
HG03924,21,42300,2,0,0,South,High school or less,1160,3,9,5,0,791.1,1,1,151.06
HG03925,58,130900,2,0,1,West,Graduate,1550,6,16,4,0,1279.68,1,0,0
HG03926,45,145800,3,0,1,Midwest,Graduate,2140,20,65,1,0,1229.47,0,1,148.64
HG03927,71,82400,1,0,1,South,Some college/associate,1630,3,11,1,0,1015.09,0,0,0
HG03928,40,60900,3,1,1,South,High school or less,1520,4,13,0,0,908.37,0,0,0
HG03929,41,73700,1,0,0,West,Bachelor's,1220,15,45,5,0,779.83,1,0,0
HG03930,47,68200,5,3,1,South,Some college/associate,,0,0,60,0,1231.66,1,0,0
HG03931,48,109900,1,0,1,South,Bachelor's,920,7,27,2,0,795.93,0,0,0
HG03932,20,20900,2,0,1,Northeast,High school or less,1610,0,0,59,0,601.89,0,0,0
HG03933,67,57900,4,0,1,South,Some college/associate,2850,0,0,79,0,980.41,0,0,0
HG03934,61,98500,1,0,1,South,Graduate,1480,0,0,58,0,856.72,1,0,0
HG03935,54,80100,2,0,1,Northeast,High school or less,1740,9,35,2,0,854.18,1,0,0
HG03936,29,131100,4,0,0,West,Some college/associate,1130,15,47,1,0,1143.37,0,0,0
HG03937,76,69600,2,0,1,South,Some college/associate,1260,3,8,12,0,1138.14,0,0,0
HG03938,34,,5,1,1,South,High school or less,1990,10,16,1,0,1463.83,0,1,294.54
HG03939,41,65800,1,0,0,Midwest,High school or less,1060,0,0,64,0,759.92,1,0,0
HG03940,32,36300,1,0,0,West,Bachelor's,980,6,16,0,0,717.99,0,1,19.77
HG03941,49,27600,2,1,0,Northeast,High school or less,1140,0,0,56,0,990.76,1,0,0
HG03942,53,22000,3,0,0,Northeast,Some college/associate,1040,9,33,0,0,823.25,0,0,0
HG03943,69,64800,1,0,0,West,Some college/associate,2070,4,6,9,0.133333333,729.2,1,0,0
HG03944,19,55500,4,0,0,Midwest,High school or less,1890,0,0,81,0,888.67,0,0,0
HG03945,59,237200,1,0,1,Northeast,Graduate,1480,6,16,9,0,1349.58,0,0,0
HG03946,42,78200,1,0,1,Northeast,Some college/associate,1500,3,11,18,0,946.89,1,0,0
HG03947,24,119300,2,0,0,South,Some college/associate,1130,9,13,2,0,860.35,1,0,0
HG03948,34,44800,3,1,0,Midwest,High school or less,1170,0,0,70,0,733.67,0,0,0
HG03949,25,47500,1,0,1,Midwest,Bachelor's,1510,0,0,95,0,741.14,1,0,0
HG03950,24,111600,5,0,0,Northeast,Graduate,3090,0,0,76,0,1099.91,0,0,0
HG03951,22,57500,3,0,1,Midwest,High school or less,,0,0,61,0,774.55,1,0,0
HG03952,65,177000,2,1,1,Midwest,Graduate,2060,11,40,4,0,1432.94,1,1,238.58
HG03953,35,75400,3,1,1,South,Bachelor's,3540,0,0,120,0,1090.24,0,0,0
HG03954,45,114000,1,0,1,South,Bachelor's,1690,9,19,2,0,1017.69,1,0,0
HG03955,42,54800,2,0,0,Midwest,High school or less,1820,8,23,0,0,916.88,0,0,0
HG03956,50,46600,2,1,0,South,Some college/associate,1190,9,25,1,0,665.82,1,0,0
HG03957,43,191800,2,0,1,Northeast,Bachelor's,1910,18,39,4,0,1222.88,0,0,0
HG03958,35,65200,2,1,1,Midwest,High school or less,1110,15,42,1,0,842.87,1,0,0
HG03959,53,50400,3,0,1,South,Some college/associate,2570,0,0,87,0,1046.86,1,0,0
HG03960,35,50300,2,0,0,South,High school or less,1000,5,22,7,0,893.19,0,0,0
HG03961,48,49400,2,0,1,South,Some college/associate,2130,0,0,48,0,933.21,1,1,110.96
HG03962,32,45100,2,1,0,West,Bachelor's,1600,0,0,65,0,906.84,0,0,0
HG03963,43,75200,2,0,0,South,Some college/associate,1440,0,0,96,0,1024.38,0,0,0
HG03964,44,149400,4,3,1,West,Some college/associate,3940,11,23,5,0,1447.56,1,0,0
HG03965,69,115700,1,0,1,Northeast,Some college/associate,1060,6,22,7,0.384615385,638.5,0,0,0
HG03966,46,30500,4,3,0,West,Some college/associate,1460,7,18,0,0,1141.82,0,0,0
HG03967,68,181800,4,1,1,Midwest,Graduate,2250,8,36,1,0,1258.26,1,0,0
HG03968,57,112100,2,0,1,South,Bachelor's,1620,11,23,5,0,1272.54,0,0,0
HG03969,48,119300,2,0,1,South,Some college/associate,2450,9,36,1,0.307692308,1155.57,1,1,162.05
HG03970,55,130500,3,0,1,Northeast,Graduate,1110,12,28,1,0,1054.25,0,0,0
HG03971,56,113900,2,1,1,South,Graduate,2040,9,21,0,0,1180.24,1,0,0
HG03972,52,45000,4,2,1,Midwest,Some college/associate,,0,0,83,0,1176.35,0,0,0
HG03973,41,271100,1,0,1,Northeast,Graduate,1980,7,15,3,0,1358.94,0,1,332.71
HG03974,45,93800,3,0,1,Midwest,Bachelor's,1230,9,24,1,0,885.09,0,0,0
HG03975,38,116900,5,1,1,South,Bachelor's,1640,31,81,0,0,1084.12,1,0,0
HG03976,41,51400,4,1,1,Midwest,Bachelor's,2350,8,21,2,0,1075.54,0,1,33.22
HG03977,77,71000,2,0,1,South,Bachelor's,1700,0,0,78,0,879.84,0,0,0
HG03978,45,182300,2,0,1,South,Graduate,2380,9,24,0,0,1306.51,1,0,0
HG03979,39,84800,1,0,0,South,Graduate,1620,0,0,104,0,762.63,0,0,0
HG03980,46,87500,1,0,1,Northeast,High school or less,1010,28,77,0,0,954.36,0,0,0
HG03981,33,65300,3,2,1,Midwest,Bachelor's,2920,0,0,78,0,1282.97,0,1,68.6
HG03982,47,149800,1,0,1,Midwest,Some college/associate,1520,3,11,0,0,1267.6,1,0,0
HG03983,22,57700,2,0,0,Midwest,Bachelor's,2540,9,39,2,0.111111111,689.19,0,0,0
HG03984,48,81600,2,1,1,South,Some college/associate,1990,0,0,67,0,989.39,0,0,0
HG03985,54,144900,5,1,1,West,Bachelor's,3170,15,35,0,0,1343.3,0,0,0
HG03986,35,109700,3,1,1,South,Some college/associate,2250,6,15,0,0,916.01,0,0,0
HG03987,35,66900,2,1,1,West,Graduate,2990,9,22,2,0,1035.26,0,0,0
HG03988,52,94000,1,0,1,Northeast,High school or less,1240,8,45,1,0,935.16,0,0,0
HG03989,42,140400,5,2,1,West,High school or less,3160,7,28,4,0,982.82,1,0,0
HG03990,47,125700,4,1,1,West,Bachelor's,3670,0,0,69,0.090909091,1320.03,0,0,0
HG03991,47,91300,1,0,1,West,Bachelor's,1550,15,41,0,0,1087.71,1,0,0
HG03992,31,103700,1,0,1,West,Some college/associate,1240,10,15,6,0,1033.48,0,1,78.09
HG03993,57,146200,1,0,0,West,Bachelor's,1170,5,17,9,0,1060.57,1,0,0
HG03994,53,55000,1,0,1,West,High school or less,1740,4,11,1,0,861.28,0,0,0
HG03995,66,55600,4,0,1,Midwest,High school or less,3090,0,0,176,0,1158.01,0,0,0
HG03996,57,72900,6,1,1,Midwest,Bachelor's,2570,8,26,0,0,1382.12,1,0,0
HG03997,53,51300,1,0,0,Northeast,High school or less,1150,6,31,1,0.416666667,882.09,0,0,0
HG03998,34,112900,3,1,1,South,Bachelor's,2510,13,28,0,0,1277.23,1,0,0
HG03999,43,106900,2,0,1,Midwest,Bachelor's,1470,5,11,8,0,965.64,1,0,0
HG04000,55,93000,1,0,1,Northeast,Bachelor's,1290,4,8,6,0.5,1143.97,1,0,0
HG04001,33,118600,1,0,1,Northeast,Some college/associate,1510,3,4,3,0,957.54,0,1,389.51
HG04002,41,132100,4,0,0,Northeast,Some college/associate,1510,13,34,6,0,935.57,0,0,0
HG04003,75,92300,2,0,1,Midwest,High school or less,1220,12,38,0,0,863.04,1,0,0
HG04004,53,87300,3,1,0,South,High school or less,1950,0,0,44,0,1331.86,0,0,0
HG04005,49,66100,4,2,0,Midwest,Some college/associate,1310,7,16,5,0,755.44,1,0,0
HG04006,51,85000,2,1,1,West,Some college/associate,1870,4,13,12,0,1062.72,0,0,0
HG04007,46,50800,5,1,1,South,High school or less,2850,0,0,54,0,1088.7,1,0,0
HG04008,55,69500,2,0,1,Northeast,Some college/associate,1790,7,40,0,0.384615385,1165.37,0,0,0
HG04009,45,51700,5,2,0,Midwest,Some college/associate,1110,0,0,60,0,1126.19,1,0,0
HG04010,37,71400,5,0,1,South,Some college/associate,3170,7,22,3,0,1262.34,1,0,0
HG04011,45,55200,3,0,1,West,High school or less,2240,2,10,7,0,764.68,1,0,0
HG04012,55,52500,3,1,0,Northeast,Bachelor's,1380,13,47,0,0,994.9,1,0,0
HG04013,37,46100,2,1,0,Northeast,High school or less,1960,0,0,63,0,895.66,0,0,0
HG04014,42,96300,2,1,0,Midwest,Graduate,2130,5,7,4,0,1090.14,1,0,0
HG04015,37,88900,5,1,1,South,Some college/associate,2030,10,30,0,0,1235.37,0,0,0
HG04016,53,49800,2,1,0,Midwest,High school or less,1490,14,53,1,0.347826087,548.52,1,0,0
HG04017,52,37300,2,1,0,West,Some college/associate,1260,0,0,53,0,809.37,0,0,0
HG04018,40,66200,1,0,0,West,Bachelor's,1160,9,50,0,0,909.64,0,1,182.66
HG04019,37,48700,2,1,1,Northeast,High school or less,,0,0,56,0,1095.42,0,0,0
HG04020,26,83200,1,0,0,South,Bachelor's,1240,4,14,1,0,804.83,1,0,0
HG04021,39,28000,1,0,1,Midwest,Some college/associate,1130,10,22,4,0,883.69,1,0,0
HG04022,49,175900,6,2,1,South,Bachelor's,3400,13,43,1,0,1640.17,0,0,0
HG04023,33,95100,2,0,1,South,Bachelor's,1370,8,15,2,0,1383.36,1,0,0
HG04024,61,150700,2,0,0,Northeast,Bachelor's,1520,9,19,0,0,1223.55,0,1,55.25
HG04025,60,120300,1,0,0,Northeast,Bachelor's,1180,4,22,5,0.222222222,872.52,1,0,0
HG04026,34,47600,2,0,0,Northeast,Some college/associate,880,10,22,0,0,1055.05,1,0,0
HG04027,65,,1,0,0,Northeast,High school or less,1250,8,28,1,0.222222222,763.12,0,0,0
HG04028,36,48600,2,0,1,Northeast,High school or less,1060,7,18,3,0,762.71,1,0,0
HG04029,47,50400,4,1,0,South,Some college/associate,1580,7,21,2,0,972.42,1,1,121.23
HG04030,42,77300,1,0,1,Northeast,High school or less,1120,5,17,5,0,775.14,0,0,0
HG04031,46,107500,2,0,0,South,Graduate,1400,17,44,0,0,773.41,0,0,0
HG04032,46,,1,0,0,South,Graduate,1160,8,21,1,0,934.3,1,0,0
HG04033,48,,1,0,1,South,Bachelor's,1820,11,45,0,0,1032.85,0,0,0
HG04034,41,96000,1,0,1,Midwest,Bachelor's,1290,8,35,8,0,917.71,1,0,0
HG04035,51,45600,3,1,0,West,High school or less,2050,0,0,42,0,750.11,1,0,0
HG04036,49,44100,5,0,0,West,High school or less,1750,7,19,6,0,809.2,1,0,0
HG04037,46,93400,1,0,1,West,Some college/associate,1160,7,33,1,0,836.9,0,1,33.85
HG04038,49,151400,4,1,1,Midwest,Graduate,2770,4,12,20,0,1087.27,0,0,0
HG04039,40,84600,2,1,1,Northeast,High school or less,930,7,10,3,0,781.52,0,0,0
HG04040,38,40000,3,0,1,Midwest,High school or less,1950,0,0,48,0,641.38,0,0,0
HG04041,34,60200,2,1,0,West,High school or less,1400,13,41,0,0,950.2,0,0,0
HG04042,54,54700,4,0,0,Midwest,Some college/associate,1680,0,0,50,0,937.48,1,0,0
HG04043,19,50400,1,0,1,Northeast,Some college/associate,1070,5,15,3,0.473684211,604.99,1,0,0
HG04044,34,128700,2,0,1,Midwest,Graduate,1340,3,8,14,0,1124.15,1,0,0
HG04045,26,80800,2,0,0,South,High school or less,1740,5,17,14,0,851.65,0,0,0
HG04046,48,78700,2,0,0,Northeast,Some college/associate,1170,6,22,5,0,803.82,1,1,150.1
HG04047,39,92100,5,3,1,South,Bachelor's,2610,11,35,0,0,1488.45,0,1,107.7
HG04048,48,64400,3,0,1,South,Some college/associate,1250,4,10,10,0,1114.49,1,1,339.62
HG04049,35,76500,1,0,1,South,High school or less,1020,10,28,4,0,770.47,0,0,0
HG04050,33,127800,3,1,0,West,Bachelor's,1650,9,27,0,0,1279.92,0,1,183.92
HG04051,55,43100,1,0,1,Northeast,High school or less,1690,3,11,0,0,838.44,1,0,0
HG04052,50,33800,3,1,1,Midwest,High school or less,2110,0,0,70,0,995.55,0,0,0
HG04053,24,,4,2,1,South,High school or less,1880,12,37,5,0,1064.31,0,0,0
HG04054,35,114500,3,1,1,South,Graduate,2010,8,13,4,0,1182.53,1,0,0
HG04055,58,30400,5,0,0,South,High school or less,1380,6,18,2,0,701.92,0,0,0
HG04056,39,57600,1,0,0,West,High school or less,1290,8,36,1,0.421052632,712.09,1,0,0
HG04057,37,102900,1,0,1,South,Bachelor's,1640,8,22,1,0,793.45,0,0,0
HG04058,29,131500,4,2,1,West,Bachelor's,2240,8,14,1,0,935.05,1,0,0
HG04059,39,63400,2,1,1,Northeast,Bachelor's,1790,0,0,92,0,1317.59,0,0,0
HG04060,37,38200,3,2,0,Northeast,High school or less,1750,0,0,105,0,1002.1,0,0,0
HG04061,41,216200,5,3,1,South,Graduate,2630,4,14,2,0,1575.22,1,0,0
HG04062,53,95000,1,0,1,West,Bachelor's,1640,3,9,3,0.076923077,791.54,1,1,88.23
HG04063,37,127800,1,0,1,South,Graduate,2100,3,5,8,0,1219.25,0,0,0
HG04064,58,139100,2,0,1,South,Bachelor's,2300,8,23,7,0,1040.88,0,0,0
HG04065,66,43000,2,0,0,West,Some college/associate,760,7,29,1,0,942.76,1,1,107.84
HG04066,38,159100,3,1,1,South,Bachelor's,2380,8,37,0,0,1166.31,1,0,0
HG04067,47,52700,4,3,0,Midwest,High school or less,1760,6,21,4,0,924.08,1,0,0
HG04068,48,128900,4,0,0,West,Bachelor's,1320,12,23,2,0,1220.03,1,1,237.93
HG04069,45,136300,3,2,0,South,Bachelor's,1430,13,26,3,0,1214.02,0,0,0
HG04070,38,43200,4,1,1,Northeast,High school or less,1940,12,33,13,0,955.35,0,0,0
HG04071,26,65800,1,0,0,South,Bachelor's,1070,8,13,1,0,785.77,0,0,0
HG04072,57,101900,2,0,1,Midwest,Graduate,1850,0,0,52,0,1237.7,1,0,0
HG04073,45,77400,4,2,0,West,Graduate,2580,0,0,68,0,1172.22,1,1,197.03
HG04074,29,106500,1,0,0,Northeast,Bachelor's,780,4,7,5,0,538.49,1,0,0
HG04075,48,349900,4,1,1,South,Graduate,2220,10,24,0,0,1890.25,1,1,299.13
HG04076,43,92600,4,0,1,South,Some college/associate,2420,6,11,3,0,1168.08,1,1,266.1
HG04077,45,350000,5,2,0,West,Graduate,2630,7,24,4,0,1630.31,1,0,0
HG04078,64,350000,3,1,1,Midwest,Graduate,3160,11,25,0,0,1701.92,1,1,26.77
HG04079,54,73200,4,0,1,West,Some college/associate,3420,9,31,0,0,896.61,1,0,0
HG04080,51,77900,3,1,1,South,Graduate,1740,6,18,1,0,863.15,1,0,0
HG04081,67,48700,1,0,1,West,Some college/associate,1350,3,10,12,0,1125.12,0,0,0
HG04082,52,,1,0,1,South,Bachelor's,2840,3,11,6,0,1356.27,1,0,0
HG04083,40,110100,2,1,1,South,Graduate,1540,10,24,7,0,1072.59,1,0,0
HG04084,63,148800,2,0,1,Northeast,Bachelor's,2480,6,38,3,0,1140.34,0,0,0
HG04085,61,110300,1,0,1,South,Graduate,1440,4,10,0,0.375,960.64,1,0,0
HG04086,58,130500,4,1,1,Northeast,Bachelor's,1280,37,96,0,0,1251.97,1,0,0
HG04087,27,25300,1,0,0,South,High school or less,1900,0,0,83,0,984.17,0,0,0
HG04088,59,30300,6,0,0,South,High school or less,,0,0,89,0,775.76,0,0,0
HG04089,30,45800,4,1,1,Midwest,High school or less,2770,0,0,62,0,1326.22,0,0,0
HG04090,43,102400,4,0,1,Northeast,Some college/associate,2550,10,20,4,0,1196.83,1,0,0
HG04091,68,78600,2,0,0,West,High school or less,730,6,19,4,0.375,869.62,0,1,113.93
HG04092,46,42400,2,0,0,Northeast,High school or less,1390,0,0,59,0,528.34,1,0,0
HG04093,35,263700,2,0,1,South,Graduate,2050,3,8,13,0,1333.65,0,0,0
HG04094,42,100900,4,2,0,Midwest,Bachelor's,3020,12,31,5,0,907.97,0,0,0
HG04095,40,156500,4,1,1,South,Bachelor's,2450,8,26,5,0,1204.42,0,1,51.52
HG04096,76,94300,1,0,0,West,Some college/associate,1600,8,23,5,0.375,1098.26,1,0,0
HG04097,53,56100,5,1,1,Midwest,Bachelor's,3670,0,0,86,0,935.22,0,0,0
HG04098,54,155600,1,0,1,West,Bachelor's,1620,4,15,4,0,895.28,1,0,0
HG04099,64,67900,2,0,1,South,High school or less,1530,2,5,10,0.333333333,709.3,1,0,0
HG04100,54,83100,2,1,1,South,High school or less,2840,0,0,69,0,1361.95,0,0,0
HG04101,53,185100,1,0,1,Northeast,Bachelor's,2250,4,15,13,0.19047619,1149.03,1,1,45.05
HG04102,32,32500,3,1,0,South,High school or less,1510,0,0,59,0,928.26,0,1,17.92
HG04103,55,48400,1,0,0,South,High school or less,630,5,17,1,0,878.36,1,1,65.18
HG04104,29,113400,2,0,0,West,Some college/associate,1170,29,116,0,0,680.83,1,0,0
HG04105,40,,3,2,1,Midwest,Some college/associate,1110,13,59,1,0,883.9,1,0,0
HG04106,21,77800,4,1,1,Midwest,High school or less,2670,5,12,2,0,686.66,0,0,0
HG04107,39,60500,4,1,1,Midwest,High school or less,3310,0,0,63,0,1293.3,0,0,0
HG04108,45,65400,2,0,1,West,Some college/associate,2090,0,0,66,0,1030.21,0,0,0
HG04109,72,146000,2,0,1,South,Graduate,2350,0,0,54,0,1137.98,1,0,0
HG04110,44,84000,4,1,0,South,Bachelor's,3060,0,0,41,0,953.21,1,0,0
HG04111,38,165200,5,1,0,South,Graduate,1900,12,31,6,0,1257.66,1,1,92.74
HG04112,68,148300,1,0,1,Northeast,Graduate,1830,0,0,86,0,1289.04,1,0,0
HG04113,65,40200,5,0,1,South,High school or less,2260,0,0,77,0,877.48,1,0,0
HG04114,44,65400,2,0,1,South,Bachelor's,2050,0,0,59,0,1052.34,0,0,0
HG04115,68,45600,2,1,1,South,High school or less,1200,10,29,2,0,854.74,1,0,0
HG04116,54,59300,2,0,0,Midwest,High school or less,1690,6,22,13,0.333333333,712.63,0,0,0
HG04117,36,169800,6,3,1,Northeast,Graduate,2230,24,57,3,0,1238.14,1,0,0
HG04118,44,99000,3,2,1,Northeast,Some college/associate,1980,7,13,1,0,974.09,1,0,0
HG04119,61,147600,3,1,0,West,Graduate,1670,8,11,3,0,928.19,0,0,0
HG04120,38,146000,1,0,1,Midwest,Some college/associate,2750,4,14,3,0,1143.39,0,0,0
HG04121,73,71300,2,0,1,Northeast,Some college/associate,2520,6,23,1,0,745.43,0,0,0
HG04122,29,166800,4,1,0,West,Graduate,1390,26,77,0,0,1117.06,0,0,0
HG04123,66,100000,1,0,0,South,Bachelor's,1250,10,54,3,0,955,1,0,0
HG04124,49,76700,2,0,0,West,High school or less,1380,3,12,9,0,792.33,0,0,0
HG04125,55,162900,2,0,1,Midwest,Graduate,1880,5,8,5,0,1312.61,1,0,0
HG04126,48,118500,2,1,0,Midwest,Bachelor's,1360,13,28,1,0,1022,0,0,0
HG04127,33,31400,2,1,1,South,High school or less,1110,7,21,3,0,1012.74,1,0,0
HG04128,66,86400,3,0,1,South,Bachelor's,1430,7,24,4,0,1266.83,0,0,0
HG04129,49,61100,3,2,1,West,High school or less,1210,5,16,4,0,1195.12,0,0,0
HG04130,39,165100,2,1,1,West,Bachelor's,2540,11,27,2,0,1280.35,1,1,43.31
HG04131,48,157000,3,2,1,South,Bachelor's,1780,12,29,7,0,1324.02,1,1,184.64
HG04132,64,76400,2,0,1,South,Some college/associate,1580,8,21,3,0,984.99,0,0,0
HG04133,54,58300,1,0,0,South,Graduate,910,3,7,9,0,1022.27,1,0,0
HG04134,70,86000,3,0,1,South,Bachelor's,1530,9,26,1,0,1013.33,1,0,0
HG04135,39,88500,4,1,0,West,Some college/associate,4530,0,0,91,0,726.39,1,0,0
HG04136,42,245700,2,1,1,Northeast,Graduate,,13,38,4,0,1689.4,1,1,329.83
HG04137,40,76900,2,1,0,South,Bachelor's,1550,0,0,63,0,790.82,0,0,0
HG04138,63,80700,5,0,1,Midwest,Graduate,2170,5,12,3,0,1092.59,0,0,0
HG04139,40,67800,3,1,0,Northeast,Some college/associate,1610,13,37,1,0,882.73,1,0,0
HG04140,33,45700,1,0,1,West,High school or less,1120,10,28,3,0.291666667,989.24,0,1,125.81
HG04141,40,245500,2,0,0,Midwest,Bachelor's,2410,6,15,1,0,1097.14,0,1,134.82
HG04142,29,87200,2,1,0,West,High school or less,1380,6,22,0,0,731.35,1,1,81.53
HG04143,73,80800,5,0,1,West,Some college/associate,2930,0,0,45,0,1179,1,0,0
HG04144,28,51500,4,0,0,Midwest,Some college/associate,2290,0,0,97,0,683.79,0,0,0
HG04145,45,33600,5,1,1,Midwest,High school or less,1180,10,32,0,0,796.72,0,0,0
HG04146,47,61600,1,0,1,South,Some college/associate,1300,3,10,17,0,751.51,1,0,0
HG04147,46,104800,2,1,0,Northeast,Graduate,1240,8,12,1,0,1014.55,1,0,0
HG04148,56,189500,3,0,1,South,Bachelor's,2570,2,4,10,0,1330.91,0,0,0
HG04149,48,126000,4,2,1,South,Bachelor's,2270,19,51,2,0,1396.7,0,1,69.82
HG04150,54,27200,1,0,1,Northeast,High school or less,1110,12,61,0,0,961.13,0,0,0
HG04151,56,,2,0,0,West,High school or less,1590,0,0,50,0,879.3,1,0,0
HG04152,33,97200,2,0,1,West,Bachelor's,960,13,17,2,0,1134.02,0,0,0
HG04153,19,40600,5,0,1,South,High school or less,2210,0,0,80,0,1075.76,0,0,0
HG04154,57,64900,1,0,1,Northeast,High school or less,1700,7,37,3,0.25,832,1,1,144.08
HG04155,21,122400,2,0,1,Midwest,Bachelor's,1530,6,13,2,0,1022.68,1,0,0
HG04156,40,74200,3,0,1,South,Graduate,1740,0,0,56,0,605.74,0,0,0
HG04157,55,149100,4,0,1,Midwest,Bachelor's,1930,10,40,2,0,1062.01,0,0,0
HG04158,55,81100,2,0,1,West,High school or less,,11,50,6,0,816.41,1,1,67.77
HG04159,52,124600,3,0,1,Northeast,Graduate,1560,5,26,0,0,990.19,1,1,19.59
HG04160,56,196400,2,1,1,West,Bachelor's,2190,12,34,0,0,1323.96,0,0,0
HG04161,73,86000,2,0,1,Midwest,Bachelor's,1340,7,23,0,0,1284.13,1,1,69.34
HG04162,51,82300,2,1,1,Northeast,Bachelor's,1580,13,28,2,0,977.95,0,0,0
HG04163,55,77800,2,1,1,West,Graduate,1640,0,0,71,0,995.16,0,0,0
HG04164,51,38500,4,2,1,South,High school or less,1890,0,0,47,0,984.83,0,0,0
HG04165,23,34400,1,0,0,West,Some college/associate,610,3,8,9,0,617.29,1,0,0
HG04166,42,54400,2,0,0,South,High school or less,1960,0,0,111,0,747.22,0,0,0
HG04167,46,142700,3,1,1,South,Graduate,2010,8,30,3,0,1169.44,1,0,0
HG04168,44,64600,1,0,1,Midwest,Bachelor's,880,5,8,1,0,900.47,1,0,0
HG04169,64,74800,1,0,1,South,Some college/associate,1620,5,18,5,0,1106.55,1,0,0
HG04170,23,63400,1,0,1,South,High school or less,1410,8,28,4,0,825.98,0,0,0
HG04171,60,79300,2,1,1,West,High school or less,1490,2,4,13,0,1175.51,1,1,186.36
HG04172,57,58800,1,0,1,West,Some college/associate,1590,8,31,4,0,1042.86,0,1,83.9
HG04173,24,44600,4,1,0,Northeast,High school or less,2680,0,0,71,0,970.04,0,0,0
HG04174,31,69600,3,1,1,West,Some college/associate,2750,8,25,4,0,1059.06,1,1,94.71
HG04175,36,86700,3,0,1,South,Some college/associate,1680,8,31,0,0.333333333,1049.61,0,0,0
HG04176,55,193400,3,0,1,South,Bachelor's,2630,3,8,1,0,1410.41,1,0,0
HG04177,29,56000,6,3,1,South,Graduate,3120,4,13,4,0,1135.15,0,0,0
HG04178,57,59600,6,0,1,West,High school or less,3320,5,15,0,0,1148.9,1,0,0
HG04179,49,74700,3,0,1,Midwest,Bachelor's,1650,7,22,1,0,1114.72,0,1,270.46
HG04180,40,66500,1,0,1,Northeast,Some college/associate,1360,0,0,49,0,972.73,1,1,250.42
HG04181,46,120000,1,0,1,South,Bachelor's,1100,8,23,0,0,1010.9,0,0,0
HG04182,52,184000,2,1,1,South,Bachelor's,1960,9,30,0,0,1161.03,0,1,85.18
HG04183,50,68600,1,0,1,South,Some college/associate,1440,6,31,2,0,669.98,0,0,0
HG04184,49,176800,5,0,1,Northeast,Bachelor's,1590,19,42,1,0,1449.01,1,1,60.98
HG04185,45,238200,1,0,1,Northeast,Bachelor's,1450,7,14,3,0,1021.06,0,0,0
HG04186,56,67700,2,1,1,West,High school or less,830,19,68,1,0,733.43,1,0,0
HG04187,42,121000,2,0,0,Midwest,Some college/associate,1740,7,24,2,0,1002.39,1,1,92.83
HG04188,35,142700,2,0,1,Midwest,Bachelor's,1350,21,77,0,0,910.31,1,0,0
HG04189,23,161400,3,0,1,South,Bachelor's,1910,7,11,1,0,792.07,1,0,0
HG04190,68,93700,2,0,0,South,Some college/associate,1320,13,61,3,0.384615385,985.57,1,1,62.14
HG04191,60,32400,1,0,0,Northeast,High school or less,930,4,16,11,0.25,802.17,0,1,149.1
HG04192,50,204800,2,1,1,South,Some college/associate,1720,6,14,8,0,794.88,0,0,0
HG04193,32,33100,4,0,0,Northeast,Some college/associate,1250,13,28,0,0,1146.79,0,0,0
HG04194,19,45000,2,0,0,South,High school or less,1060,0,0,100,0,542.19,0,0,0
HG04195,55,99400,1,0,0,South,Graduate,2020,7,22,0,0,860.33,0,0,0
HG04196,46,222900,1,0,0,South,Bachelor's,1150,9,29,8,0,1188.22,1,0,0
HG04197,66,120300,6,1,1,Midwest,Graduate,3210,6,14,5,0,1452.47,0,0,0
HG04198,72,185400,6,0,1,Midwest,Bachelor's,3670,2,8,13,0.090909091,1474.97,0,0,0
HG04199,34,43400,3,2,1,West,Some college/associate,2330,0,0,81,0,1051.63,1,0,0
HG04200,34,66600,4,3,0,Midwest,High school or less,2120,6,18,2,0,741.42,1,0,0
HG04201,49,80100,3,1,1,South,Some college/associate,2240,6,19,0,0,1226.84,0,1,94.06
HG04202,49,76900,1,0,1,South,High school or less,2130,7,8,3,0.352941176,1128.98,0,0,0
HG04203,31,115800,2,1,1,Northeast,Graduate,1380,7,10,0,0,921,0,0,0
HG04204,50,51900,2,1,1,Northeast,High school or less,,0,0,63,0,912.4,0,0,0
HG04205,40,130800,4,1,0,South,Graduate,2390,15,54,0,0,1353.64,0,1,223.3
HG04206,41,25800,3,1,1,South,High school or less,1120,0,0,59,0,1024.95,1,0,0
HG04207,35,88700,5,1,1,Midwest,Some college/associate,3010,14,40,3,0,1231.02,1,0,0
HG04208,60,98600,5,0,1,South,Bachelor's,2700,0,0,131,0,851.68,1,0,0
HG04209,44,81200,3,0,1,West,Bachelor's,1760,7,20,1,0,1082.59,1,0,0
HG04210,30,50300,2,1,1,West,High school or less,1260,8,29,5,0,867.23,1,0,0
HG04211,30,24800,5,3,0,South,High school or less,1920,6,14,4,0,853.5,1,0,0
HG04212,75,96800,3,0,0,South,Some college/associate,1410,12,33,0,0,803.18,1,0,0
HG04213,50,29000,1,0,1,West,High school or less,1260,12,20,5,0,924.03,1,1,83.14
HG04214,50,67300,1,0,1,Midwest,Graduate,1680,6,14,1,0,904.2,0,0,0
HG04215,55,109200,3,1,1,South,Graduate,1580,0,0,67,0,1171.88,1,0,0
HG04216,60,84500,2,0,1,Northeast,High school or less,1510,8,33,2,0.25,807.55,0,0,0
HG04217,41,40000,5,1,0,Midwest,High school or less,1310,7,13,0,0,644.78,1,0,0
HG04218,46,80000,4,2,0,Northeast,Some college/associate,2270,5,20,4,0,997.82,0,1,66.74
HG04219,23,44100,1,0,0,West,High school or less,940,5,15,6,0,615.58,1,0,0
HG04220,40,,4,0,0,South,Some college/associate,1630,6,27,0,0,915.4,1,0,0
HG04221,22,22800,1,0,0,Northeast,High school or less,500,10,31,0,0,636.97,0,0,0
HG04222,56,77100,2,0,1,Northeast,High school or less,1970,12,34,0,0,738.57,0,0,0
HG04223,46,30800,1,0,0,West,High school or less,830,2,4,6,0,621.41,1,0,0
HG04224,53,54200,5,1,0,Midwest,Bachelor's,2060,0,0,42,0,1100.8,1,0,0
HG04225,77,66900,1,0,1,West,Some college/associate,1650,0,0,66,0,615.41,1,0,0
HG04226,24,43800,2,0,0,West,High school or less,770,8,31,1,0,843.59,1,0,0
HG04227,68,64000,2,0,1,West,Some college/associate,1320,11,35,0,0,986.69,0,0,0
HG04228,47,,3,0,1,South,Some college/associate,1960,8,34,5,0,1128.57,0,1,157.42
HG04229,39,203800,2,0,1,South,Bachelor's,1750,4,9,6,0,1160.76,1,0,0
HG04230,48,79900,1,0,0,West,High school or less,1070,10,41,2,0,822.53,1,0,0
HG04231,51,95800,1,0,0,Midwest,Bachelor's,1080,11,28,4,0,1097.06,1,0,0
HG04232,40,77300,5,0,1,Midwest,Bachelor's,1940,11,32,5,0,960.93,0,1,70.97
HG04233,48,90400,1,0,1,South,Bachelor's,1100,6,29,0,0,1057.98,1,0,0
HG04234,34,66700,3,2,1,South,Bachelor's,2120,7,20,1,0,818.87,1,0,0
HG04235,30,123600,1,0,1,South,Graduate,1670,8,17,5,0,1131.37,1,0,0
HG04236,62,255900,4,1,1,South,Graduate,2290,7,24,7,0,1600.34,1,1,271.82
HG04237,54,110000,5,1,0,Midwest,Bachelor's,1900,7,19,0,0,1241.21,0,0,0
HG04238,32,143600,4,1,1,Midwest,Bachelor's,2430,7,14,4,0,1371.34,0,0,0
HG04239,46,72600,2,1,1,Midwest,Graduate,1680,0,0,47,0,1203.55,0,0,0
HG04240,48,105500,4,3,0,South,Bachelor's,1510,8,27,0,0,1210.5,0,1,51.32
HG04241,22,49600,3,0,1,West,High school or less,1080,23,84,6,0.2,958.93,0,0,0
HG04242,60,141400,1,0,1,West,Graduate,2180,7,17,3,0,1221.34,0,0,0
HG04243,48,203000,1,0,1,Midwest,Bachelor's,1790,18,47,1,0,1161.14,0,0,0
HG04244,42,139500,2,1,1,South,Bachelor's,2310,3,4,11,0,1216,0,0,0
HG04245,52,300600,3,0,0,Midwest,Bachelor's,2360,10,27,0,0,1340.62,0,0,0
HG04246,53,144100,1,0,0,South,Bachelor's,930,7,24,2,0,1375.58,1,1,156.87
HG04247,55,97700,2,1,0,South,Some college/associate,1420,3,1,7,0,1029.95,0,0,0
HG04248,43,215600,3,2,0,South,Graduate,1210,15,40,1,0,1263.22,1,0,0
HG04249,48,65900,2,0,0,West,High school or less,1490,3,12,1,0.444444444,965.04,1,0,0
HG04250,48,47500,5,2,1,South,High school or less,3330,0,0,62,0,1097.03,0,0,0
HG04251,34,89500,2,0,1,South,Some college/associate,2400,11,34,0,0,938.09,1,1,47.75
HG04252,52,302100,2,1,0,Midwest,Graduate,1970,10,38,9,0,1350.31,0,0,0
HG04253,48,181400,2,0,1,West,Bachelor's,1690,8,14,8,0,1144.62,0,0,0
HG04254,48,170600,2,0,1,Midwest,Some college/associate,1150,9,23,0,0,1264.64,1,0,0
HG04255,52,103100,3,1,1,West,Some college/associate,1840,7,25,0,0,1236.04,1,1,386.1
HG04256,29,114800,3,1,1,South,Bachelor's,1080,10,24,2,0,1156.07,1,0,0
HG04257,49,183500,4,2,1,Midwest,Graduate,2230,7,16,8,0,1358.42,1,0,0
HG04258,49,58700,3,0,1,West,High school or less,1840,0,0,60,0,1009.23,0,0,0
HG04259,62,120300,2,0,1,Northeast,Graduate,1980,5,13,2,0,1416.23,0,0,0
HG04260,44,38400,4,1,0,West,High school or less,1590,0,0,58,0,696.24,1,0,0
HG04261,34,28300,3,1,0,West,High school or less,1270,0,0,44,0,835.73,1,0,0
HG04262,61,76400,1,0,0,Northeast,Some college/associate,970,2,8,4,0.142857143,824.29,0,0,0
HG04263,35,77300,2,1,0,South,Graduate,1300,7,23,5,0,955.14,1,0,0
HG04264,36,45100,4,1,0,West,High school or less,1580,0,0,55,0,1062.43,1,1,133.43
HG04265,42,103300,2,0,1,Northeast,Bachelor's,1020,19,55,1,0,931.04,0,1,34.36
HG04266,42,117900,6,3,1,Midwest,Some college/associate,3570,6,19,6,0.466666667,1409.72,1,0,0
HG04267,39,56800,4,2,1,Midwest,High school or less,1840,8,42,2,0,1136.53,0,1,302.39
HG04268,48,81800,5,1,1,Northeast,Graduate,3350,0,0,115,0,1186.67,1,0,0
HG04269,51,170700,2,0,1,South,Graduate,2460,15,59,0,0,1170.52,0,1,237.37
HG04270,42,118300,5,1,1,West,Graduate,2490,9,21,0,0,1474.62,1,1,628.95
HG04271,39,88400,2,0,1,South,Bachelor's,1360,7,16,2,0,816.18,0,0,0
HG04272,44,149200,1,0,0,South,Bachelor's,1760,9,25,1,0,1207.95,1,0,0
HG04273,38,123500,1,0,1,South,Bachelor's,1770,4,7,9,0,1061.43,1,0,0
HG04274,52,55400,6,1,0,Northeast,Some college/associate,1970,6,23,2,0,1252.58,1,1,35.87
HG04275,54,163800,2,0,1,West,Graduate,2510,8,28,4,0,1122.39,0,0,0
HG04276,43,38500,2,0,1,Northeast,High school or less,1910,7,38,4,0,841.07,0,0,0
HG04277,39,132500,1,0,1,South,Bachelor's,1350,8,20,0,0,1091.18,1,0,0
HG04278,65,85200,1,0,1,Northeast,Some college/associate,1200,9,36,0,0,877.61,1,0,0
HG04279,26,72300,4,1,1,West,High school or less,1680,15,26,2,0,984.08,0,1,8.74
HG04280,40,63500,1,0,1,Northeast,High school or less,1550,3,16,6,0.176470588,1030.01,0,0,0
HG04281,59,78200,2,0,1,South,Some college/associate,2470,5,32,5,0.421052632,1244.54,1,0,0
HG04282,44,73000,4,2,1,Midwest,Some college/associate,2040,4,18,9,0,862.46,0,0,0
HG04283,34,96000,2,0,1,Northeast,Bachelor's,1750,6,23,10,0,868.23,1,0,0
HG04284,60,35700,4,0,1,West,Bachelor's,1480,0,0,111,0,998.81,0,0,0
HG04285,50,88600,2,0,1,South,Bachelor's,1500,3,10,15,0,988.63,1,0,0
HG04286,30,83400,1,0,0,Midwest,Some college/associate,1130,15,36,2,0,759.25,1,0,0
HG04287,40,99400,1,0,0,South,Graduate,,5,11,3,0,736.05,0,0,0
HG04288,38,66200,1,0,1,South,Some college/associate,1670,5,11,8,0,952.17,1,0,0
HG04289,33,33100,2,0,1,Northeast,High school or less,1520,0,0,71,0,760.08,1,0,0
HG04290,60,142600,2,0,1,South,Graduate,1740,10,38,1,0,1048.07,0,0,0
HG04291,45,134200,3,0,0,West,Bachelor's,1610,17,48,3,0,947.9,1,0,0
HG04292,58,335800,2,1,1,South,Graduate,2170,27,60,1,0,1732.91,0,0,0
HG04293,58,69000,1,0,1,South,Bachelor's,1110,0,0,63,0,816.78,1,0,0
HG04294,45,195100,4,3,0,South,Bachelor's,1740,4,12,6,0,1298.87,1,0,0
HG04295,67,73600,1,0,1,Northeast,Some college/associate,810,5,26,0,0.35,745.98,1,0,0
HG04296,51,101300,2,1,1,Midwest,Bachelor's,1770,6,18,0,0,1098.5,0,0,0
HG04297,46,108200,5,2,1,Midwest,Some college/associate,2180,7,20,0,0,1067.67,1,0,0
HG04298,39,18400,5,2,1,South,Some college/associate,1990,0,0,58,0,968.98,1,0,0
HG04299,41,116900,3,2,0,Midwest,Bachelor's,1580,9,22,3,0,1099.43,0,0,0
HG04300,61,246300,2,0,1,Northeast,Graduate,2080,12,25,3,0,1535.4,1,0,0
HG04301,34,67900,4,1,1,South,Bachelor's,1950,0,0,69,0,1168.06,0,1,205.49
HG04302,43,66300,3,0,1,South,High school or less,1710,0,0,48,0,901.06,0,0,0
HG04303,63,,3,0,1,South,Bachelor's,1990,5,18,5,0,1435.51,1,0,0
HG04304,52,160900,4,1,1,South,Graduate,1460,20,58,0,0,1352.66,0,0,0
HG04305,46,174000,1,0,1,South,Bachelor's,1620,8,12,7,0,1204.38,1,1,402.21
HG04306,29,46800,1,0,1,West,Bachelor's,1370,0,0,62,0,852.96,1,0,0
HG04307,33,30700,3,0,1,Midwest,Graduate,1020,23,45,0,0,668.05,1,0,0
HG04308,43,48600,1,0,1,South,Bachelor's,1330,11,28,0,0,996.73,0,0,0
HG04309,65,123900,3,0,1,South,Some college/associate,2410,4,6,12,0,1041.01,0,0,0
HG04310,49,114800,2,0,0,Midwest,Graduate,1380,5,12,1,0,889.23,0,0,0
HG04311,49,43600,2,0,0,South,High school or less,1680,0,0,64,0,785.84,1,0,0
HG04312,34,59600,1,0,0,Midwest,Bachelor's,1660,5,17,5,0,804.99,0,0,0
HG04313,46,74600,2,1,1,South,Some college/associate,1270,6,10,3,0,953.15,1,0,0
HG04314,31,83500,2,1,1,South,Bachelor's,1000,8,19,4,0,1177.98,1,0,0
HG04315,37,82200,2,0,1,South,Bachelor's,1650,0,0,53,0,874.08,0,0,0
HG04316,49,37600,2,0,1,Midwest,High school or less,1270,11,32,2,0,652.64,1,0,0
HG04317,44,157600,2,1,1,Midwest,Graduate,2220,5,18,10,0,1076.68,0,0,0
HG04318,68,72200,2,0,1,Northeast,Some college/associate,2250,0,0,35,0,718.48,1,0,0
HG04319,48,38500,1,0,1,West,High school or less,1050,5,13,12,0,655.4,0,0,0
HG04320,44,74600,2,1,1,Northeast,High school or less,1430,5,36,6,0,791.28,0,0,0
HG04321,39,97600,1,0,0,South,Some college/associate,1980,5,13,1,0,1015.15,1,0,0
HG04322,46,71900,2,0,0,South,Graduate,1070,8,34,10,0,773.12,0,0,0
HG04323,62,79900,2,0,1,Northeast,Bachelor's,2130,7,14,2,0.470588235,952.22,1,0,0
HG04324,74,54200,1,0,1,West,High school or less,1080,5,9,1,0,557.25,0,0,0
HG04325,52,74300,2,0,0,South,Some college/associate,1310,8,36,1,0.25,892.6,0,1,118.32
HG04326,75,124000,2,0,0,South,Graduate,1100,8,29,1,0,1017.7,0,0,0
HG04327,47,179600,5,2,1,Northeast,Graduate,3010,10,31,1,0,1396.6,0,1,90.56
HG04328,40,138700,2,0,1,Northeast,Graduate,2680,0,0,95,0,1293.6,1,1,176.65
HG04329,37,46900,1,0,1,South,High school or less,1990,0,0,68,0,762.1,0,0,0
HG04330,60,46300,1,0,1,South,High school or less,820,2,6,2,0.19047619,941.24,0,0,0
HG04331,29,121700,2,0,1,South,Bachelor's,840,19,39,0,0,957.29,1,0,0
HG04332,56,31800,3,1,1,Midwest,Some college/associate,1100,10,33,1,0,1083.22,0,1,311.72
HG04333,66,175300,1,0,0,Midwest,Graduate,1460,7,33,6,0.52173913,1225.15,1,1,54.53
HG04334,66,116800,1,0,1,Northeast,Some college/associate,1510,9,40,2,0.055555556,1028.63,0,0,0
HG04335,50,36100,1,0,1,Midwest,Some college/associate,1700,0,0,73,0,1001.51,0,0,0
HG04336,55,72100,1,0,1,Northeast,High school or less,1440,6,19,2,0.210526316,794.38,0,0,0
HG04337,48,107000,2,0,1,West,Graduate,1820,2,2,7,0,1099.63,0,0,0
HG04338,45,47600,1,0,1,West,High school or less,1630,6,17,4,0,922.89,1,1,26.69
HG04339,47,185100,2,1,1,South,Bachelor's,2240,5,11,0,0,1183.19,0,0,0
HG04340,52,76000,4,2,1,Midwest,Graduate,2660,0,0,60,0,1056.69,1,0,0
HG04341,38,44500,4,1,0,South,High school or less,1450,0,0,52,0,1283.15,1,1,109.6
HG04342,70,92900,1,0,1,West,Bachelor's,1100,8,27,1,0,911.1,0,0,0
HG04343,38,129300,3,1,1,South,Bachelor's,,4,15,0,0,1091.06,0,0,0
HG04344,50,64600,2,1,1,West,High school or less,2320,10,46,7,0.4375,1068.98,1,1,25.59
HG04345,48,81400,2,1,1,Midwest,Some college/associate,1090,15,35,2,0,1007.76,0,0,0
HG04346,40,,3,2,0,West,High school or less,2190,0,0,58,0,1086.03,1,0,0
HG04347,40,63700,4,1,0,South,High school or less,1090,11,50,1,0,709.28,0,0,0
HG04348,27,250300,3,1,1,South,Bachelor's,2000,5,12,0,0,1698.46,1,0,0
HG04349,59,67800,5,1,1,South,Bachelor's,3620,0,0,70,0,1235.78,1,0,0
HG04350,49,54300,2,1,1,West,High school or less,1180,0,0,61,0,1022.42,0,0,0
HG04351,56,80600,4,0,1,West,Bachelor's,2000,5,17,2,0,913.05,1,0,0
HG04352,33,153200,3,1,1,Northeast,Bachelor's,1970,9,24,1,0,1048.02,1,0,0
HG04353,21,51600,2,0,0,Northeast,Bachelor's,830,6,13,8,0,741.77,0,0,0
HG04354,34,89100,5,3,0,West,Graduate,3690,0,0,76,0,1106.51,0,0,0
HG04355,63,248800,1,0,1,West,Bachelor's,1740,6,15,9,0,1329.14,0,0,0
HG04356,55,38800,1,0,1,Northeast,High school or less,1260,6,7,6,0.444444444,932.94,1,0,0
HG04357,43,160200,5,2,1,Northeast,Bachelor's,3290,0,0,88,0,1342.05,0,0,0
HG04358,29,105000,3,1,0,West,Some college/associate,1710,10,36,2,0,1035.67,0,1,167.13
HG04359,40,66000,2,1,0,West,Bachelor's,1310,0,0,80,0,870.91,1,0,0
HG04360,48,33500,3,0,0,Northeast,High school or less,1160,6,9,2,0,1061.99,0,0,0
HG04361,30,40200,5,2,0,South,High school or less,1970,0,0,76,0,750.64,1,0,0
HG04362,41,47000,2,0,0,South,High school or less,1110,0,0,46,0,668.28,0,0,0
HG04363,56,69800,4,0,1,Midwest,Graduate,2780,0,0,44,0,913.68,0,0,0
HG04364,54,56600,1,0,0,South,Some college/associate,1910,7,23,5,0.384615385,1091.87,1,0,0
HG04365,71,181100,2,0,1,West,Graduate,1790,6,25,0,0.222222222,1314.33,1,0,0
HG04366,56,67000,2,0,1,Northeast,Some college/associate,2140,0,0,71,0,1076.22,0,0,0
HG04367,44,85200,1,0,1,South,Graduate,1650,0,0,61,0,1041.16,0,1,171.21
HG04368,38,72600,2,1,1,West,Some college/associate,1030,8,14,2,0,812.18,0,0,0
HG04369,48,116000,3,0,1,Northeast,Graduate,2130,4,11,9,0.352941176,1241.43,0,0,0
HG04370,66,129800,2,0,0,South,Graduate,1810,5,39,4,0,1338.04,1,0,0
HG04371,45,84200,6,5,1,Northeast,High school or less,3970,2,1,9,0,1486.18,0,1,139.01
HG04372,30,44400,2,0,1,South,High school or less,1190,9,15,0,0,600.1,0,0,0
HG04373,33,102000,3,1,0,Midwest,Bachelor's,1470,0,0,45,0,835.82,0,0,0
HG04374,43,180800,5,0,1,South,Graduate,4000,4,24,2,0,1402.98,1,0,0
HG04375,33,87500,4,2,1,South,Bachelor's,1680,14,39,3,0,1280.45,0,0,0
HG04376,40,54900,2,1,0,Midwest,Bachelor's,1760,0,0,74,0,669.26,0,0,0
HG04377,65,96300,5,2,1,South,Some college/associate,3300,3,7,4,0.533333333,1157.82,1,1,44.53
HG04378,27,41600,1,0,0,West,High school or less,860,0,0,65,0,929.1,0,0,0
HG04379,45,199100,3,0,1,Midwest,Some college/associate,3130,10,48,5,0.25,1182.29,0,1,32.44
HG04380,48,162800,1,0,1,Northeast,Bachelor's,1380,4,13,0,0,1149.37,0,0,0
HG04381,43,141500,1,0,1,South,Graduate,1530,6,13,1,0,931.04,1,0,0
HG04382,34,171700,4,1,1,Northeast,Bachelor's,1680,11,25,4,0,1268.81,1,1,90.1
HG04383,40,62700,1,0,1,South,High school or less,1280,6,15,2,0,866.49,0,0,0
HG04384,76,234100,2,0,1,West,Graduate,2580,7,14,1,0,1393.13,0,0,0
HG04385,57,46400,4,0,1,Northeast,Bachelor's,2520,0,0,60,0,1089.46,0,0,0
HG04386,66,172500,1,0,1,South,Bachelor's,1850,4,10,8,0,1333.78,1,0,0
HG04387,45,,1,0,1,West,Bachelor's,1990,0,0,49,0,1127.25,1,1,156.77
HG04388,49,113500,3,0,1,Northeast,Bachelor's,1590,2,6,13,0,1204.02,0,0,0
HG04389,26,33200,4,0,0,West,High school or less,1630,0,0,66,0,765.56,1,1,121.4
HG04390,52,89400,2,0,1,South,Bachelor's,2160,4,9,0,0,875.06,1,0,0
HG04391,31,88800,1,0,0,West,Bachelor's,1580,8,33,3,0,1072.6,1,0,0
HG04392,47,88100,1,0,1,South,Bachelor's,1310,8,37,3,0.19047619,996.83,1,0,0
HG04393,56,176300,4,1,0,South,Bachelor's,1460,20,63,2,0,1370.47,1,1,156.27
HG04394,54,86400,2,1,1,West,Some college/associate,1380,4,15,4,0,788.08,0,0,0
HG04395,47,124000,5,2,1,South,Graduate,3380,11,26,4,0,1381.42,1,0,0
HG04396,47,78900,3,0,0,West,Some college/associate,3270,0,0,61,0,1091.22,1,1,101.7
HG04397,42,53300,2,1,1,South,Some college/associate,1890,0,0,85,0,751.93,1,0,0
HG04398,31,76700,2,1,1,South,Some college/associate,1680,11,37,7,0,979.75,1,0,0
HG04399,64,125100,3,0,1,Northeast,Graduate,1760,0,0,56,0,1420.14,1,0,0
HG04400,53,187700,4,2,1,Midwest,Bachelor's,3440,8,15,1,0,1540.37,0,1,190.75
HG04401,59,55700,1,0,0,West,Some college/associate,900,2,10,4,0,666.42,1,0,0
HG04402,47,115000,2,1,1,Northeast,Bachelor's,2000,8,22,0,0,1049.43,1,0,0
HG04403,39,78200,2,0,0,South,Graduate,1760,18,37,1,0,1036.56,0,0,0
HG04404,41,41700,2,0,1,South,Some college/associate,,8,28,1,0,1035.12,1,1,196.33
HG04405,46,89900,1,0,0,West,Some college/associate,1250,15,37,3,0,827.16,0,0,0
HG04406,45,150000,3,1,1,South,Bachelor's,2310,6,12,11,0,1197.25,0,0,0
HG04407,32,15400,5,1,0,South,High school or less,1610,0,0,92,0,992.41,1,1,74.99
HG04408,33,211000,6,3,1,South,Graduate,2920,15,32,3,0,1552.64,0,0,0
HG04409,57,90700,4,1,0,South,Bachelor's,2760,0,0,102,0,1093.11,1,1,52.36
HG04410,28,79300,1,0,1,South,Some college/associate,1050,4,11,1,0,800.92,1,0,0
HG04411,59,65100,2,0,1,Northeast,High school or less,2530,9,27,5,0,784.11,1,0,0
HG04412,61,133200,2,0,1,Northeast,Some college/associate,2380,7,26,4,0.142857143,1087.72,1,1,76.56
HG04413,23,79100,2,1,0,South,Some college/associate,1400,7,19,1,0,936.09,1,0,0
HG04414,64,106500,1,0,0,West,Some college/associate,1440,0,0,58,0,809.78,1,0,0
HG04415,31,42200,4,1,0,South,High school or less,1900,0,0,43,0,1002.35,0,0,0
HG04416,49,47300,3,0,1,Northeast,Bachelor's,1740,8,28,2,0,930.54,1,0,0
HG04417,42,43700,2,1,1,Midwest,High school or less,1430,5,25,10,0.416666667,752.98,0,0,0
HG04418,43,87000,2,0,1,Northeast,Bachelor's,1530,10,29,1,0,1126.65,0,1,104.95
HG04419,37,58000,1,0,1,South,Graduate,1600,0,0,45,0,847.07,0,0,0
HG04420,58,253300,4,1,1,South,Graduate,2630,5,29,0,0,1656.44,1,1,246.4
HG04421,63,87700,2,0,1,Northeast,Some college/associate,1600,0,0,198,0,1042.18,1,0,0
HG04422,29,164200,1,0,1,Midwest,Bachelor's,1480,13,39,1,0,1105.44,0,0,0
HG04423,53,82600,1,0,1,Midwest,Some college/associate,1610,2,5,24,0,955.62,1,0,0
HG04424,68,82100,4,0,1,South,Bachelor's,3670,0,0,171,0,1232.36,0,0,0
HG04425,33,316000,3,0,1,Midwest,Some college/associate,2720,16,31,2,0,1269.21,1,0,0
HG04426,37,47900,6,3,1,Northeast,Some college/associate,2420,0,0,53,0,877.55,1,0,0
HG04427,52,101400,1,0,0,Midwest,Some college/associate,2290,5,23,20,0.555555556,823.37,1,0,0
HG04428,47,76100,3,1,1,Midwest,High school or less,2090,0,0,72,0,1211.41,1,0,0
HG04429,44,67700,2,1,1,West,Bachelor's,1710,0,0,46,0,931.91,0,0,0
HG04430,36,47700,2,0,0,West,Some college/associate,1460,0,0,80,0,623.01,1,0,0
HG04431,53,57800,2,1,1,South,Graduate,1520,3,6,11,0,634.11,0,0,0
HG04432,64,144200,4,0,1,Midwest,Graduate,2630,0,0,46,0,1345.77,1,0,0
HG04433,42,123400,4,1,1,West,Graduate,2900,11,57,0,0,1372.66,0,1,319.13
HG04434,39,85500,4,1,0,West,Some college/associate,2090,3,11,6,0.4,1075.54,0,0,0
HG04435,59,34200,1,0,1,Midwest,High school or less,1650,0,0,51,0,698.29,1,0,0
HG04436,44,120700,1,0,1,South,Graduate,990,7,11,4,0,1074.3,1,0,0
HG04437,44,95600,5,0,1,Midwest,Graduate,4670,0,0,105,0,1206.41,1,0,0
HG04438,48,124100,4,0,1,South,Bachelor's,2680,9,24,2,0,1375.13,1,0,0
HG04439,22,19700,2,0,1,South,High school or less,1240,0,0,77,0,995.32,0,0,0
HG04440,47,84000,2,1,1,Northeast,Graduate,1910,8,26,1,0,1159.52,0,1,122.3
HG04441,40,257600,1,0,1,South,Bachelor's,2680,3,9,16,0,1268.83,0,0,0
HG04442,55,108400,4,0,1,West,Bachelor's,1820,10,17,3,0,1155.34,1,0,0
HG04443,62,94000,2,0,0,Midwest,High school or less,1160,4,14,19,0.434782609,888.95,0,0,0
HG04444,71,50600,4,0,1,South,Some college/associate,1970,4,12,3,0,677.72,1,0,0
HG04445,37,42200,4,3,0,South,High school or less,1130,6,17,0,0,899.66,1,0,0
HG04446,25,57900,1,0,0,Northeast,High school or less,1060,8,36,7,0,904.96,1,0,0
HG04447,53,43400,2,0,0,South,Some college/associate,1380,0,0,76,0,675.83,1,0,0
HG04448,57,74100,1,0,1,West,High school or less,1950,11,53,0,0,804.45,1,0,0
HG04449,51,42400,1,0,1,Midwest,High school or less,1050,5,15,3,0,671.53,1,0,0
HG04450,64,90300,1,0,1,South,High school or less,1160,7,18,0,0,929.45,0,0,0
HG04451,22,68500,2,0,0,Northeast,Some college/associate,2200,3,5,2,0.583333333,778.48,0,0,0
HG04452,44,62100,5,2,1,South,Graduate,2730,0,0,82,0,1155.11,0,0,0
HG04453,38,42400,3,0,1,West,High school or less,1530,8,26,1,0,1049.74,0,0,0
HG04454,38,116100,2,0,1,Northeast,Some college/associate,1740,16,25,0,0,885.86,1,0,0
HG04455,43,94500,1,0,1,Midwest,Bachelor's,870,5,18,6,0.428571429,1070.37,1,0,0
HG04456,48,70900,3,2,1,West,Some college/associate,1880,10,17,4,0,1136.64,0,0,0
HG04457,47,203700,2,0,0,South,Graduate,1200,5,12,0,0,1447.97,0,0,0
HG04458,54,75200,4,1,1,South,Bachelor's,1960,11,30,2,0,1034.13,1,1,82.25
HG04459,63,52800,1,0,1,South,Some college/associate,1360,4,14,7,0.277777778,1166.43,0,0,0
HG04460,42,101200,2,0,0,Northeast,Bachelor's,890,13,30,7,0,1109.22,0,0,0
HG04461,52,34800,3,1,1,Midwest,Some college/associate,1520,11,34,0,0,820.06,1,0,0
HG04462,51,99400,1,0,1,South,Some college/associate,1330,6,30,1,0,812.08,1,0,0
HG04463,46,70300,1,0,1,South,High school or less,1240,17,46,0,0,742.53,1,0,0
HG04464,61,205900,4,0,1,South,Bachelor's,3020,12,27,2,0,1267.28,0,0,0
HG04465,53,66700,2,0,1,West,Some college/associate,1470,7,18,0,0,999.06,1,0,0
HG04466,34,249700,2,1,0,South,Graduate,1430,9,36,2,0,1463.84,1,1,127
HG04467,67,97100,1,0,0,South,Some college/associate,1140,5,27,9,0,752.08,0,0,0
HG04468,51,132700,4,2,1,West,Graduate,2140,13,42,3,0,1078.96,0,0,0
HG04469,45,154300,4,1,1,Midwest,Graduate,2610,5,11,2,0,1225.12,0,0,0
HG04470,30,116000,1,0,1,South,Bachelor's,1450,5,20,1,0,1236.7,1,0,0
HG04471,40,38300,3,2,1,South,Bachelor's,2090,0,0,54,0,1035.15,0,0,0
HG04472,35,58200,4,1,1,West,Bachelor's,2180,0,0,110,0,1243.06,0,0,0
HG04473,29,50200,5,2,0,West,High school or less,1980,0,0,86,0,773.46,1,0,0
HG04474,66,46300,1,0,1,Northeast,High school or less,1620,5,13,8,0,1064.73,0,0,0
HG04475,33,49900,4,0,0,South,High school or less,2390,0,0,51,0,483.05,1,0,0
HG04476,32,101000,2,1,0,Northeast,Some college/associate,1050,8,27,5,0,1138.8,1,1,184.12
HG04477,47,110300,2,0,0,West,Bachelor's,1460,10,37,3,0,917.08,0,0,0
HG04478,41,68200,6,1,0,Midwest,High school or less,2270,7,26,0,0,1037.78,0,1,146.43
HG04479,32,112000,4,0,1,South,Bachelor's,1610,10,28,4,0,1246.96,0,0,0
HG04480,44,139100,4,2,1,West,Graduate,2260,13,40,1,0,1420.61,0,0,0
HG04481,32,49500,5,1,0,Midwest,High school or less,3060,0,0,70,0,1012.55,1,0,0
HG04482,36,131500,2,0,0,South,Bachelor's,1970,10,28,2,0,827.01,0,0,0
HG04483,56,183900,2,0,1,South,Bachelor's,2010,5,16,1,0,1389.61,1,1,161.06
HG04484,69,90000,1,0,1,West,Some college/associate,1120,11,52,1,0.333333333,1011.58,1,0,0
HG04485,60,116700,2,0,1,Northeast,Some college/associate,1730,11,25,5,0,951.66,0,0,0
HG04486,57,100200,2,0,1,Midwest,High school or less,1930,0,0,39,0,1056.79,1,0,0
HG04487,49,19200,2,0,1,West,Some college/associate,1490,0,0,54,0,1046.6,1,0,0
HG04488,26,56800,2,0,0,West,High school or less,1460,0,0,96,0,413.1,1,0,0
HG04489,64,59700,1,0,1,Northeast,High school or less,1270,7,27,1,0.384615385,794.93,1,0,0
HG04490,21,63300,2,1,1,South,High school or less,1380,20,60,3,0,975.88,1,0,0
HG04491,33,30200,2,0,0,Midwest,High school or less,1130,9,20,6,0,781.41,1,0,0
HG04492,64,71400,2,1,1,West,High school or less,860,10,31,2,0,949.27,1,0,0
HG04493,37,160400,2,1,1,South,Bachelor's,1500,18,45,0,0,976.3,0,0,0
HG04494,67,137200,2,0,1,South,Bachelor's,3990,0,0,54,0,1202.22,0,0,0
HG04495,60,215900,2,0,1,Midwest,Graduate,1430,9,18,3,0,1147.97,0,0,0
HG04496,38,62200,2,0,1,South,High school or less,1520,5,21,1,0,997.65,0,0,0
HG04497,43,63900,2,1,0,West,Some college/associate,2140,0,0,103,0,895.6,1,0,0
HG04498,29,131000,6,4,1,South,Bachelor's,2640,16,53,0,0,1392.4,1,1,196.46
HG04499,46,73700,3,1,0,South,Some college/associate,1100,15,39,1,0,935.04,0,1,198.3
HG04500,48,198300,4,1,0,West,Some college/associate,1520,11,48,0,0,1391.19,1,1,219.67
HG04501,64,51300,2,1,1,Midwest,Bachelor's,1460,4,7,4,0,1142.6,0,0,0
HG04502,35,94900,2,1,0,Midwest,Bachelor's,910,18,41,0,0,738.91,1,0,0
HG04503,52,219200,2,0,1,South,Some college/associate,3010,10,36,10,0,1216.36,0,0,0
HG04504,62,39200,4,0,1,South,Some college/associate,2670,0,0,68,0,1023,0,0,0
HG04505,63,58300,4,0,0,Midwest,Some college/associate,2020,0,0,66,0,831.61,1,0,0
HG04506,38,142700,1,0,1,South,Bachelor's,1220,11,58,9,0,852.12,1,0,0
HG04507,56,54400,2,0,1,South,High school or less,1540,6,16,5,0,1070.1,1,0,0
HG04508,52,86900,2,0,1,South,Graduate,1330,14,41,0,0,1077.1,0,0,0
HG04509,61,167000,2,0,1,West,Graduate,1990,5,35,6,0,1143.46,0,0,0
HG04510,37,111500,3,1,0,West,Graduate,2600,0,0,51,0,1178.76,0,0,0
HG04511,33,78300,1,0,1,West,Some college/associate,1710,3,7,0,0,796.69,0,1,51.27
HG04512,48,116100,3,2,0,West,Bachelor's,1700,3,13,0,0,1200.18,0,0,0
HG04513,44,112200,5,1,0,Midwest,Some college/associate,2200,12,35,1,0,1364.37,0,1,144.85
HG04514,50,108800,4,2,1,West,Bachelor's,1480,3,9,5,0,1310.19,1,0,0
HG04515,44,117300,6,2,1,South,Graduate,3170,5,19,4,0,1436.08,1,0,0
HG04516,30,52500,1,0,0,South,Some college/associate,1140,14,29,2,0.444444444,688.55,1,0,0
HG04517,51,101400,4,0,0,Northeast,Graduate,3000,0,0,42,0,866.71,0,0,0
HG04518,25,70500,2,0,0,Midwest,Some college/associate,1030,6,9,4,0,659.79,0,0,0
HG04519,45,36200,5,3,1,Midwest,High school or less,,0,0,54,0,1072.8,1,0,0
HG04520,44,138600,3,2,0,Midwest,Bachelor's,1920,7,26,4,0,1393.19,1,1,208.46
HG04521,52,69400,3,1,1,South,Bachelor's,3030,0,0,88,0,1177.19,1,0,0
HG04522,72,65700,2,0,1,South,Some college/associate,,8,24,3,0,760.09,1,0,0
HG04523,34,90500,2,0,0,Midwest,Some college/associate,1220,5,11,1,0,982.14,0,0,0
HG04524,54,169500,3,0,1,South,Some college/associate,2180,9,24,1,0,1391.63,0,1,142.92
HG04525,54,33000,6,1,0,South,High school or less,1660,5,22,1,0.304347826,1016.39,0,0,0
HG04526,56,26800,2,0,0,South,Some college/associate,890,12,41,2,0,754.06,1,0,0
HG04527,53,51800,1,0,1,Northeast,High school or less,1060,10,39,0,0.583333333,1034.31,1,0,0
HG04528,37,49000,1,0,1,Northeast,High school or less,1910,0,0,62,0,773.84,1,0,0
HG04529,34,81200,4,1,1,West,High school or less,2050,10,31,2,0,1125.89,1,1,122.32
HG04530,44,149100,2,1,1,Northeast,Graduate,3240,0,0,93,0,1277.35,1,0,0
HG04531,50,326800,5,2,1,Midwest,Bachelor's,3470,9,21,5,0,1550.66,0,0,0
HG04532,36,50000,1,0,1,Midwest,Some college/associate,850,5,18,7,0.533333333,1078.79,0,0,0
HG04533,54,85000,3,0,1,South,Bachelor's,2590,0,0,50,0,1331.97,1,0,0
HG04534,42,113900,4,0,0,South,Graduate,2940,10,20,1,0,1239.24,0,0,0
HG04535,34,67400,5,2,0,West,High school or less,1660,10,22,1,0,1004.38,1,0,0
HG04536,35,73500,4,2,1,West,High school or less,2510,0,0,79,0,1257.62,1,0,0
HG04537,41,103000,1,0,1,West,Some college/associate,1080,5,9,0,0,833.95,1,0,0
HG04538,34,47300,1,0,0,Midwest,Some college/associate,1220,5,10,6,0,601.77,1,0,0
HG04539,41,115500,2,0,0,Northeast,Some college/associate,1660,4,12,9,0,1107.06,1,0,0
HG04540,58,152600,1,0,1,Northeast,Bachelor's,1870,7,14,3,0.444444444,1225.4,1,1,190.26
HG04541,47,90400,2,1,1,South,Bachelor's,2600,0,0,73,0,1123.69,1,1,371.37
HG04542,56,135800,4,0,1,South,Bachelor's,1590,18,54,1,0,1154.27,1,1,121.92
HG04543,37,49000,1,0,0,West,Bachelor's,1410,6,14,6,0.375,932.11,1,1,50.98
HG04544,59,69800,4,1,0,Midwest,Bachelor's,1870,0,0,70,0,809.21,1,0,0
HG04545,66,88500,2,0,0,Midwest,Some college/associate,1620,9,43,5,0,885.22,1,0,0
HG04546,77,56900,1,0,1,Northeast,High school or less,1650,4,7,5,0.111111111,823.82,0,0,0
HG04547,54,102600,6,0,1,West,Some college/associate,3870,4,11,7,0,1181.6,1,0,0
HG04548,30,36600,4,1,0,Midwest,High school or less,1730,0,0,76,0,891.42,0,0,0
HG04549,41,30000,4,2,1,Midwest,High school or less,2280,0,0,104,0,1370.48,0,1,383.7
HG04550,33,34600,4,1,0,South,High school or less,2200,0,0,66,0,890.78,0,0,0
HG04551,54,111400,4,1,1,West,Bachelor's,1660,3,11,0,0,1065.9,1,0,0
HG04552,37,62800,3,1,0,South,High school or less,900,10,39,2,0,712.31,1,0,0
HG04553,57,87900,2,0,0,West,Graduate,1930,0,0,58,0,1132.32,1,0,0
HG04554,50,132100,4,1,0,Midwest,Bachelor's,1840,9,33,2,0,902.24,0,0,0
HG04555,71,173200,2,0,1,Midwest,Bachelor's,1820,13,28,0,0,1251.07,1,1,215.97
HG04556,63,315000,5,1,1,South,Graduate,4170,6,11,5,0,1826.29,1,1,330.75
HG04557,19,118100,3,0,1,West,Some college/associate,2290,24,61,0,0,1314.12,0,0,0
HG04558,52,122300,3,1,1,Northeast,Bachelor's,2830,7,28,7,0,1023.87,1,0,0
HG04559,27,83800,2,1,0,Midwest,Some college/associate,910,15,34,0,0,799.95,1,0,0
HG04560,52,51700,1,0,1,South,Some college/associate,1960,0,0,99,0,1004.49,1,0,0
HG04561,54,101600,2,0,1,West,Bachelor's,1870,6,9,0,0,725.27,0,0,0
HG04562,21,34000,2,0,0,South,High school or less,1140,0,0,71,0,746.81,1,0,0
HG04563,34,35700,4,3,0,South,High school or less,1500,0,0,80,0,912.48,1,0,0
HG04564,48,100100,1,0,1,Midwest,Bachelor's,1260,8,41,3,0,854.87,0,0,0
HG04565,42,43000,1,0,1,South,Some college/associate,1060,0,0,64,0,1019.65,1,0,0
HG04566,65,122400,2,0,1,South,Graduate,1930,5,9,3,0,1222.72,1,0,0
HG04567,32,26800,2,0,1,West,High school or less,1270,5,12,4,0,760.7,0,0,0
HG04568,35,98700,1,0,1,Northeast,Graduate,1150,11,25,2,0,1072.4,1,0,0
HG04569,53,89500,3,0,0,Midwest,Bachelor's,1880,0,0,119,0,1065.79,1,0,0
HG04570,40,56700,2,0,1,West,High school or less,1070,6,19,18,0,723.91,0,0,0
HG04571,32,36600,4,1,1,South,Some college/associate,,0,0,48,0,953.18,0,0,0
HG04572,53,,2,0,1,Midwest,Some college/associate,1400,4,17,8,0,896.42,1,0,0
HG04573,38,142100,2,0,0,South,Bachelor's,1280,8,16,5,0,940.27,1,1,115.21
HG04574,55,78300,3,1,1,Northeast,Graduate,1380,0,0,82,0,1057.73,0,0,0
HG04575,59,180000,2,0,1,South,Bachelor's,1690,6,27,8,0,1198.96,1,0,0
HG04576,36,19100,2,1,1,West,High school or less,1410,0,0,58,0,888.11,0,0,0
HG04577,23,71200,2,0,1,South,Some college/associate,1250,7,27,0,0,993.11,1,0,0
HG04578,38,48700,3,1,1,West,Some college/associate,1570,0,0,52,0,1024.03,1,0,0
HG04579,59,86700,1,0,1,West,Some college/associate,1850,7,21,0,0,1089.17,1,1,111.86
HG04580,44,198000,3,2,0,South,Bachelor's,2230,8,16,0,0,1290.93,1,0,0
HG04581,44,77200,4,2,0,South,High school or less,1600,10,18,1,0,961.85,1,0,0
HG04582,70,134800,1,0,1,Midwest,Graduate,1410,4,10,0,0,1359.19,1,1,107.51
HG04583,36,209200,4,2,0,South,Graduate,2230,3,8,1,0,1309.6,1,0,0
HG04584,67,224100,6,0,1,South,Graduate,4960,0,0,40,0,1546.43,1,0,0
HG04585,51,162000,2,1,1,West,Some college/associate,1980,15,34,0,0.7,1381.98,1,1,118.23
HG04586,68,184100,3,0,1,Midwest,Bachelor's,1670,14,38,0,0,1214.98,1,0,0
HG04587,48,86500,4,3,1,Midwest,Some college/associate,2740,0,0,53,0,916.16,0,0,0
HG04588,31,58100,3,0,1,West,Bachelor's,2440,0,0,54,0,819.6,1,0,0
HG04589,51,95300,2,0,0,South,Some college/associate,2020,0,0,72,0,1049.5,1,1,40.92
HG04590,34,124500,6,1,1,West,Bachelor's,3420,4,12,15,0,1366.33,0,0,0
HG04591,42,104100,1,0,1,South,Graduate,1350,5,23,8,0,1216.63,0,0,0
HG04592,53,71900,3,1,0,South,Some college/associate,2530,0,0,123,0,820.9,1,0,0
HG04593,72,122100,1,0,1,West,Bachelor's,1100,9,34,0,0,1178.31,1,0,0
HG04594,52,89800,2,0,0,South,Bachelor's,1210,0,0,157,0,924.17,0,0,0
HG04595,23,86700,4,0,0,South,High school or less,2270,9,18,2,0,824.05,1,0,0
HG04596,54,70000,4,0,1,Midwest,High school or less,2200,10,32,2,0,1030.12,0,0,0
HG04597,43,119600,1,0,1,West,Graduate,1400,8,35,3,0,1162.07,1,0,0
HG04598,55,193800,3,0,0,South,Bachelor's,2060,7,13,0,0,1216.9,1,0,0
HG04599,52,64200,3,0,0,South,Some college/associate,1520,13,33,2,0.4,893.02,0,0,0
HG04600,41,30700,2,1,1,Northeast,Some college/associate,1610,0,0,44,0,993.54,0,0,0
HG04601,62,71800,1,0,1,South,Bachelor's,880,13,40,0,0.375,935.45,1,0,0
HG04602,52,160700,4,2,1,South,Graduate,2320,11,43,1,0,1246.64,0,1,255.63
HG04603,41,47900,1,0,1,Midwest,Some college/associate,1600,2,2,16,0.444444444,914.14,1,0,0
HG04604,46,91900,2,1,0,Midwest,Bachelor's,1580,12,37,0,0,1223.42,0,1,175.8
HG04605,43,30400,4,0,1,South,Some college/associate,870,11,34,2,0,1071.37,1,1,242.33
HG04606,54,128200,2,1,0,West,Graduate,1810,5,10,15,0,942.07,1,0,0
HG04607,35,187800,3,2,1,South,Some college/associate,2110,11,22,3,0,1612.53,1,1,329.74
HG04608,43,98900,2,1,1,Midwest,Some college/associate,1920,7,21,2,0,1125.64,1,1,157.45
HG04609,76,68600,2,0,1,West,Bachelor's,700,24,83,1,0,889.57,1,0,0
HG04610,43,178400,1,0,1,Midwest,High school or less,1480,11,33,8,0,935.62,0,0,0
HG04611,46,160400,1,0,0,South,Graduate,2440,5,14,8,0.333333333,1151.08,0,0,0
HG04612,58,117100,3,0,1,Midwest,Some college/associate,1060,9,25,7,0,1251.9,0,1,181.58
HG04613,57,74400,2,0,0,West,High school or less,2000,9,33,0,0,823.81,1,0,0
HG04614,57,60400,4,1,1,Northeast,Some college/associate,2670,0,0,165,0,939.2,1,0,0
HG04615,53,201900,4,1,1,West,Bachelor's,3810,12,21,0,0,1479.84,1,0,0
HG04616,39,54500,3,1,0,South,Graduate,1860,0,0,64,0,1369.24,0,0,0
HG04617,36,117400,2,0,1,Northeast,Bachelor's,1830,11,45,2,0,896.09,1,0,0
HG04618,42,102300,4,1,1,South,Graduate,3040,0,0,43,0,1328.64,0,0,0
HG04619,40,56600,3,0,0,West,Some college/associate,1260,0,0,69,0,708.92,1,1,28.68
HG04620,36,58400,1,0,1,South,High school or less,2140,4,11,3,0,946.5,0,1,231.63
HG04621,51,51800,1,0,0,Midwest,High school or less,1320,0,0,59,0,770.24,0,0,0
HG04622,30,53700,3,1,1,West,Some college/associate,1750,2,6,14,0,868.17,1,0,0
HG04623,46,138200,2,1,1,South,Graduate,2370,0,0,75,0,1233.4,1,0,0
HG04624,31,32800,3,1,0,Northeast,Some college/associate,1460,0,0,66,0,1103.68,1,0,0
HG04625,50,76700,1,0,1,Northeast,High school or less,930,7,32,0,0.222222222,793.59,1,0,0
HG04626,40,89200,4,2,0,South,High school or less,2140,8,25,1,0,837.74,0,0,0
HG04627,38,163800,4,2,1,West,Some college/associate,2750,11,30,2,0,1117.97,0,0,0
HG04628,57,145200,2,0,1,Northeast,Graduate,2550,5,19,16,0,1180.37,0,0,0
HG04629,57,87000,2,0,1,Northeast,Graduate,,10,32,1,0,962.51,1,0,0
HG04630,30,185900,2,1,1,Midwest,Bachelor's,2530,6,19,4,0,1310.01,1,0,0
HG04631,51,32300,2,0,0,Northeast,High school or less,940,5,11,10,0,606.79,0,0,0
HG04632,26,85500,3,1,0,West,Bachelor's,1230,16,43,3,0,874.53,1,0,0
HG04633,36,205200,1,0,1,Midwest,Graduate,1850,4,18,7,0,1155.54,0,0,0
HG04634,59,,2,0,1,Northeast,Bachelor's,2020,0,0,85,0,1168.24,1,0,0
HG04635,52,106700,4,2,1,Northeast,Bachelor's,2340,15,45,4,0,875.46,1,0,0
HG04636,33,72400,2,0,1,Northeast,High school or less,1530,5,12,8,0,1041.54,0,0,0
HG04637,45,50700,3,1,0,Midwest,Some college/associate,1890,0,0,73,0,978.34,1,0,0
HG04638,33,58600,2,0,1,Northeast,Bachelor's,3910,0,0,57,0,786.9,0,0,0
HG04639,55,51000,2,0,1,South,High school or less,2500,6,31,6,0,807.55,0,0,0
HG04640,56,99500,1,0,0,Midwest,Some college/associate,1430,7,11,3,0,809.41,1,0,0
HG04641,33,78500,1,0,0,Northeast,Bachelor's,1050,5,19,5,0,1163.51,1,0,0
HG04642,52,179000,2,0,1,Northeast,Bachelor's,1540,10,33,0,0,1216.53,1,0,0
HG04643,36,84200,3,1,0,South,Some college/associate,1370,10,25,2,0,1164.26,0,0,0
HG04644,58,209100,2,0,1,South,Bachelor's,1330,8,18,3,0,1234.29,0,0,0
HG04645,31,38800,1,0,1,South,Some college/associate,1130,0,0,64,0,735.19,0,0,0
HG04646,47,28600,3,1,1,South,High school or less,820,7,22,3,0,643.49,0,0,0
HG04647,44,99100,3,0,1,West,Some college/associate,2830,11,21,0,0,1034.38,1,1,160.1
HG04648,48,58900,2,1,0,West,Some college/associate,1260,8,24,14,0,999.8,0,0,0
HG04649,46,120500,2,0,1,Northeast,Bachelor's,1940,9,31,0,0,1169.98,1,1,87.48
HG04650,55,60900,6,0,0,South,Some college/associate,1870,10,20,3,0,1206.94,1,1,168.01
HG04651,38,37800,3,0,0,Northeast,High school or less,2370,0,0,59,0,791.29,0,0,0
HG04652,24,37500,2,0,0,Midwest,High school or less,,14,29,3,0,589.61,0,0,0
HG04653,54,76400,1,0,1,Northeast,Bachelor's,1480,4,10,2,0.5,878.92,1,0,0
HG04654,34,88200,2,0,0,West,Bachelor's,840,25,57,0,0,923.49,0,0,0
HG04655,49,41200,2,0,1,West,Some college/associate,770,13,38,0,0,793.74,1,0,0
HG04656,49,244400,2,0,1,Northeast,Bachelor's,1860,9,20,2,0,1583.82,0,0,0
HG04657,54,35600,3,0,1,South,Some college/associate,1790,0,0,105,0,949.32,0,1,58.87
HG04658,27,38600,1,0,0,Midwest,High school or less,1060,2,5,2,0.166666667,856.96,0,0,0
HG04659,60,61000,2,0,0,Northeast,Some college/associate,2020,3,5,1,0.416666667,1031.21,0,0,0
HG04660,21,34100,4,0,1,West,High school or less,1240,10,32,0,0,968.49,0,1,228.08
HG04661,34,96100,2,0,0,West,Bachelor's,2010,6,15,2,0,1028.64,1,0,0
HG04662,41,55000,1,0,0,South,High school or less,,6,18,6,0,643.89,1,0,0
HG04663,39,48000,2,0,0,South,Graduate,1690,5,13,9,0.125,982.78,1,0,0
HG04664,30,84300,2,0,1,South,Some college/associate,1230,7,29,4,0,944.45,0,0,0
HG04665,67,,5,0,0,West,Some college/associate,1980,5,17,0,0,815.45,1,0,0
HG04666,25,123700,4,1,1,South,Bachelor's,1050,11,34,2,0,1186.16,1,1,617.43
HG04667,40,60300,1,0,0,West,Some college/associate,1180,7,22,0,0,708.28,0,0,0
HG04668,29,82200,5,1,1,South,High school or less,1780,9,35,0,0,877.41,0,0,0
HG04669,19,113500,2,1,0,South,Some college/associate,1550,9,47,4,0,845.15,1,0,0
HG04670,46,104400,3,2,1,South,Bachelor's,1660,11,27,0,0,1453.63,1,1,163.97
HG04671,72,112000,1,0,1,Northeast,Some college/associate,1060,5,9,5,0.434782609,793.55,0,0,0
HG04672,23,50000,1,0,1,South,High school or less,1800,9,21,7,0,960.7,0,0,0
HG04673,50,59600,1,0,0,Midwest,High school or less,1360,5,17,1,0.4,861.87,0,0,0
HG04674,52,46000,6,1,1,South,High school or less,3030,0,0,45,0,744.23,1,0,0
HG04675,41,,6,2,1,Midwest,Some college/associate,3440,0,0,86,0,1420.51,1,0,0
HG04676,37,73700,6,2,1,South,High school or less,2270,11,14,5,0,1528.76,0,0,0
HG04677,41,39100,2,1,1,South,High school or less,1550,0,0,75,0,683.71,0,0,0
HG04678,20,35200,3,0,1,Northeast,Some college/associate,2510,0,0,52,0,877.44,1,0,0
HG04679,49,119400,2,0,0,South,Graduate,1550,19,45,0,0.294117647,992.66,1,0,0
HG04680,62,83400,1,0,0,Northeast,Graduate,1040,10,22,1,0.052631579,945.24,0,0,0
HG04681,64,52100,1,0,1,West,High school or less,1490,6,30,15,0,771.64,1,0,0
HG04682,39,99600,1,0,1,Northeast,High school or less,1360,8,25,0,0,797.24,1,1,101.13
HG04683,46,161200,2,1,0,West,Some college/associate,1710,6,17,0,0,1186.25,0,0,0
HG04684,40,71800,1,0,0,South,Some college/associate,1260,4,12,3,0,563.86,1,0,0
HG04685,65,179900,1,0,0,Northeast,Graduate,1400,9,37,2,0.227272727,1252.95,1,0,0
HG04686,40,29900,2,0,0,South,High school or less,730,8,29,1,0,823.47,1,0,0
HG04687,37,28000,1,0,1,Midwest,Some college/associate,1210,8,20,2,0,595.56,0,0,0
HG04688,61,93000,2,0,1,West,Bachelor's,1510,0,0,181,0,824.22,0,0,0
HG04689,52,108900,2,1,1,South,Some college/associate,1370,8,23,0,0,908.5,1,0,0
HG04690,37,61500,1,0,1,Midwest,Some college/associate,1390,3,9,9,0,603.21,1,0,0
HG04691,32,133800,2,1,0,Midwest,Some college/associate,1540,4,15,0,0,993.29,1,0,0
HG04692,46,81700,3,1,0,South,Some college/associate,1830,14,50,0,0,834.29,0,0,0
HG04693,45,201000,4,1,1,South,Bachelor's,2920,7,17,1,0,1357.71,1,0,0
HG04694,28,40100,3,0,1,South,High school or less,1570,0,0,96,0,838.51,0,0,0
HG04695,61,64200,3,0,1,South,Bachelor's,1200,14,64,0,0.307692308,1244.36,1,0,0
HG04696,30,40800,2,1,1,Northeast,Bachelor's,2070,0,0,101,0.291666667,645.45,0,0,0
HG04697,64,40100,1,0,0,Midwest,High school or less,780,2,4,18,0,727.84,0,0,0
HG04698,19,82800,1,0,0,South,Some college/associate,990,7,21,2,0,851.88,1,0,0
HG04699,37,264500,2,1,1,Midwest,Bachelor's,2650,13,16,0,0,1265.85,1,1,126.86
HG04700,22,58700,5,1,1,South,Bachelor's,5000,0,0,63,0,1057.69,0,0,0
HG04701,35,104300,3,1,1,Midwest,Bachelor's,1670,8,25,7,0,1064.59,0,0,0
HG04702,50,69400,2,0,0,South,Some college/associate,1980,11,64,3,0,924.77,1,0,0
HG04703,37,48700,3,1,1,West,High school or less,1690,0,0,90,0,820.07,0,0,0
HG04704,25,37100,6,2,0,South,High school or less,2500,3,11,4,0,1136.68,1,0,0
HG04705,22,16900,4,1,1,South,High school or less,1040,20,64,0,0,1066.23,1,1,171.29
HG04706,64,104000,2,0,1,West,Graduate,2020,3,14,1,0,1146.52,1,0,0
HG04707,34,133000,2,0,1,South,Graduate,1720,9,23,8,0,1147.68,1,1,71.29
HG04708,60,42800,2,0,0,West,High school or less,1400,0,0,68,0,783.58,1,1,61.86
HG04709,39,45200,4,1,1,Midwest,High school or less,1510,8,19,5,0,1041.49,1,0,0
HG04710,46,105400,2,1,1,South,Bachelor's,1470,5,13,9,0,844.21,1,0,0
HG04711,54,54100,1,0,0,Midwest,High school or less,770,3,5,8,0.4,822.49,1,1,123.18
HG04712,33,97500,3,1,0,South,Some college/associate,2010,11,26,0,0,1104.46,1,0,0
HG04713,50,202600,3,1,1,West,Graduate,3270,6,21,7,0,1473.98,1,0,0
HG04714,62,28700,3,0,1,Midwest,High school or less,930,4,5,14,0,1114.61,0,1,88.67
HG04715,40,106600,4,0,0,South,Some college/associate,2930,7,17,3,0,1045.93,0,0,0
HG04716,52,106100,2,1,1,West,High school or less,2030,4,14,18,0,1242.02,0,0,0
HG04717,24,58700,3,0,0,West,Some college/associate,880,9,31,2,0,924.5,0,1,209.92
HG04718,38,82700,2,1,1,South,High school or less,,11,36,3,0,894.53,0,0,0
HG04719,35,31900,2,0,1,Northeast,High school or less,950,0,0,64,0,1002.33,1,0,0
HG04720,66,94400,3,0,0,Midwest,Graduate,1880,0,0,41,0,930.47,1,0,0
HG04721,55,47800,2,0,1,South,High school or less,1310,11,45,0,0,859.62,0,0,0
HG04722,37,138600,4,3,1,South,Some college/associate,1540,10,20,1,0,1220.33,1,1,213.03
HG04723,57,141000,2,0,1,West,High school or less,1550,7,23,12,0,1044.27,1,1,54.97
HG04724,55,88500,5,3,0,Midwest,Bachelor's,2210,2,5,0,0,1190.64,0,1,158.02
HG04725,54,108600,2,0,1,West,Some college/associate,1380,4,12,5,0,808.78,1,0,0
HG04726,68,53900,6,0,0,South,Some college/associate,1750,8,23,0,0,915.89,0,0,0
HG04727,68,250900,2,0,1,Northeast,Graduate,2380,4,2,3,0,1521.88,0,0,0
HG04728,39,65000,2,0,1,Midwest,Some college/associate,3150,0,0,66,0,952.47,0,0,0
HG04729,57,93300,4,0,1,South,Some college/associate,3130,13,35,0,0,925.98,0,0,0
HG04730,65,60800,5,0,1,West,Bachelor's,3330,0,0,59,0,1054.63,1,0,0
HG04731,55,49500,2,0,1,West,High school or less,1280,8,29,4,0,744.26,1,0,0
HG04732,37,41400,2,1,0,South,Some college/associate,1270,0,0,46,0,858.65,0,0,0
HG04733,36,103600,6,2,0,Midwest,Some college/associate,,8,24,1,0,1233.83,1,0,0
HG04734,44,,4,1,1,South,Graduate,1160,16,63,2,0,1483.97,1,0,0
HG04735,28,40600,3,1,0,West,High school or less,1440,6,16,7,0,899.19,0,0,0
HG04736,33,39800,3,2,1,West,High school or less,3240,0,0,80,0,947.64,1,0,0
HG04737,69,141800,1,0,1,Midwest,Some college/associate,1770,4,15,6,0.411764706,1080.95,0,0,0
HG04738,62,87200,4,0,1,South,Some college/associate,2200,5,17,11,0,978.66,1,0,0
HG04739,41,117000,1,0,1,Midwest,Bachelor's,1250,4,10,0,0,994.97,0,1,52.79
HG04740,50,133900,2,1,0,West,Bachelor's,2060,8,21,5,0,830.59,0,0,0
HG04741,40,75300,1,0,1,South,Bachelor's,1210,3,7,5,0,901.18,0,0,0
HG04742,24,119400,5,0,1,West,Some college/associate,2370,15,53,0,0,993.09,0,1,713.3
HG04743,54,62000,1,0,1,West,High school or less,1260,3,12,0,0,655.41,0,0,0
HG04744,60,69500,3,0,0,South,Some college/associate,2790,0,0,157,0,773.54,0,0,0
HG04745,42,57500,4,2,0,Northeast,High school or less,1190,0,0,62,0,1001.11,1,0,0
HG04746,39,69100,2,1,0,West,High school or less,1130,6,27,2,0,641.01,0,0,0
HG04747,51,137400,1,0,0,West,Bachelor's,1110,8,15,3,0,1164.15,0,0,0
HG04748,46,69100,5,3,1,West,Bachelor's,2850,0,0,58,0,1129.3,1,0,0
HG04749,46,63900,1,0,0,West,Graduate,1040,1,2,3,0.058823529,760.62,1,0,0
HG04750,63,42700,1,0,0,South,Some college/associate,620,7,33,6,0,773.31,0,0,0
HG04751,34,56700,1,0,1,South,Some college/associate,1090,0,0,65,0,794.05,0,0,0
HG04752,67,247400,4,1,1,Midwest,Graduate,1900,7,28,4,0,1663.12,1,1,94.03
HG04753,41,93500,2,1,1,South,Some college/associate,3130,9,30,3,0,1048.54,1,0,0
HG04754,37,59700,3,1,1,West,Graduate,1940,0,0,47,0,985.77,0,0,0
HG04755,49,114300,1,0,1,Northeast,Bachelor's,,5,15,0,0,1255.68,0,1,145.08
HG04756,56,194900,4,1,1,South,Graduate,3460,10,30,0,0,1288.49,1,0,0
HG04757,31,64400,2,1,1,South,Graduate,1560,0,0,71,0,848.08,0,0,0
HG04758,42,98400,2,1,0,Midwest,Some college/associate,950,3,7,3,0,635.48,1,0,0
HG04759,45,79600,4,0,1,South,Some college/associate,1810,5,12,4,0,1279.37,1,0,0
HG04760,63,109800,1,0,1,Northeast,Bachelor's,1100,9,17,0,0.263157895,1142.22,1,0,0
HG04761,18,61500,1,0,1,Midwest,Some college/associate,1790,11,24,2,0.166666667,978.33,1,0,0
HG04762,29,107800,3,1,1,South,High school or less,2050,3,15,16,0,1097.58,0,0,0
HG04763,56,65200,2,1,1,West,Some college/associate,1110,12,21,6,0,784.24,1,0,0
HG04764,51,168400,4,2,1,Northeast,Graduate,3160,13,37,2,0,1032.25,1,1,91.09
HG04765,26,58700,3,1,0,West,Some college/associate,1500,0,0,67,0,1208.37,0,0,0
HG04766,63,128400,1,0,1,West,Graduate,1060,9,33,5,0.421052632,1261.46,0,0,0
HG04767,34,50000,2,1,1,West,Some college/associate,1710,6,12,5,0,893.34,1,1,166.78
HG04768,68,184900,6,0,1,Northeast,Graduate,5000,4,18,1,0.083333333,1487.22,0,0,0
HG04769,22,62600,5,1,1,Midwest,Some college/associate,2460,7,18,0,0,968.27,0,1,84.09
HG04770,35,138600,4,1,1,West,Graduate,2860,4,19,7,0,1411.35,0,0,0
HG04771,42,135000,2,0,1,West,Bachelor's,1580,5,7,7,0,1043.72,1,0,0
HG04772,41,64700,2,0,0,West,Some college/associate,1130,8,24,4,0,693.82,1,0,0
HG04773,38,43500,2,1,0,South,Some college/associate,1300,0,0,74,0,763.85,0,0,0
HG04774,46,23700,5,1,1,West,High school or less,2200,0,0,104,0,975.27,1,0,0
HG04775,48,100600,6,1,1,Northeast,Bachelor's,2540,12,46,3,0,1366.54,0,0,0
HG04776,61,128800,2,0,1,Midwest,Graduate,2440,4,9,4,0,1208.01,0,1,148.1
HG04777,44,105700,3,1,1,Northeast,Bachelor's,2060,10,21,0,0,876.03,0,0,0
HG04778,66,127600,2,0,1,South,Some college/associate,1520,4,11,10,0,919.82,0,0,0
HG04779,47,112500,3,1,1,South,Bachelor's,1720,10,28,4,0,1187.02,0,0,0
HG04780,49,43500,2,0,1,Northeast,High school or less,1580,3,7,17,0.25,519.33,1,0,0
HG04781,23,58600,4,0,0,West,High school or less,1280,14,52,0,0,737.95,0,0,0
HG04782,40,105300,3,0,1,Northeast,Bachelor's,2170,8,20,6,0,990.53,0,0,0
HG04783,54,145000,3,1,0,South,Graduate,1950,11,25,1,0,1149.81,0,0,0
HG04784,55,59500,2,0,1,West,Bachelor's,920,7,15,0,0.421052632,1059.83,0,0,0
HG04785,41,145000,2,0,1,West,Bachelor's,1800,9,29,2,0,1235.89,1,0,0
HG04786,27,119600,4,1,0,Midwest,Bachelor's,2300,19,56,0,0,1007.96,1,0,0
HG04787,32,17500,6,2,0,Midwest,High school or less,1890,0,0,75,0,731.26,0,0,0
HG04788,52,259700,2,1,1,West,Graduate,2410,7,16,2,0,1361.78,1,0,0
HG04789,30,59800,4,0,0,West,Some college/associate,1890,0,0,92,0,1060.52,1,0,0
HG04790,44,29400,1,0,1,Northeast,High school or less,1130,0,0,65,0,521.94,0,0,0
HG04791,54,69500,2,0,0,Northeast,Some college/associate,1440,7,29,9,0.454545455,733.05,0,0,0
HG04792,33,,3,0,1,Northeast,Bachelor's,2570,9,34,2,0,1049.91,0,0,0
HG04793,58,,2,0,1,Midwest,Bachelor's,2720,2,3,11,0,1104.94,0,1,55.69
HG04794,32,70700,2,0,0,South,Graduate,1460,0,0,56,0,972.39,0,0,0
HG04795,55,129200,4,2,1,Midwest,Graduate,2330,0,0,132,0,1451.76,1,0,0
HG04796,58,64200,6,1,1,South,Some college/associate,3020,11,24,2,0,978.14,0,0,0
HG04797,55,107600,1,0,1,West,Some college/associate,1960,7,23,1,0,1008.09,0,0,0
HG04798,46,64000,3,2,1,South,High school or less,2300,0,0,58,0,955.45,0,0,0
HG04799,52,32200,4,0,0,South,Some college/associate,1800,0,0,79,0,692.33,1,0,0
HG04800,50,84900,1,0,1,West,Some college/associate,1480,4,14,0,0,960.81,0,0,0
HG04801,26,85100,1,0,1,Midwest,Some college/associate,1260,8,16,0,0,809.67,0,1,79.8
HG04802,63,91800,4,1,1,West,Some college/associate,3020,0,0,79,0,1210.37,0,0,0
HG04803,48,76000,5,2,1,South,Some college/associate,2930,0,0,74,0,1138.47,1,1,70.77
HG04804,49,83000,6,3,1,West,Graduate,3170,0,0,53,0,1102.78,1,0,0
HG04805,37,108200,4,0,1,Northeast,Some college/associate,1860,5,8,4,0,1149.33,1,0,0
HG04806,60,93100,2,0,1,Midwest,Graduate,1210,10,22,0,0,861.47,0,0,0
HG04807,35,27800,1,0,1,West,High school or less,780,9,22,0,0,943.08,1,0,0
HG04808,48,82400,1,0,1,Northeast,Bachelor's,1860,4,7,2,0,1066.52,0,1,52.06
HG04809,52,87600,2,1,1,Northeast,Bachelor's,1770,4,12,9,0.166666667,831.47,1,0,0
HG04810,56,166400,2,0,1,South,Graduate,2380,8,22,9,0,1068.99,1,0,0
HG04811,53,91300,2,0,1,Northeast,Bachelor's,1710,9,36,0,0,1196.65,1,1,142.85
HG04812,50,80200,2,0,1,Northeast,Bachelor's,2140,0,0,119,0,1116.24,0,0,0
HG04813,28,25200,2,1,0,South,High school or less,,0,0,51,0,617.2,0,1,30.19
HG04814,35,60600,1,0,0,West,High school or less,890,2,3,6,0,823.58,1,1,158.35
HG04815,41,52400,4,2,1,South,Bachelor's,2350,0,0,71,0,665.17,1,0,0
HG04816,58,90100,5,0,1,Midwest,Bachelor's,2970,1,4,22,0,1226.18,1,1,193.92
HG04817,57,203300,3,1,0,South,Graduate,1820,28,97,0,0,1071,1,1,116.32
HG04818,50,51800,2,1,0,West,High school or less,1360,6,14,8,0,613.25,1,0,0
HG04819,61,114500,4,1,1,Midwest,Some college/associate,3320,6,20,2,0,1693.45,1,1,466.53
HG04820,46,73700,2,0,1,Midwest,Some college/associate,1610,4,6,9,0,1096.79,0,0,0
HG04821,48,30600,2,1,0,South,High school or less,1280,0,0,93,0,962.19,1,0,0
HG04822,28,57900,1,0,0,Midwest,Some college/associate,1180,6,13,5,0,477.33,1,0,0
HG04823,36,42600,4,2,1,West,Some college/associate,1640,2,8,3,0,973.1,1,0,0
HG04824,39,114000,1,0,1,Midwest,Some college/associate,1580,6,15,0,0,844.74,0,0,0
HG04825,42,103500,4,1,0,West,Bachelor's,2110,9,36,0,0,1184.2,1,0,0
HG04826,26,78600,2,0,0,South,Bachelor's,1290,10,26,0,0,853.38,1,0,0
HG04827,50,85700,1,0,1,Midwest,Bachelor's,1300,16,45,1,0,1097.17,1,1,63.83
HG04828,31,54400,5,2,0,South,High school or less,2130,0,0,100,0,1042.93,1,1,335.5
HG04829,43,102400,3,1,1,Northeast,Some college/associate,1680,6,19,4,0,1043.1,1,1,69
HG04830,40,68800,2,1,1,Northeast,Bachelor's,1680,10,31,6,0,886.78,0,0,0
HG04831,24,125600,3,1,0,South,Some college/associate,1160,10,20,0,0,814.65,0,0,0
HG04832,59,121000,4,0,0,Midwest,Bachelor's,2180,8,22,13,0,1067.38,1,1,86.16
HG04833,71,78400,1,0,0,Northeast,Some college/associate,830,4,10,0,0,750.91,0,0,0
HG04834,67,114000,1,0,1,South,Bachelor's,1390,10,34,5,0,1137.73,1,1,81.01
HG04835,41,102200,3,1,0,South,Some college/associate,1850,3,8,1,0.357142857,879.94,1,0,0
HG04836,53,89600,2,0,1,West,Bachelor's,2330,7,35,2,0,1127.08,0,0,0
HG04837,40,97200,1,0,0,West,High school or less,1220,0,0,111,0.2,1021.67,1,0,0
HG04838,26,50000,1,0,0,West,Some college/associate,1240,3,19,1,0,1029.99,0,0,0
HG04839,36,96500,2,1,0,Northeast,Bachelor's,1720,0,0,47,0,1060.16,1,0,0
HG04840,23,52200,5,1,0,South,High school or less,1470,0,0,47,0,1026.01,0,0,0
HG04841,49,92200,2,0,1,West,Bachelor's,1280,11,26,0,0,1239.39,1,0,0
HG04842,39,89000,2,0,1,West,Bachelor's,1580,14,56,1,0,791.84,0,1,158.65
HG04843,37,38200,3,0,0,South,High school or less,1450,0,0,90,0,833.94,1,0,0
HG04844,39,103100,3,1,1,Midwest,Bachelor's,1250,9,35,1,0,979.01,0,0,0
HG04845,64,56300,1,0,0,West,High school or less,1530,4,13,1,0.333333333,826.44,0,0,0
HG04846,49,140100,2,1,0,West,Some college/associate,1190,12,29,3,0,931.38,0,0,0
HG04847,47,82000,2,1,1,South,Some college/associate,1270,7,22,0,0,1121.47,0,0,0
HG04848,30,100100,1,0,1,South,Some college/associate,1530,3,9,2,0,744.4,1,0,0
HG04849,21,184600,1,0,1,Midwest,Some college/associate,2040,8,22,2,0,1152.22,0,0,0
HG04850,20,73000,1,0,0,Midwest,High school or less,680,19,63,2,0,928.5,0,0,0
HG04851,43,79800,3,2,0,Midwest,Graduate,2180,0,0,41,0,959.48,1,0,0
HG04852,24,246600,2,1,0,South,Bachelor's,2530,6,11,0,0,1339.11,1,0,0
HG04853,52,76400,1,0,1,South,Some college/associate,1290,7,20,0,0,1107.2,0,0,0
HG04854,28,49500,1,0,1,Northeast,Some college/associate,1140,0,0,76,0,501.51,1,0,0
HG04855,27,64700,2,1,0,Midwest,High school or less,,7,11,1,0,780.87,1,1,75.29
HG04856,59,55700,2,0,0,West,High school or less,1360,0,0,55,0,904.78,1,0,0
HG04857,26,79300,1,0,0,South,Some college/associate,1050,15,43,2,0,706.32,0,0,0
HG04858,31,48800,4,3,1,West,Bachelor's,2920,0,0,67,0,956.51,0,0,0
HG04859,45,70000,3,0,1,Midwest,High school or less,1090,10,32,2,0.333333333,828.34,0,0,0
HG04860,38,60700,4,2,1,West,High school or less,2470,0,0,74,0,918.6,1,1,201.06
HG04861,46,58700,2,1,0,South,High school or less,1440,6,27,1,0,779.26,1,0,0
HG04862,58,179400,1,0,1,South,Bachelor's,1940,5,12,1,0,1036.76,1,0,0
HG04863,53,113000,3,0,1,South,Graduate,1820,10,36,3,0,1176.95,1,0,0
HG04864,72,127200,1,0,1,Midwest,Bachelor's,1480,9,32,0,0.272727273,930.81,1,0,0
HG04865,59,64400,2,0,0,West,High school or less,1350,0,0,40,0,851.68,1,0,0
HG04866,70,128300,1,0,1,South,Bachelor's,1580,12,44,1,0,1156.44,1,0,0
HG04867,41,91300,3,1,1,Midwest,High school or less,1860,8,16,7,0,1060.77,0,0,0
HG04868,63,71400,1,0,1,Northeast,High school or less,1180,0,0,178,0,1055.15,1,0,0
HG04869,32,122300,4,0,0,South,Bachelor's,2740,11,36,2,0,946.16,1,0,0
HG04870,52,73100,2,0,1,Northeast,Some college/associate,2550,4,4,5,0,913.95,1,0,0
HG04871,33,56800,1,0,0,West,High school or less,1190,8,15,0,0,684.45,1,0,0
HG04872,55,61200,3,0,1,West,Bachelor's,2010,0,0,49,0,1035.2,1,0,0
HG04873,38,104600,3,1,0,South,Some college/associate,1170,9,18,5,0,984.98,1,0,0
HG04874,23,39100,1,0,0,South,High school or less,1100,4,17,10,0,959.59,1,1,96
HG04875,53,231400,5,1,1,South,Graduate,4850,8,22,3,0,1409.44,1,1,357.37
HG04876,68,,3,0,0,Northeast,Graduate,1650,6,25,2,0.333333333,1399.05,1,0,0
HG04877,45,212800,4,1,0,South,Bachelor's,1750,21,60,1,0,1140.18,0,1,122
HG04878,62,57100,1,0,1,Northeast,High school or less,1760,8,23,3,0.266666667,697.21,1,0,0
HG04879,66,84700,1,0,1,Northeast,Some college/associate,2130,4,15,2,0,822.25,0,0,0
HG04880,42,86200,4,1,1,West,Graduate,1580,31,84,2,0,1103.48,0,0,0
HG04881,53,62600,4,0,1,Midwest,High school or less,2200,0,0,95,0,1181.19,1,0,0
HG04882,34,101000,2,0,0,Midwest,Some college/associate,1650,12,33,2,0.391304348,911.93,0,0,0
HG04883,48,43400,4,0,1,South,Some college/associate,4740,0,0,53,0,965.7,1,0,0
HG04884,41,77000,1,0,1,South,High school or less,1370,0,0,82,0,882.46,0,0,0
HG04885,46,52100,2,0,1,Midwest,Graduate,1620,6,21,2,0.5,917.93,1,0,0
HG04886,26,50600,5,3,0,Midwest,High school or less,2620,0,0,60,0,866.84,1,0,0
HG04887,29,40300,3,0,1,Midwest,Some college/associate,1650,9,27,6,0,921.34,0,0,0
HG04888,36,44800,2,0,0,Midwest,High school or less,1030,5,21,5,0,762.47,1,0,0
HG04889,28,35200,2,0,0,South,High school or less,1560,0,0,71,0,641.21,1,0,0
HG04890,59,138400,2,1,0,Midwest,Some college/associate,1700,5,5,2,0,986.37,1,1,138.83
HG04891,33,57100,2,1,1,West,High school or less,1760,7,18,1,0,907.36,1,0,0
HG04892,20,50100,5,0,1,Midwest,High school or less,2920,0,0,70,0,873.8,1,0,0
HG04893,44,51300,2,1,0,South,Some college/associate,940,7,21,1,0,871.19,0,0,0
HG04894,57,34500,4,1,1,South,Some college/associate,1480,0,0,56,0,588.89,0,0,0
HG04895,54,46500,4,0,1,South,High school or less,3390,0,0,47,0,785.2,0,0,0
HG04896,57,222200,3,1,1,South,Graduate,1880,12,41,1,0,1211.95,0,0,0
HG04897,37,211400,2,0,1,Midwest,Bachelor's,2150,7,26,3,0,1359.44,0,0,0
HG04898,53,47300,2,0,1,Midwest,High school or less,1470,3,8,1,0,783.01,0,1,89.78
HG04899,53,109600,3,0,1,South,Some college/associate,1690,8,32,7,0,1096.73,1,1,145.96
HG04900,27,64900,2,1,1,South,High school or less,1800,7,15,13,0,689.82,1,0,0
HG04901,30,153600,4,1,1,Northeast,Bachelor's,2640,7,17,2,0,1288.93,1,0,0
HG04902,30,42900,2,0,0,South,High school or less,1560,0,0,52,0,793.82,1,0,0
HG04903,54,350000,1,0,0,South,Graduate,1460,5,11,11,0,1587.81,1,0,0
HG04904,38,43300,2,1,1,South,Some college/associate,1240,9,23,6,0.583333333,954.39,0,0,0
HG04905,67,229000,1,0,1,West,Graduate,1180,2,4,6,0,1306.8,0,0,0
HG04906,33,151000,5,1,1,Midwest,Bachelor's,2460,12,35,0,0,1150.29,0,0,0
HG04907,50,89200,5,1,1,Midwest,Some college/associate,,10,41,3,0,1186.8,1,1,353.61
HG04908,44,58700,2,0,0,South,High school or less,1200,7,17,1,0,791.7,0,0,0
HG04909,31,86500,2,1,1,Midwest,Some college/associate,2200,0,0,80,0,1017.01,1,0,0
HG04910,44,160200,4,1,1,South,Graduate,3870,0,0,85,0,1260.71,1,0,0
HG04911,52,172200,2,1,1,Northeast,Some college/associate,1530,4,15,3,0,960.01,1,0,0
HG04912,71,51800,1,0,1,Northeast,Bachelor's,2170,3,7,11,0,978.2,1,0,0
HG04913,30,24900,2,1,1,Midwest,High school or less,1380,16,37,0,0,750.29,1,0,0
HG04914,66,93400,2,0,1,South,Bachelor's,1410,0,0,129,0,953.71,1,0,0
HG04915,30,73400,3,2,1,Northeast,Bachelor's,2130,6,21,3,0,1107.62,0,0,0
HG04916,49,85300,4,0,1,South,Some college/associate,1990,10,14,4,0,853.44,0,0,0
HG04917,54,72000,1,0,1,Midwest,High school or less,1770,6,16,6,0.214285714,781.66,0,0,0
HG04918,34,149000,4,2,0,Midwest,Bachelor's,2970,7,18,6,0,1010.32,0,1,72.02
HG04919,52,350000,2,0,1,West,Bachelor's,2070,11,37,1,0,1587.66,1,1,88.54
HG04920,34,44500,2,1,0,South,Bachelor's,1440,0,0,67,0,1131.85,0,0,0
HG04921,22,21900,2,0,0,Midwest,Some college/associate,890,0,0,90,0,664.86,1,0,0
HG04922,35,62800,2,0,0,South,Bachelor's,1210,6,24,2,0,931.34,1,0,0
HG04923,38,27200,3,2,1,South,High school or less,1420,0,0,50,0,876.21,0,0,0
HG04924,33,103200,2,0,1,Northeast,Some college/associate,2020,4,5,3,0,1102.87,1,0,0
HG04925,42,135600,2,0,1,South,Bachelor's,1730,8,12,7,0,1250.99,0,1,214.34
HG04926,62,140500,1,0,1,South,Graduate,1700,7,16,2,0,893.47,0,0,0
HG04927,29,95800,1,0,1,Midwest,Some college/associate,1610,4,11,0,0,841.61,0,0,0
HG04928,52,56000,5,1,1,West,High school or less,2740,0,0,87,0,1106.35,0,0,0
HG04929,42,143800,3,1,1,Midwest,Bachelor's,1720,7,21,12,0,867.91,0,0,0
HG04930,50,66700,5,2,1,South,Bachelor's,3660,0,0,67,0,977.65,0,0,0
HG04931,52,183800,1,0,1,West,Graduate,1540,4,16,0,0,1273.45,1,1,92.23
HG04932,25,48700,2,0,1,South,High school or less,1330,0,0,117,0,909.88,1,0,0
HG04933,48,120900,2,0,1,South,Graduate,1820,17,67,0,0,894.1,1,1,56.63
HG04934,64,227200,3,1,1,Midwest,Graduate,4270,0,0,165,0,1623.54,1,1,469.27
HG04935,49,104800,1,0,0,South,Bachelor's,1080,5,20,4,0,776.46,1,0,0
HG04936,48,200800,2,1,0,West,Bachelor's,1680,17,42,0,0,1156.49,1,0,0
HG04937,47,145700,2,0,1,South,Graduate,2620,10,32,8,0,1079.42,1,0,0
HG04938,42,57000,2,0,0,Northeast,Some college/associate,1380,0,0,56,0,725.23,1,0,0
HG04939,39,54400,3,1,0,Midwest,High school or less,1520,4,11,2,0,851.45,1,0,0
HG04940,46,86400,2,0,0,Midwest,Some college/associate,2040,5,29,2,0,919.16,0,0,0
HG04941,36,28300,1,0,0,West,High school or less,850,5,17,3,0.15,779.03,1,0,0
HG04942,47,172700,2,0,1,West,Bachelor's,1880,4,8,0,0,1208.84,1,0,0
HG04943,52,80300,2,0,1,West,Graduate,2000,3,4,4,0,928.26,1,0,0
HG04944,70,158500,2,0,0,West,Bachelor's,1730,11,40,0,0,1137.64,0,0,0
HG04945,41,58400,2,0,1,West,Some college/associate,1030,11,46,2,0.2,992.18,1,1,157.49
HG04946,63,83400,1,0,1,Midwest,Bachelor's,1570,3,5,5,0.25,917.93,1,1,98.1
HG04947,33,32300,4,1,1,Midwest,High school or less,1330,8,15,0,0,543.44,0,0,0
HG04948,65,124500,1,0,1,South,Graduate,2160,0,0,125,0,853.19,1,0,0
HG04949,41,37900,3,1,0,Midwest,High school or less,1460,0,0,62,0,949.78,0,1,34.89
HG04950,20,79800,2,0,0,South,Some college/associate,1410,5,14,0,0,768.98,0,0,0
HG04951,33,94900,1,0,0,West,Some college/associate,1050,5,23,1,0,729.85,1,0,0
HG04952,31,97200,1,0,0,South,Graduate,1070,12,23,2,0,1268.7,1,1,322.07
HG04953,34,83500,2,1,1,Midwest,High school or less,1100,6,17,8,0,844.9,1,0,0
HG04954,59,57000,1,0,0,Northeast,Some college/associate,1030,6,7,5,0.5,868.85,1,1,28.59
HG04955,53,77700,3,0,1,West,High school or less,2040,11,29,5,0,1256.41,0,0,0
HG04956,39,198200,3,1,1,Midwest,Bachelor's,2610,8,22,0,0,1293.6,0,0,0
HG04957,26,74500,4,1,0,Midwest,Bachelor's,1780,17,31,0,0,1013.13,0,0,0
HG04958,19,78500,5,0,1,West,Some college/associate,2980,8,17,5,0,1149.12,1,1,120.05
HG04959,56,75300,6,2,1,Northeast,Some college/associate,,11,23,1,0,1159.77,0,0,0
HG04960,30,49600,1,0,0,South,Some college/associate,770,5,31,0,0,868.52,0,0,0
HG04961,33,102100,2,0,0,South,Bachelor's,890,6,14,2,0,800.83,0,0,0
HG04962,51,92800,2,1,1,South,Graduate,2450,0,0,78,0,1087.12,1,1,93.25
HG04963,52,50700,3,0,1,South,Some college/associate,2200,0,0,65,0,1065.3,1,0,0
HG04964,54,80100,1,0,1,West,Some college/associate,920,5,16,1,0,921.58,0,0,0
HG04965,36,42900,3,1,1,West,Some college/associate,2370,0,0,65,0,833.9,0,0,0
HG04966,31,33400,1,0,0,South,High school or less,520,11,41,0,0,727.55,1,0,0
HG04967,54,97700,1,0,0,South,Bachelor's,1190,6,16,7,0,886.81,1,0,0
HG04968,56,37600,2,0,0,Midwest,High school or less,1000,6,31,3,0,917.09,1,0,0
HG04969,48,50500,4,0,1,South,Some college/associate,2300,6,16,6,0,1061.9,1,0,0
HG04970,42,38000,2,1,1,South,High school or less,900,5,13,2,0.210526316,926.4,1,0,0
HG04971,49,189300,2,0,0,West,Bachelor's,2440,7,16,2,0,1152.56,0,0,0
HG04972,43,119900,2,1,0,Northeast,Bachelor's,980,10,25,0,0,1002.93,0,0,0
HG04973,38,90800,2,1,0,Midwest,Bachelor's,1860,0,0,101,0,822.33,1,0,0
HG04974,56,75500,1,0,1,South,High school or less,1340,1,7,2,0,817.33,0,0,0
HG04975,42,69000,6,1,1,South,Some college/associate,2400,7,21,3,0,1166.51,0,0,0
HG04976,31,71700,4,2,0,Midwest,High school or less,1800,12,40,2,0,918.14,1,0,0
HG04977,59,57100,1,0,1,Midwest,Some college/associate,1320,4,12,4,0,1099.13,1,0,0
HG04978,32,157000,2,1,1,South,Bachelor's,2500,4,9,2,0,1164.81,1,1,127.75
HG04979,37,55400,3,0,1,South,Bachelor's,2030,0,0,81,0,1167.1,1,0,0
HG04980,51,82500,2,0,0,West,Some college/associate,1760,7,17,0,0.181818182,1085.31,0,0,0
HG04981,30,116500,4,1,0,South,Bachelor's,1550,4,11,1,0,1069.62,1,0,0
HG04982,40,62700,1,0,1,West,Some college/associate,1240,2,5,21,0,1255.31,1,1,112.26
HG04983,40,47300,3,2,0,Northeast,Some college/associate,1630,15,65,1,0,626.76,1,0,0
HG04984,40,57000,3,2,1,West,Some college/associate,1750,0,0,71,0,1204.65,1,1,176.45
HG04985,64,113100,3,1,1,South,Graduate,1840,7,21,3,0,845.71,0,0,0
HG04986,24,71300,2,0,1,West,High school or less,1060,13,17,2,0,709.52,0,0,0
HG04987,56,166800,3,0,1,West,Some college/associate,2240,4,9,4,0,1219.53,1,1,178.35
HG04988,55,74100,2,1,1,Midwest,High school or less,1390,8,31,0,0,964.21,1,1,175.93
HG04989,51,197800,4,0,1,Midwest,Bachelor's,2390,6,14,2,0,1289.42,1,0,0
HG04990,61,62600,2,0,0,Northeast,High school or less,,7,14,8,0.454545455,776.71,0,0,0
HG04991,54,227000,4,1,0,South,Some college/associate,2380,8,28,4,0,1450.21,1,1,56.87
HG04992,42,100100,2,0,1,Northeast,Graduate,1260,7,27,3,0,881.25,0,0,0
HG04993,75,74900,2,0,0,South,Bachelor's,1740,0,0,53,0,897.5,1,0,0
HG04994,50,64900,1,0,1,West,High school or less,1700,7,21,0,0,855.75,1,0,0
HG04995,49,47400,1,0,0,Midwest,High school or less,1430,3,4,13,0.263157895,901.54,1,0,0
HG04996,47,97300,4,3,0,West,Bachelor's,,7,32,1,0,1327.74,0,0,0
HG04997,38,87800,5,3,1,South,Some college/associate,2450,11,34,0,0,1207.3,1,0,0
HG04998,21,119500,3,0,0,West,Some college/associate,2080,4,15,8,0,900.57,0,0,0
HG04999,48,39700,1,0,1,South,Graduate,,0,0,90,0,875.29,1,0,0
HG05000,43,49500,3,2,1,South,High school or less,2540,0,0,56,0,1035.74,0,0,0
HG05001,36,77600,2,0,0,West,Some college/associate,1210,5,15,4,0,1094.49,0,0,0
HG05002,42,226500,5,3,1,Northeast,Graduate,5000,10,30,0,0,1439.48,1,0,0
HG05003,69,106800,2,0,1,South,Bachelor's,1280,11,39,3,0,692.83,1,0,0
HG05004,59,49300,3,0,0,West,High school or less,1170,13,36,4,0,893.04,1,1,99.63
HG05005,41,207000,2,1,1,South,Bachelor's,2070,6,16,5,0,1319.42,0,0,0
HG05006,52,145800,1,0,1,Midwest,Graduate,3630,0,0,121,0,1292.79,1,0,0
HG05007,19,50700,1,0,0,Midwest,High school or less,840,11,33,0,0,771.5,1,0,0
HG05008,39,65200,3,0,1,South,Some college/associate,1820,11,24,0,0,593.61,1,0,0
HG05009,39,174100,4,2,1,Midwest,Some college/associate,2270,4,8,2,0,1406.66,1,0,0
HG05010,47,81600,5,0,0,South,Graduate,2880,0,0,54,0,1117.01,0,0,0
HG05011,44,217100,2,1,1,Midwest,Bachelor's,2560,8,25,9,0,1451.93,1,0,0
HG05012,66,259300,3,0,1,West,Graduate,2770,16,42,0,0,1532.21,1,0,0
HG05013,40,75200,4,2,1,South,Bachelor's,2800,16,36,0,0,1144.08,0,0,0
HG05014,31,20900,3,2,0,South,High school or less,1260,10,35,0,0,1078.68,0,0,0
HG05015,24,54600,2,0,1,Northeast,High school or less,1410,7,24,3,0.333333333,909.55,0,0,0
HG05016,73,86100,1,0,1,Northeast,Some college/associate,1920,7,17,11,0.235294118,769.78,1,0,0
HG05017,61,98200,2,0,1,Northeast,High school or less,2770,4,12,4,0.294117647,824.39,1,0,0
HG05018,43,263300,2,0,1,South,Graduate,1330,6,10,1,0,1278.96,1,0,0
HG05019,29,64200,5,1,1,West,Some college/associate,1980,0,0,84,0,1007.65,0,0,0
HG05020,38,72000,2,1,0,South,Bachelor's,970,11,38,4,0,817.23,1,0,0
HG05021,49,71900,2,1,1,South,Bachelor's,1570,11,30,6,0,993.06,1,0,0
HG05022,43,131500,1,0,0,South,Bachelor's,1010,16,37,0,0,898.49,1,0,0
HG05023,39,141000,2,0,1,West,Some college/associate,2360,7,30,9,0,1239.29,1,1,399.93
HG05024,46,83600,2,0,0,South,High school or less,940,16,22,2,0,1005.37,1,1,196.75
HG05025,61,110700,6,2,1,Northeast,Graduate,3910,0,0,78,0,1491.59,1,0,0
HG05026,48,82000,2,1,1,Midwest,Bachelor's,1660,12,28,5,0,949.36,1,0,0
HG05027,31,91300,2,0,0,Northeast,High school or less,1560,10,39,3,0.291666667,833.59,1,1,157.24
HG05028,45,,3,1,1,Northeast,High school or less,1620,5,12,0,0,1022.78,1,0,0
HG05029,59,68000,5,1,1,Midwest,Some college/associate,2940,5,16,8,0.666666667,1339.91,0,0,0
HG05030,60,113700,2,0,1,Northeast,Bachelor's,2800,5,17,6,0.238095238,1041.45,1,1,52.07
HG05031,52,68600,1,0,1,Midwest,High school or less,2270,4,10,0,0.238095238,713.88,0,0,0
HG05032,26,70900,2,0,1,Northeast,High school or less,1370,7,15,4,0,897.71,1,0,0
HG05033,60,67300,2,0,1,West,High school or less,2100,2,8,4,0,1173.39,1,0,0
HG05034,65,114400,1,0,1,West,Graduate,1030,4,11,21,0,1008.92,1,0,0
HG05035,49,49700,1,0,0,Northeast,High school or less,1100,6,45,1,0.3,861.43,0,0,0
HG05036,38,45700,2,0,1,South,High school or less,1040,7,22,0,0,714.9,1,0,0
HG05037,33,47700,1,0,1,South,High school or less,1500,8,35,5,0,837.36,0,0,0
HG05038,27,25200,1,0,0,South,High school or less,640,3,16,6,0,747.1,0,0,0
HG05039,51,80100,1,0,1,South,Some college/associate,1290,5,14,6,0,668.72,0,0,0
HG05040,53,204600,4,0,1,Midwest,Bachelor's,2060,11,36,1,0,1202.38,0,0,0
HG05041,44,80300,2,0,1,South,Bachelor's,1270,12,36,6,0.272727273,1190.77,1,1,79.67
HG05042,79,86100,3,0,0,West,Bachelor's,1070,8,25,5,0,1147.17,1,0,0
HG05043,43,54000,1,0,1,Midwest,High school or less,1060,9,30,0,0.307692308,742.95,1,0,0
HG05044,36,112500,3,0,1,South,Bachelor's,2880,0,0,66,0,1411.79,0,0,0
HG05045,40,98700,5,2,1,South,Some college/associate,4340,10,20,2,0,1439.84,1,1,99.41
HG05046,31,31600,4,2,0,West,High school or less,1540,3,12,12,0,809.7,1,0,0
HG05047,45,,2,1,1,West,Graduate,2680,16,59,1,0,1590.12,0,1,355.63
HG05048,36,156700,3,1,0,Northeast,Bachelor's,1890,7,32,1,0,989.59,0,0,0
HG05049,29,55600,2,0,1,South,High school or less,1980,5,14,1,0,712.53,0,0,0
HG05050,48,87600,4,2,0,Northeast,High school or less,1410,3,9,10,0.1875,1086.38,1,1,154.23
HG05051,66,256900,3,0,1,South,Bachelor's,2060,6,19,2,0,1505.37,0,0,0
HG05052,54,31300,3,0,1,Northeast,High school or less,2230,0,0,91,0,767.38,1,0,0
HG05053,61,82300,1,0,1,South,High school or less,1860,10,41,1,0,1015.18,1,0,0
HG05054,42,301300,3,0,1,West,Graduate,1970,16,51,2,0,1507.44,1,1,597.06
HG05055,38,70500,2,1,0,West,Graduate,1170,12,31,0,0,739.34,0,0,0
HG05056,48,81700,1,0,1,Northeast,Some college/associate,1410,5,18,1,0.173913043,969.25,0,0,0
HG05057,43,58300,3,0,1,South,Some college/associate,1530,0,0,64,0,960.93,0,0,0
HG05058,48,90700,4,1,1,West,Bachelor's,2010,9,16,4,0,879.54,1,0,0
HG05059,54,49700,2,0,1,Northeast,Some college/associate,1340,6,16,2,0,777.48,1,0,0
HG05060,29,24900,3,1,0,Northeast,High school or less,2010,0,0,51,0,1009.39,0,0,0
HG05061,37,170000,3,1,1,Northeast,Bachelor's,,12,35,0,0,987.15,1,0,0
HG05062,32,38200,4,2,0,Midwest,High school or less,1540,0,0,50,0,782.7,1,0,0
HG05063,53,77500,4,1,0,South,High school or less,1920,8,36,4,0.466666667,1083.55,1,0,0
HG05064,67,164900,1,0,1,South,Graduate,1840,14,41,0,0,1257.49,1,1,85.63
HG05065,28,108800,2,1,0,Midwest,Bachelor's,1320,8,25,4,0,882.96,1,0,0
HG05066,36,63300,1,0,1,Northeast,Bachelor's,1400,8,30,4,0.125,906.76,0,0,0
HG05067,25,81300,2,0,0,Midwest,Bachelor's,2390,0,0,85,0,1141.93,1,1,245.93
HG05068,51,191700,2,0,1,South,Graduate,1480,14,43,1,0,1106.62,1,0,0
HG05069,33,125200,3,0,1,South,Bachelor's,1470,21,54,1,0,1322.04,0,0,0
HG05070,58,73300,5,1,1,Midwest,Some college/associate,4360,0,0,61,0,1493.7,0,0,0
HG05071,49,111800,1,0,1,Midwest,Bachelor's,1970,6,18,9,0,975.8,1,0,0
HG05072,40,54100,3,1,0,West,Graduate,1830,6,13,1,0,797.8,1,0,0
HG05073,62,95500,1,0,1,South,Some college/associate,2550,2,8,6,0,1125.58,0,0,0
HG05074,39,57800,2,1,0,South,Bachelor's,1040,5,12,9,0,850.68,0,0,0
HG05075,74,200000,1,0,1,South,Some college/associate,1980,0,0,123,0,1103.5,1,0,0
HG05076,34,37400,1,0,0,South,High school or less,1230,2,11,15,0.5,721.17,0,0,0
HG05077,50,61200,1,0,1,West,Some college/associate,1240,4,7,2,0,863.66,1,0,0
HG05078,36,123100,6,4,1,West,Some college/associate,2230,14,21,2,0,1432.95,0,1,106.13
HG05079,63,103900,1,0,1,Midwest,Bachelor's,1080,5,12,0,0,970.49,1,0,0
HG05080,56,95700,4,2,0,West,Bachelor's,2350,0,0,58,0,973.45,0,1,144.98
HG05081,56,81000,1,0,1,South,Bachelor's,1690,1,2,19,0,607.98,0,0,0
HG05082,27,138900,2,0,0,Northeast,Bachelor's,1070,18,45,0,0,789.04,1,0,0
HG05083,51,137900,1,0,1,South,Graduate,2120,15,18,4,0,1312.76,0,0,0
HG05084,42,196900,4,2,0,West,Bachelor's,1470,13,38,0,0,1245.93,0,1,320.03
HG05085,61,328000,5,2,1,Midwest,Graduate,3890,7,14,8,0,1875.22,1,1,212.64
HG05086,63,158600,4,1,1,Midwest,Graduate,1870,9,17,0,0,1325.31,1,0,0
HG05087,54,182400,1,0,1,Midwest,Some college/associate,3270,2,12,11,0,980.51,0,1,94.99
HG05088,36,24300,1,0,1,West,High school or less,1190,0,0,83,0,1171.28,1,0,0
HG05089,47,117600,2,0,1,Midwest,Some college/associate,1510,4,10,2,0,1088.14,0,0,0
HG05090,35,61100,3,1,0,Northeast,High school or less,2620,0,0,55,0,985.09,0,0,0
HG05091,75,56300,2,0,1,West,Some college/associate,1670,0,0,68,0,860.97,1,0,0
HG05092,52,161800,3,2,1,Northeast,Bachelor's,2460,6,25,6,0,1566.35,0,0,0
HG05093,63,87300,2,0,1,South,Graduate,3130,0,0,90,0,1239.54,1,0,0
HG05094,61,105900,3,0,1,Northeast,Bachelor's,3070,7,35,4,0,1340.72,0,1,119.55
HG05095,49,54700,3,0,1,West,Some college/associate,2080,0,0,96,0,902.91,0,0,0
HG05096,64,189000,4,1,1,Midwest,Bachelor's,2470,8,30,8,0,1280.03,0,0,0
HG05097,39,73300,3,1,0,South,Graduate,1070,8,28,0,0,1185.37,1,0,0
HG05098,23,113500,1,0,0,Midwest,Bachelor's,1060,21,65,0,0,881.74,1,0,0
HG05099,47,190100,2,1,0,South,Graduate,1290,6,14,5,0,1184.52,0,0,0
HG05100,61,61500,1,0,0,Midwest,High school or less,900,3,15,0,0.238095238,695.28,0,0,0
HG05101,34,57100,1,0,1,South,High school or less,960,5,21,3,0,894.53,0,0,0
HG05102,31,21800,1,0,1,West,High school or less,1230,0,0,68,0,615.93,1,0,0
HG05103,61,54100,1,0,1,Northeast,High school or less,1030,5,26,12,0.388888889,963.56,1,0,0
HG05104,65,253000,2,0,0,West,Graduate,1800,4,11,3,0,1495.63,1,1,132.94
HG05105,28,69800,3,2,0,West,Some college/associate,1320,10,36,1,0,769.43,1,0,0
HG05106,33,39200,1,0,0,South,Some college/associate,1270,0,0,53,0,653.02,0,0,0
HG05107,59,,1,0,1,South,Bachelor's,1940,6,13,4,0,1041.5,1,0,0
HG05108,37,42100,2,1,1,West,High school or less,1330,9,32,0,0,812.07,0,0,0
HG05109,64,48000,1,0,1,South,Some college/associate,1010,7,14,2,0,909.57,1,1,53.8
HG05110,27,42600,1,0,1,Midwest,High school or less,1820,0,0,53,0,536.77,0,0,0
HG05111,42,44700,3,2,1,Northeast,High school or less,1340,8,18,0,0,826.37,1,0,0
HG05112,51,55600,6,2,1,Northeast,High school or less,3490,4,14,0,0,1129.15,0,0,0
HG05113,59,149200,3,0,1,West,Some college/associate,2410,5,19,3,0,1133.91,0,0,0
HG05114,51,99900,4,1,1,South,High school or less,1820,4,21,8,0,1059.55,1,0,0
HG05115,43,91000,3,2,0,Midwest,High school or less,1370,13,37,0,0,997.43,1,1,39.13
HG05116,54,112400,2,0,1,South,Graduate,1410,5,9,0,0,1066.85,0,0,0
HG05117,55,103800,2,0,1,South,Bachelor's,980,4,3,5,0,987.58,0,0,0
HG05118,37,44900,3,0,1,South,High school or less,1480,0,0,42,0,869.96,1,0,0
HG05119,63,68600,1,0,1,Northeast,Bachelor's,1290,2,7,23,0,765.21,0,0,0
HG05120,29,37500,3,1,1,Midwest,Bachelor's,1260,7,22,6,0,765.81,0,0,0
HG05121,46,107200,5,2,1,West,Graduate,3470,0,0,65,0,1285.06,1,0,0
HG05122,55,111900,2,0,1,West,Graduate,1460,7,23,0,0,1236.08,0,0,0
HG05123,36,59400,2,1,0,Midwest,Bachelor's,1770,0,0,109,0,1138.05,0,0,0
HG05124,63,81900,1,0,1,Northeast,Some college/associate,1280,7,26,1,0,940.53,1,0,0
HG05125,48,139000,4,1,0,South,Graduate,1930,10,27,3,0,1039.46,0,0,0
HG05126,62,80400,2,0,1,Midwest,Some college/associate,1310,5,21,7,0.19047619,956.93,0,0,0
HG05127,35,71500,4,1,1,South,Bachelor's,1930,8,34,5,0,1092.51,1,1,99.99
HG05128,66,65400,1,0,1,Northeast,Some college/associate,1580,2,9,14,0.2,1028.79,1,0,0
HG05129,49,,3,1,1,West,Some college/associate,1390,0,0,58,0,914.93,0,0,0
HG05130,26,44000,2,1,1,South,Some college/associate,1580,0,0,64,0,928.59,0,0,0
HG05131,45,101800,4,0,1,West,Bachelor's,1450,16,45,2,0,1176.15,0,1,107.54
HG05132,33,67700,3,2,1,Midwest,Some college/associate,1700,7,16,1,0,883.92,0,0,0
HG05133,65,194200,2,0,1,West,Graduate,1650,11,34,1,0,1270.55,1,1,84.14
HG05134,54,153500,4,0,1,South,Bachelor's,2620,13,30,0,0,1221.89,1,1,88.59
HG05135,53,112400,1,0,0,Midwest,Some college/associate,870,3,8,8,0,1008.36,0,0,0
HG05136,44,45900,4,2,1,South,High school or less,1310,16,37,0,0,830.65,0,1,37.26
HG05137,35,67900,6,3,0,South,Bachelor's,2190,9,18,8,0,589.72,0,0,0
HG05138,44,115900,5,3,0,South,Some college/associate,2020,6,25,0,0,1374.28,0,1,42.42
HG05139,50,53100,4,1,0,South,Some college/associate,1240,8,18,4,0,973.28,0,0,0
HG05140,55,48500,2,0,0,South,High school or less,1080,7,18,0,0,846.32,0,1,230.79
HG05141,66,169900,1,0,1,South,Graduate,2020,6,19,0,0,1416.75,0,0,0
HG05142,56,68300,2,1,1,Northeast,Bachelor's,1680,16,47,0,0,1011.22,1,1,55.47
HG05143,25,61000,1,0,0,South,High school or less,1370,2,6,1,0,849.19,1,0,0
HG05144,29,54700,4,1,1,Midwest,High school or less,2160,0,0,85,0,1015.4,0,0,0
HG05145,55,,1,0,1,South,Some college/associate,1320,0,0,61,0,1127.16,1,0,0
HG05146,59,38100,2,1,0,West,High school or less,1050,0,0,65,0,785.57,0,0,0
HG05147,58,57200,1,0,1,Northeast,High school or less,1200,4,16,3,0.375,1024.25,0,1,198.26
HG05148,55,93500,4,1,1,South,Bachelor's,2580,0,0,64,0,1171.64,0,0,0
HG05149,24,109100,2,0,1,Midwest,Some college/associate,,11,38,5,0,918.1,1,0,0
HG05150,45,73400,1,0,0,South,Bachelor's,1390,14,46,2,0,681.48,1,0,0
HG05151,52,42800,4,1,1,West,High school or less,2450,0,0,73,0,866.34,0,0,0
HG05152,37,38700,3,1,1,Midwest,Some college/associate,1490,0,0,69,0,658.52,1,0,0
HG05153,34,139500,3,1,0,Midwest,Bachelor's,2440,12,38,1,0,1186.98,0,0,0
HG05154,42,26700,1,0,0,Midwest,High school or less,1350,0,0,75,0,743.06,1,0,0
HG05155,24,117500,1,0,0,South,Some college/associate,1500,5,16,0,0,944.92,1,0,0
HG05156,23,124200,2,0,1,Northeast,Graduate,1790,7,20,2,0,1008.71,1,0,0
HG05157,31,,1,0,1,Midwest,High school or less,1980,0,0,66,0,740.89,0,0,0
HG05158,53,76200,4,1,1,West,Some college/associate,2370,4,10,1,0,1277.69,1,0,0
HG05159,51,82600,4,0,0,Northeast,Bachelor's,1360,6,15,1,0,872.5,0,0,0
HG05160,55,63600,2,0,1,South,High school or less,2180,6,27,12,0,1044.72,0,0,0
HG05161,50,48500,5,2,1,West,High school or less,2270,12,73,0,0.25,1127.19,0,0,0
HG05162,30,45700,1,0,1,West,Some college/associate,1300,5,21,2,0,722.04,1,0,0
HG05163,71,68000,1,0,1,South,Some college/associate,1120,3,12,4,0.5,865.2,0,0,0
HG05164,51,38900,3,2,0,Northeast,Bachelor's,1190,12,23,8,0,795.28,0,1,48.21
HG05165,39,110900,1,0,0,Midwest,Bachelor's,1640,1,4,26,0,1150.1,1,1,157.17
HG05166,47,82800,3,0,1,West,Some college/associate,1430,6,18,3,0,994.57,0,0,0
HG05167,58,70600,2,0,1,Northeast,High school or less,2140,3,15,0,0.157894737,1235.72,1,1,60.28
HG05168,19,26000,2,1,1,South,High school or less,640,7,18,7,0,1033.72,0,0,0
HG05169,60,73100,2,0,1,South,Some college/associate,1900,8,27,3,0,825.83,0,0,0
HG05170,42,97100,4,1,1,South,Bachelor's,2200,20,48,4,0,911.73,1,0,0
HG05171,36,41300,4,2,1,South,High school or less,1420,0,0,60,0,1014.76,0,0,0
HG05172,40,81400,2,1,0,South,Some college/associate,1050,15,46,2,0,873.09,1,0,0
HG05173,27,92400,1,0,0,South,Graduate,1020,12,60,1,0,798.86,1,0,0
HG05174,34,50300,1,0,0,Northeast,Some college/associate,1160,5,23,1,0.1875,939.48,0,0,0
HG05175,31,76300,1,0,0,South,High school or less,1180,2,5,8,0,1128.37,0,0,0
HG05176,32,69300,4,0,0,Midwest,Bachelor's,1810,0,0,105,0,1036.52,0,1,63.63
HG05177,52,30100,5,2,1,South,High school or less,2160,0,0,93,0,966.69,0,0,0
HG05178,49,54900,1,0,1,South,Some college/associate,770,6,24,0,0,455.02,1,1,56.73
HG05179,58,54800,2,1,1,West,High school or less,1220,0,0,175,0,960.63,1,0,0
HG05180,52,37100,1,0,1,Midwest,High school or less,850,13,44,3,0,1088.26,0,0,0
HG05181,40,135000,4,3,0,South,High school or less,1780,11,42,2,0,1114.95,1,0,0
HG05182,26,87700,3,0,1,Northeast,Some college/associate,,9,27,0,0,1008.72,0,1,23.99
HG05183,51,97000,2,0,1,Northeast,Graduate,2320,0,0,86,0,1195.39,1,0,0
HG05184,44,130000,5,1,1,Northeast,Graduate,3050,10,32,1,0,1098.28,1,1,76.12
HG05185,49,123900,3,2,1,Northeast,Bachelor's,1770,18,44,0,0,1274.49,0,0,0
HG05186,52,217700,2,0,1,South,Graduate,2750,3,10,3,0,1358.37,1,0,0
HG05187,47,64900,5,4,1,South,Some college/associate,1850,11,31,2,0,1169.1,0,1,88.26
HG05188,28,64800,3,1,0,Northeast,High school or less,1470,11,31,8,0,905.74,0,0,0
HG05189,39,174400,4,2,1,West,Bachelor's,3920,14,50,0,0,1581.92,1,1,260.29
HG05190,64,179100,6,0,1,Midwest,Bachelor's,2910,6,27,11,0.357142857,1359.95,1,1,199.05
HG05191,42,109800,3,1,1,South,Some college/associate,1300,7,18,0,0,1090.66,1,0,0
HG05192,71,152800,4,0,1,South,Graduate,3440,5,10,0,0,1109.26,1,0,0
HG05193,46,205400,4,3,0,West,Bachelor's,2360,3,8,17,0,1189.42,0,0,0
HG05194,41,28900,4,3,1,South,High school or less,2080,0,0,90,0,1146.95,1,0,0
HG05195,73,90900,6,0,1,Northeast,Some college/associate,4650,3,12,14,0.090909091,1222.12,0,0,0
HG05196,55,40500,4,0,0,Northeast,Some college/associate,1390,4,23,7,0,894.46,0,0,0
HG05197,60,55100,6,3,1,Midwest,High school or less,1740,0,0,62,0,1215.86,0,1,106.23
HG05198,60,71400,3,0,1,West,Some college/associate,1840,0,0,60,0,969.36,1,1,154.52
HG05199,47,248300,2,0,0,Midwest,Graduate,1170,12,52,1,0,1280.79,1,1,194.67
HG05200,37,53000,2,1,0,Midwest,High school or less,1970,0,0,48,0,936.11,0,0,0
HG05201,69,57300,2,0,0,Midwest,High school or less,1430,8,24,3,0,753.12,1,0,0
HG05202,46,98900,2,1,1,West,Bachelor's,1170,0,0,108,0,1056.61,1,0,0
HG05203,57,92100,1,0,1,West,Some college/associate,2570,6,18,9,0.35,832.92,1,0,0
HG05204,48,51200,2,0,1,West,Some college/associate,1680,3,13,8,0,781.37,1,0,0
HG05205,46,58400,2,0,1,Midwest,Graduate,1480,6,16,0,0,984.81,0,0,0
HG05206,45,65900,1,0,1,Northeast,High school or less,,0,0,45,0,868.75,0,0,0
HG05207,36,39900,1,0,0,South,High school or less,1560,9,52,2,0,660.52,0,0,0
HG05208,40,119600,2,0,1,West,Graduate,1670,5,14,5,0,890.15,0,1,84.31
HG05209,46,59900,1,0,1,South,High school or less,1280,8,10,5,0,1189.71,0,1,217.51
HG05210,52,102800,2,0,1,South,Bachelor's,1730,5,14,2,0,940.28,1,0,0
HG05211,46,66500,1,0,0,South,Bachelor's,,0,0,63,0,843,1,0,0
HG05212,47,97600,1,0,1,West,Some college/associate,1600,4,5,11,0.375,1159.11,1,1,132.84
HG05213,21,90400,2,0,1,Midwest,Bachelor's,1410,14,32,0,0,856.59,0,0,0
HG05214,50,118400,4,2,1,Northeast,Graduate,2350,6,8,3,0,1299.47,0,0,0
HG05215,53,96000,1,0,0,Northeast,Some college/associate,900,4,15,4,0,721.02,1,0,0
HG05216,40,145400,2,1,1,South,Some college/associate,1450,21,64,0,0,1253.64,0,0,0
HG05217,51,84300,2,0,1,West,High school or less,1360,7,13,3,0,866.29,1,0,0
HG05218,66,84900,1,0,1,South,High school or less,1000,8,35,1,0,767.75,0,0,0
HG05219,48,45900,1,0,0,Northeast,High school or less,,7,37,19,0.272727273,957.74,1,0,0
HG05220,40,78000,1,0,1,Midwest,Some college/associate,1520,20,66,1,0.5,1072.56,1,1,52.19
HG05221,49,113100,3,0,0,Midwest,Some college/associate,1810,15,29,1,0,1147.28,1,1,139.98
HG05222,49,40200,1,0,1,South,High school or less,,5,11,1,0,1015.52,1,0,0
HG05223,45,82700,1,0,1,South,Some college/associate,1600,10,37,3,0,874.95,0,0,0
HG05224,46,56400,1,0,1,South,Some college/associate,1170,5,17,2,0,1119.63,1,1,158.35
HG05225,35,69700,2,0,0,South,Graduate,1670,0,0,43,0,766.69,1,0,0
HG05226,42,94900,1,0,1,South,Graduate,1900,5,18,7,0,1319.09,1,0,0
HG05227,30,152500,2,0,1,Midwest,Bachelor's,1490,10,23,1,0,1010.57,0,0,0
HG05228,59,53500,3,0,1,Midwest,Bachelor's,2650,0,0,53,0,1088.52,1,0,0
HG05229,36,62000,2,0,0,Northeast,High school or less,2000,6,25,1,0.375,492.03,1,0,0
HG05230,50,74000,4,1,1,Midwest,Bachelor's,2150,6,20,0,0,1350.99,1,1,194.01
HG05231,44,97300,3,1,0,West,Graduate,1700,7,14,3,0,1033.38,1,0,0
HG05232,44,265700,2,0,1,South,Bachelor's,1940,11,40,0,0,1387.27,1,1,255.02
HG05233,54,35200,1,0,1,South,High school or less,880,5,20,1,0,835.42,0,0,0
HG05234,52,88400,1,0,1,West,Bachelor's,1370,2,13,11,0,945.67,0,0,0
HG05235,39,109500,4,2,1,Midwest,Some college/associate,2950,12,50,0,0,1096.48,0,0,0
HG05236,47,67300,1,0,1,South,High school or less,1060,6,24,4,0,791.73,1,1,138.32
HG05237,44,70300,3,2,1,South,Bachelor's,1470,10,26,2,0,1084.19,0,1,194.97
HG05238,26,51100,5,4,0,South,High school or less,2890,0,0,44,0,900.52,1,0,0
HG05239,40,84000,3,1,0,Northeast,Some college/associate,780,7,12,7,0,970.92,1,1,103.03
HG05240,30,50900,1,0,0,Midwest,Bachelor's,960,8,29,1,0,872.94,1,0,0
HG05241,31,52300,3,1,1,South,Some college/associate,1850,0,0,67,0,1295.52,0,0,0
HG05242,33,92400,4,2,1,South,Some college/associate,2150,6,15,1,0,1028.14,0,0,0
HG05243,33,28900,2,1,0,Midwest,Some college/associate,1050,10,21,0,0,708.86,1,0,0
HG05244,40,40700,1,0,0,South,Bachelor's,1020,2,8,2,0,852.76,1,1,40.15
HG05245,45,117000,3,0,0,South,Bachelor's,1410,4,10,17,0,1328.49,1,0,0
HG05246,33,81800,1,0,0,Midwest,Graduate,1120,10,21,2,0,888.29,1,0,0
HG05247,34,107700,5,2,0,Midwest,Bachelor's,3800,2,8,7,0,1003.77,0,0,0
HG05248,44,98000,4,2,1,South,Some college/associate,2680,7,19,3,0,1341.78,1,0,0
HG05249,32,76100,1,0,1,South,High school or less,1300,9,31,4,0.391304348,709.73,1,1,36.49
HG05250,50,183300,1,0,1,South,Bachelor's,1760,15,36,0,0,1146.4,1,0,0
HG05251,42,51500,3,2,1,South,Graduate,2370,0,0,47,0,1081.86,0,0,0
HG05252,56,136400,3,0,0,Midwest,Graduate,2040,10,33,1,0,1224.32,1,0,0
HG05253,60,93200,4,1,0,Midwest,Bachelor's,2550,5,22,4,0,1072.94,0,0,0
HG05254,52,70700,1,0,0,South,Bachelor's,1090,12,41,0,0,913.62,1,0,0
HG05255,45,314100,3,0,1,Northeast,Bachelor's,1960,25,43,1,0,1728.54,1,0,0
HG05256,52,162700,4,1,0,South,Some college/associate,1520,14,30,0,0,980.96,1,1,238.08
HG05257,38,150100,1,0,1,South,Some college/associate,2120,7,19,0,0,1160.86,0,0,0
HG05258,36,64300,3,1,1,South,High school or less,1500,8,22,2,0,884.64,1,0,0
HG05259,61,126100,2,0,1,West,Bachelor's,3160,0,0,52,0,1005.23,1,0,0
HG05260,49,97200,3,1,1,South,Some college/associate,2800,0,0,81,0,924.17,1,1,34.08
HG05261,50,141900,1,0,1,South,Graduate,1310,6,34,5,0.4,1260.82,0,0,0
HG05262,46,99600,1,0,1,Midwest,Some college/associate,1690,3,5,11,0,972.27,0,1,28.54
HG05263,59,43900,4,1,1,Northeast,Some college/associate,2090,0,0,96,0,981.19,0,0,0
HG05264,32,94400,2,1,0,South,Bachelor's,1330,7,14,1,0,700.73,1,0,0
HG05265,48,24000,2,0,1,South,High school or less,1210,0,0,66,0,1106.59,1,1,578.09
HG05266,43,69600,6,2,0,South,Bachelor's,2060,6,14,2,0,825.01,0,0,0
HG05267,46,64000,4,1,1,Northeast,Some college/associate,2450,0,0,52,0,860.8,0,0,0
HG05268,31,93200,1,0,1,South,Bachelor's,2070,6,17,1,0,946.01,1,1,207.12
HG05269,37,52900,2,0,0,Northeast,High school or less,1790,11,40,0,0,610.7,0,0,0
HG05270,58,103900,2,1,0,Midwest,Some college/associate,1490,16,60,0,0,1101.32,0,1,168.14
HG05271,32,61900,2,0,0,West,Some college/associate,1420,0,0,77,0,934.48,1,0,0
HG05272,73,93700,1,0,0,Midwest,High school or less,1260,4,11,5,0.347826087,936.28,1,0,0
HG05273,50,71900,4,1,1,Midwest,High school or less,1270,17,33,0,0,1065.65,0,1,122.02
HG05274,28,55800,1,0,1,West,Some college/associate,,6,30,3,0,647.52,1,0,0
HG05275,47,275600,5,3,1,South,Bachelor's,3370,12,37,3,0,1776,0,0,0
HG05276,41,23900,6,1,0,Midwest,Some college/associate,1600,0,0,72,0,804.38,0,0,0
HG05277,38,60100,3,0,1,Midwest,High school or less,1850,0,0,57,0,1194.15,0,0,0
HG05278,51,149500,2,0,1,West,Graduate,1430,30,55,0,0,1264.63,0,0,0
HG05279,36,113600,2,0,0,South,Bachelor's,1240,8,22,0,0,682.72,0,0,0
HG05280,33,22300,4,2,1,South,High school or less,1830,6,20,1,0.692307692,983.65,1,1,177.19
HG05281,48,156300,4,1,0,Midwest,Bachelor's,2680,9,27,2,0,1163.25,1,0,0
HG05282,66,64800,6,0,1,Northeast,Some college/associate,4370,9,28,1,0.214285714,1329.18,0,0,0
HG05283,25,45800,3,1,0,Midwest,High school or less,1880,0,0,86,0,693.06,1,0,0
HG05284,39,94400,3,2,0,South,Some college/associate,1470,5,16,1,0,1173.25,1,0,0
HG05285,32,25000,3,1,0,Midwest,High school or less,1000,10,24,0,0,1196.35,1,1,72.6
HG05286,50,38800,4,2,0,Northeast,Some college/associate,2480,0,0,93,0,995.18,0,0,0
HG05287,37,243100,4,1,0,Northeast,Graduate,1310,20,57,0,0,1403.07,0,0,0
HG05288,43,19400,2,0,1,South,High school or less,1440,0,0,90,0,928.77,1,0,0
HG05289,37,93100,2,0,0,Northeast,High school or less,950,7,24,2,0,553.4,0,0,0
HG05290,22,42500,6,2,0,West,High school or less,3100,0,0,67,0,861.55,0,0,0
HG05291,50,74100,5,3,1,South,High school or less,1900,12,39,4,0,1218.09,0,1,99.85
HG05292,39,43200,4,1,1,South,Graduate,1850,0,0,47,0,1021.15,0,0,0
HG05293,47,84200,2,0,1,West,High school or less,1590,9,34,1,0,812,1,0,0
HG05294,34,122600,2,0,0,South,Graduate,1680,9,23,1,0,812.05,1,0,0
HG05295,49,132500,4,0,0,Midwest,Graduate,1860,7,17,7,0,1106.68,1,0,0
HG05296,46,43600,2,0,1,South,Some college/associate,1440,0,0,50,0,738.34,0,0,0
HG05297,43,61900,1,0,0,South,Some college/associate,1240,3,12,7,0,621.42,1,0,0
HG05298,27,15200,3,0,1,South,Some college/associate,1620,0,0,54,0,917.61,1,0,0
HG05299,73,128100,1,0,0,Midwest,Graduate,1680,7,13,0,0,1002.32,0,0,0
HG05300,55,206600,2,0,1,Northeast,Bachelor's,2340,15,60,3,0,1347.46,0,1,130.83
HG05301,35,124800,2,0,0,South,Graduate,1290,7,13,3,0,889.73,0,0,0
HG05302,43,148700,3,0,1,South,Bachelor's,1330,16,27,0,0,1227.18,1,0,0
HG05303,48,128000,2,1,1,Midwest,Bachelor's,1720,3,4,16,0,1290.5,1,0,0
HG05304,48,49300,1,0,0,South,High school or less,1040,5,14,14,0,844.78,1,1,427.26
HG05305,25,137100,2,0,1,Midwest,Bachelor's,1630,13,40,1,0,1182.85,1,1,145.56
HG05306,51,45600,3,0,0,West,Some college/associate,1910,0,0,116,0,814.82,0,0,0
HG05307,61,94200,1,0,1,Northeast,Some college/associate,2160,5,13,0,0,990.74,1,1,485.7
HG05308,43,99300,2,0,0,Northeast,Some college/associate,1170,12,48,7,0,1062.44,1,0,0
HG05309,54,146700,2,0,1,South,Bachelor's,1340,15,53,1,0,1204.05,0,0,0
HG05310,63,80000,1,0,1,West,High school or less,1960,4,15,6,0.363636364,1264.76,1,0,0
HG05311,42,48000,4,1,0,West,Some college/associate,2370,14,38,0,0,910.38,0,0,0
HG05312,44,268900,2,1,1,South,Graduate,1180,20,66,0,0,1678.56,0,0,0
HG05313,50,57200,1,0,1,Midwest,High school or less,2010,5,14,4,0,1121.95,1,0,0
HG05314,72,190600,3,0,1,South,Bachelor's,2240,17,31,0,0,1171.57,0,0,0
HG05315,34,53300,4,1,1,South,Some college/associate,2870,0,0,56,0,831.17,0,0,0
HG05316,37,64600,2,0,1,Midwest,High school or less,1860,0,0,61,0,738.3,0,0,0
HG05317,42,56800,1,0,1,West,Some college/associate,1650,11,25,2,0.285714286,665.33,1,0,0
HG05318,36,61500,3,1,1,West,Some college/associate,1310,11,43,0,0,856.91,1,0,0
HG05319,49,49300,1,0,1,Northeast,High school or less,1480,1,2,4,0.25,756.26,0,0,0
HG05320,42,111100,2,0,1,West,Some college/associate,1070,6,13,3,0,1329.77,0,0,0
HG05321,45,93000,3,0,1,Midwest,Some college/associate,1730,7,22,0,0,1142.23,0,0,0
HG05322,39,112200,3,0,0,Northeast,Bachelor's,1710,18,49,2,0,1174.4,1,0,0
HG05323,26,114600,3,0,1,Midwest,Graduate,1610,0,0,104,0,1155.55,0,1,338.8
HG05324,48,219700,2,1,1,South,Bachelor's,4050,6,18,13,0,1400.52,1,0,0
HG05325,67,124100,1,0,0,South,Bachelor's,1130,2,5,20,0,1019.98,1,1,26.72
HG05326,52,108900,4,2,1,West,High school or less,2690,3,6,7,0,1011.03,0,0,0
HG05327,25,40700,5,3,1,South,Some college/associate,2660,0,0,61,0,1006.17,0,0,0
HG05328,25,216500,2,0,0,Northeast,Graduate,1060,5,16,1,0,1101.61,0,0,0
HG05329,24,170400,2,0,1,South,Graduate,1970,7,24,4,0.235294118,1300.91,0,0,0
HG05330,52,95200,1,0,0,Northeast,Bachelor's,1260,5,9,1,0,768.23,1,0,0
HG05331,21,137200,1,0,0,Midwest,Some college/associate,1220,9,33,1,0,908.94,1,0,0
HG05332,32,126200,4,1,0,Midwest,Bachelor's,,12,59,1,0,1185.39,0,0,0
HG05333,58,111000,2,1,1,Northeast,Some college/associate,2750,6,24,16,0,916.9,1,0,0
HG05334,46,49400,3,1,0,South,High school or less,2080,0,0,50,0,801.32,0,0,0
HG05335,49,67500,1,0,0,Midwest,Some college/associate,710,7,27,1,0,562.71,0,0,0
HG05336,56,31000,2,1,1,South,Some college/associate,1230,10,27,1,0,584.48,0,0,0
HG05337,35,42900,4,1,1,West,Some college/associate,2100,17,47,0,0,884.65,0,1,51.62
HG05338,29,50900,3,1,0,South,High school or less,1110,12,33,0,0,891.12,1,0,0
HG05339,51,75500,2,1,1,Northeast,Bachelor's,1410,11,31,0,0,730.39,0,0,0
HG05340,59,93000,1,0,1,South,Some college/associate,1360,3,11,8,0.461538462,919.58,0,0,0
HG05341,34,63800,2,1,1,West,Some college/associate,1780,4,11,18,0,964.38,1,1,157.22
HG05342,45,94800,2,1,0,Northeast,Some college/associate,1240,5,12,2,0,1069.98,1,0,0
HG05343,29,185700,3,1,1,South,High school or less,2010,15,38,4,0,1312.72,1,1,70.94
HG05344,45,95100,2,0,0,West,Bachelor's,1980,7,28,1,0,970.94,0,0,0
HG05345,28,74300,6,2,1,South,Bachelor's,3330,0,0,57,0,1118.44,0,0,0
HG05346,41,62000,1,0,1,Northeast,Graduate,1320,12,24,4,0,785.55,1,0,0
HG05347,32,120200,3,1,0,South,Bachelor's,2020,6,14,3,0.333333333,1130.86,0,0,0
HG05348,58,109300,4,0,0,Midwest,Bachelor's,1800,0,0,140,0,1043.93,0,0,0
HG05349,48,46300,1,0,0,South,Some college/associate,1030,0,0,72,0,629,1,0,0
HG05350,51,188300,3,1,1,South,Bachelor's,2270,11,53,0,0,1215.8,0,1,45.95
HG05351,22,77400,3,0,0,Midwest,High school or less,1260,5,11,15,0,752.71,1,0,0
HG05352,35,94500,3,1,0,South,Some college/associate,1370,13,38,0,0,1036.98,0,0,0
HG05353,62,60100,3,1,1,West,Some college/associate,1970,0,0,82,0,1068.03,0,0,0
HG05354,77,166600,3,0,0,West,Bachelor's,2460,0,0,88,0,996.17,0,0,0
HG05355,62,65900,2,0,1,South,Bachelor's,1860,4,18,10,0,838.14,1,1,87.28
HG05356,54,96300,4,1,1,Northeast,Bachelor's,1920,5,14,0,0,1193.96,0,1,163.16
HG05357,31,60300,3,1,0,South,Some college/associate,950,6,15,1,0,474.39,0,0,0
HG05358,63,110800,4,1,1,West,Graduate,2470,9,22,0,0,1397.19,1,0,0
HG05359,58,37800,2,0,0,South,High school or less,1230,12,40,4,0,1042.8,0,0,0
HG05360,45,116300,2,0,0,South,Bachelor's,1020,8,24,0,0,980.87,1,1,136.1
HG05361,55,146100,3,0,0,West,Bachelor's,1810,1,1,20,0,1161.03,0,0,0
HG05362,63,112400,2,0,1,Midwest,Graduate,1820,11,42,2,0.409090909,1009.36,1,1,162.19
HG05363,39,45500,2,0,1,South,Some college/associate,1160,0,0,68,0,656.66,0,0,0
HG05364,62,141100,1,0,1,West,Graduate,,4,5,15,0.416666667,1275.58,0,0,0
HG05365,22,23500,1,0,0,South,High school or less,710,5,14,1,0,680.31,1,0,0
HG05366,64,65800,1,0,1,Midwest,Graduate,1620,7,39,0,0.1,915.97,1,0,0
HG05367,41,54000,1,0,1,Northeast,Bachelor's,950,9,34,1,0,949.81,1,1,269.18
HG05368,71,56400,2,0,1,Midwest,Some college/associate,1590,0,0,74,0,822.86,1,0,0
HG05369,38,125700,4,2,0,South,Bachelor's,1550,6,10,2,0,1023.83,1,0,0
HG05370,40,69900,2,1,0,South,Bachelor's,1010,0,0,68,0,849.09,0,0,0
HG05371,72,70300,1,0,1,West,High school or less,1450,6,17,0,0,1116.45,1,1,56.48
HG05372,32,32200,2,1,0,South,High school or less,1370,0,0,99,0,730.68,1,0,0
HG05373,53,75100,1,0,1,South,Graduate,1000,4,10,10,0,983.86,0,0,0
HG05374,45,118100,3,1,1,West,Graduate,1270,4,14,6,0,1310.9,0,0,0
HG05375,43,148100,1,0,1,Midwest,Bachelor's,1900,10,21,2,0,1218.38,0,0,0
HG05376,43,88400,1,0,1,West,Bachelor's,1400,14,25,3,0,705.77,0,0,0
HG05377,62,67000,3,0,1,South,Bachelor's,2860,4,15,2,0,710.16,1,0,0
HG05378,52,127700,1,0,1,Northeast,Graduate,1490,4,14,0,0.285714286,966.35,1,0,0
HG05379,34,35100,3,1,1,West,High school or less,1870,0,0,51,0,730.7,0,0,0
HG05380,25,57200,1,0,1,South,High school or less,1010,8,20,5,0,771.42,0,0,0
HG05381,70,74600,2,0,1,South,Some college/associate,2670,0,0,161,0,1206.03,1,0,0
HG05382,26,43000,2,1,1,Midwest,Some college/associate,1700,0,0,79,0,865.42,1,0,0
HG05383,25,100200,1,0,0,South,Some college/associate,550,7,25,1,0,1141.34,1,1,136.84
HG05384,62,30600,1,0,0,South,High school or less,960,7,23,1,0,831.76,1,0,0
HG05385,50,37600,4,2,1,West,High school or less,2860,0,0,75,0,759.19,0,0,0
HG05386,49,61800,4,2,1,South,Some college/associate,2100,0,0,43,0,1016.67,1,0,0
HG05387,45,136600,3,1,1,Midwest,Bachelor's,1340,2,8,16,0,951.98,1,0,0
HG05388,41,54200,5,3,1,South,Bachelor's,3620,0,0,74,0,1287.69,1,0,0
HG05389,31,100500,2,0,1,Northeast,Bachelor's,1570,9,22,2,0,984.07,0,0,0
HG05390,78,98700,2,0,1,West,Some college/associate,1030,7,24,4,0.590909091,902.28,0,1,59.98
HG05391,28,41600,2,1,0,Northeast,Some college/associate,1060,4,8,6,0,872.01,1,0,0
HG05392,33,31100,3,1,0,South,High school or less,1220,0,0,77,0,614.93,1,0,0
HG05393,22,15000,4,0,1,West,High school or less,,0,0,61,0,786.31,1,0,0
HG05394,41,58600,1,0,1,South,High school or less,1400,5,16,7,0,866.48,1,0,0
HG05395,32,58800,6,2,1,West,High school or less,3800,0,0,77,0,1032.59,1,0,0
HG05396,53,112500,1,0,1,Northeast,Some college/associate,1170,6,10,6,0.4,786.93,1,0,0
HG05397,48,123400,2,0,1,South,Some college/associate,2420,6,11,4,0,1243.4,1,0,0
HG05398,58,112700,2,0,0,Midwest,Bachelor's,1410,7,33,5,0,1020.6,0,0,0
HG05399,53,50300,2,0,1,West,Some college/associate,2050,6,21,3,0,851.74,0,0,0
HG05400,52,75300,2,0,1,Midwest,Some college/associate,2050,5,8,2,0,1083.46,1,0,0
HG05401,35,85400,5,1,0,Midwest,Some college/associate,2670,0,0,62,0,904.73,1,0,0
HG05402,42,91800,6,2,1,West,Some college/associate,3050,10,30,4,0,1163.03,0,0,0
HG05403,49,209300,2,0,1,West,Graduate,3910,5,11,11,0,1148.11,0,0,0
HG05404,72,138700,1,0,1,Northeast,Graduate,1560,2,11,7,0.333333333,1238.21,0,0,0
HG05405,67,74400,1,0,1,Northeast,Some college/associate,1560,8,19,3,0,996.29,1,0,0
HG05406,27,15000,2,0,0,Midwest,High school or less,1260,0,0,83,0,995.02,1,0,0
HG05407,51,90400,3,1,1,Northeast,Some college/associate,1190,11,19,0,0,818.71,1,0,0
HG05408,31,41800,1,0,0,West,High school or less,1530,7,18,0,0,898.68,0,1,68.88
HG05409,29,42500,6,3,0,Northeast,High school or less,2650,0,0,96,0,942.28,1,0,0
HG05410,36,119800,3,0,1,Midwest,Some college/associate,1550,12,29,0,0,1055.06,0,0,0
HG05411,32,,3,1,0,South,High school or less,1070,7,19,0,0,733.66,1,1,35.69
HG05412,75,88100,2,0,1,South,Bachelor's,1830,7,42,1,0,886.28,1,0,0
HG05413,56,86600,3,0,1,South,High school or less,1650,5,23,9,0,1046.57,0,0,0
HG05414,62,136900,2,0,1,Northeast,Some college/associate,2130,5,11,1,0.263157895,821.5,1,1,39.91
HG05415,52,126900,3,2,1,South,Graduate,2180,7,12,9,0,1510.46,0,0,0
HG05416,28,46200,1,0,0,South,High school or less,1260,6,17,1,0,525.8,1,0,0
HG05417,31,151800,2,0,0,Midwest,Bachelor's,1430,15,52,0,0,1240.45,0,0,0
HG05418,56,91400,1,0,1,West,Bachelor's,1520,3,10,6,0,1103.3,1,0,0
HG05419,49,61900,4,1,1,Northeast,Some college/associate,2130,0,0,52,0,1170.08,1,0,0
HG05420,41,,1,0,1,Northeast,Bachelor's,1210,9,30,2,0,1167.95,0,0,0
HG05421,25,67100,2,0,1,Northeast,High school or less,1920,5,14,1,0,830.36,0,0,0
HG05422,50,225900,5,2,1,Midwest,Graduate,1830,24,88,1,0,1510.33,1,0,0
HG05423,45,88000,4,0,1,West,Some college/associate,3040,0,0,63,0,947.19,1,0,0
HG05424,56,113000,2,0,1,South,Some college/associate,2020,9,23,5,0,1324.25,1,0,0
HG05425,41,77000,4,2,1,Northeast,High school or less,2220,5,13,9,0,1313.32,1,1,150.62
HG05426,26,34100,2,1,0,Midwest,High school or less,1440,0,0,46,0,756.08,1,0,0
HG05427,42,51500,1,0,1,Northeast,Bachelor's,1050,10,36,1,0,848.01,0,0,0
HG05428,36,77000,2,0,1,Midwest,Some college/associate,890,8,18,6,0.222222222,881.23,0,0,0
HG05429,31,111300,6,3,1,West,Graduate,5000,3,8,4,0,1225.16,1,0,0
HG05430,41,112600,2,1,0,Northeast,Bachelor's,980,7,15,0,0,894.53,1,0,0
HG05431,44,196500,1,0,0,Midwest,Bachelor's,1750,5,7,2,0,1067.82,0,0,0
HG05432,42,121400,3,0,0,West,Bachelor's,1870,8,21,1,0,1033.25,1,0,0
HG05433,45,61900,1,0,1,West,Some college/associate,980,11,45,8,0,1026.21,1,0,0
HG05434,38,50500,2,0,0,South,High school or less,870,7,29,0,0.333333333,829.2,0,0,0
HG05435,49,179700,2,0,1,West,Graduate,1890,7,22,2,0,1184.92,1,0,0
HG05436,57,124700,2,1,1,West,Graduate,1840,0,0,56,0,1283.85,1,0,0
HG05437,58,45700,4,1,0,Northeast,High school or less,1750,0,0,76,0,857.11,0,0,0
HG05438,64,86200,1,0,0,South,Some college/associate,870,6,25,0,0,1084.27,1,0,0
HG05439,41,112100,5,2,1,Northeast,Bachelor's,3700,6,16,1,0,1162.75,1,1,114.59
HG05440,54,73900,1,0,1,Northeast,High school or less,930,2,14,25,0.7,730.39,0,0,0
HG05441,62,28400,5,1,1,Northeast,Some college/associate,2650,0,0,60,0,914,0,0,0
HG05442,31,95200,2,1,1,South,Some college/associate,1830,5,20,7,0,878.15,0,0,0
HG05443,44,71100,1,0,1,South,Graduate,1440,6,28,13,0,903.16,1,0,0
HG05444,34,62300,2,1,0,South,Some college/associate,1710,1,4,19,0,843,1,1,84.56
HG05445,32,59800,2,1,0,West,Some college/associate,1670,0,0,53,0,979.53,0,0,0
HG05446,29,107400,2,0,0,South,Bachelor's,920,19,47,1,0,1013.89,0,0,0
HG05447,40,109700,1,0,1,Northeast,High school or less,1640,11,45,1,0,925.17,0,0,0
HG05448,49,41300,1,0,1,Northeast,Bachelor's,930,4,14,1,0.227272727,891.22,1,1,248.37
HG05449,72,111700,2,0,1,Midwest,Bachelor's,1630,19,63,1,0,1294.57,1,1,83.55
HG05450,39,120100,2,1,1,West,Graduate,,8,29,3,0,1026.55,0,0,0
HG05451,42,72400,2,1,0,West,High school or less,1300,4,9,3,0,816.3,0,0,0
HG05452,64,,1,0,1,Midwest,High school or less,1240,4,15,2,0,960.11,0,0,0
HG05453,58,50700,1,0,0,West,High school or less,1000,8,31,4,0.333333333,500.32,1,0,0
HG05454,50,64600,1,0,1,Midwest,High school or less,1230,2,9,9,0,852.43,1,0,0
HG05455,27,44300,3,1,1,Northeast,Some college/associate,2210,0,0,105,0,847.94,1,0,0
HG05456,56,50100,2,0,1,South,High school or less,1940,0,0,153,0,775.14,1,0,0
HG05457,55,105800,1,0,1,South,Graduate,1850,10,38,0,0,1202.54,0,1,66.94
HG05458,41,135500,4,3,1,South,Bachelor's,1690,23,57,1,0,1250.62,1,0,0
HG05459,30,53800,4,0,0,West,Bachelor's,2100,0,0,65,0,594.68,1,0,0
HG05460,49,156300,4,2,1,Midwest,Bachelor's,1970,10,20,1,0,1357.09,1,1,391.32
HG05461,47,200600,3,1,1,South,Graduate,3710,5,20,2,0,1259.55,0,0,0
HG05462,48,151700,3,0,1,South,Bachelor's,1670,6,21,6,0,1092.73,1,0,0
HG05463,44,159000,1,0,1,South,Graduate,2040,9,20,3,0,1303.79,0,0,0
HG05464,68,128200,2,0,0,South,Graduate,1370,4,13,3,0,1052.66,0,0,0
HG05465,36,91500,1,0,0,South,High school or less,1420,12,26,0,0,863.79,0,1,109.37
HG05466,23,32400,4,1,0,Northeast,Some college/associate,1450,0,0,72,0,954.21,1,0,0
HG05467,33,144400,4,1,1,West,High school or less,3060,6,28,3,0,1426.81,0,0,0
HG05468,31,58900,1,0,0,Northeast,High school or less,1260,6,16,0,0,863.62,0,0,0
HG05469,63,91700,3,0,1,Midwest,Graduate,1930,0,0,46,0,722.54,0,0,0
HG05470,44,142500,1,0,1,South,Bachelor's,850,13,33,0,0,709.04,1,0,0
HG05471,45,123800,2,0,1,West,Bachelor's,1240,14,41,2,0,1037.76,0,0,0
HG05472,51,161000,4,0,1,South,Graduate,2160,17,63,0,0,1227.39,0,0,0
HG05473,53,49800,3,0,0,Midwest,Some college/associate,1450,0,0,65,0,1082.47,1,0,0
HG05474,59,117400,4,1,1,Northeast,Bachelor's,2330,5,24,2,0,1116.19,1,0,0
HG05475,68,95700,1,0,0,West,Bachelor's,1000,7,16,0,0.444444444,886.85,0,0,0
HG05476,49,120600,1,0,1,South,Bachelor's,1140,4,10,4,0,1060.79,1,0,0
HG05477,65,134700,1,0,0,Northeast,Bachelor's,1120,5,13,4,0,1002.68,0,0,0
HG05478,51,115400,3,2,1,Midwest,Graduate,1800,10,26,3,0,1203.37,0,0,0
HG05479,57,232200,2,0,1,Midwest,Graduate,1460,13,32,6,0,1363.23,0,0,0
HG05480,69,66900,4,0,1,West,Some college/associate,2340,7,37,3,0,836.66,0,0,0
HG05481,25,54000,4,0,1,Northeast,High school or less,1500,9,40,8,0,769.42,1,0,0
HG05482,49,140300,2,0,1,West,Graduate,1800,7,24,11,0,1004.82,0,0,0
HG05483,45,74200,2,0,1,West,Some college/associate,3180,0,0,56,0,839.76,1,0,0
HG05484,31,57400,2,1,0,South,High school or less,860,4,17,5,0,834.4,0,0,0
HG05485,51,119300,2,0,1,South,Some college/associate,1800,14,31,0,0,623.21,0,0,0
HG05486,40,122500,4,0,0,West,Some college/associate,,12,33,0,0,974.28,1,0,0
HG05487,60,133000,2,0,1,South,Bachelor's,1580,5,17,2,0,1342.1,0,0,0
HG05488,43,40500,2,1,1,South,Some college/associate,1550,0,0,93,0,976.69,0,0,0
HG05489,41,179800,5,1,1,West,Graduate,4350,5,24,11,0,1462.41,1,0,0
HG05490,41,40400,4,0,0,South,High school or less,2160,16,48,0,0,972.64,0,0,0
HG05491,55,142500,4,1,0,Midwest,Bachelor's,1960,4,7,10,0,1048.98,1,0,0
HG05492,34,56100,2,1,1,West,High school or less,1390,6,18,5,0,899.17,0,0,0
HG05493,23,37700,3,1,0,West,High school or less,1220,0,0,71,0,795.72,1,0,0
HG05494,37,129900,2,1,1,Midwest,Graduate,2350,0,0,97,0,1063.81,1,0,0
HG05495,49,186200,1,0,1,Midwest,Graduate,1590,7,13,6,0,1042.02,0,1,73.58
HG05496,29,106600,3,1,1,Midwest,High school or less,1530,10,31,0,0.208333333,1101.9,1,0,0
HG05497,56,59200,1,0,1,West,High school or less,1610,4,19,1,0,984.86,1,0,0
HG05498,74,86600,4,0,1,Midwest,Graduate,1930,10,29,2,0,1042.76,1,0,0
HG05499,61,48800,2,1,1,Northeast,High school or less,1160,6,20,4,0,868.73,0,0,0
HG05500,37,82000,1,0,0,South,Some college/associate,1220,4,7,0,0,1068.06,1,0,0
HG05501,50,106500,2,0,1,West,Bachelor's,1920,10,37,1,0,1188.58,1,1,82.22
HG05502,61,62500,1,0,0,Northeast,High school or less,1900,4,11,4,0.2,947.26,0,0,0
HG05503,37,57500,3,0,0,West,High school or less,2080,4,12,9,0,744.73,1,0,0
HG05504,33,53800,2,1,0,West,Bachelor's,1430,0,0,71,0,778.95,0,0,0
HG05505,33,100400,3,1,0,South,Graduate,1110,4,17,5,0,1011.1,1,0,0
HG05506,34,68200,2,0,0,Northeast,High school or less,1160,6,17,1,0,717.21,1,1,60.72
HG05507,49,70400,3,1,1,West,Some college/associate,1850,6,14,9,0.5,1161.92,0,0,0
HG05508,38,129600,3,2,0,West,Graduate,1450,15,45,0,0,827.46,1,0,0
HG05509,60,72000,2,1,0,Northeast,Graduate,1050,9,16,0,0,871.04,0,0,0
HG05510,57,43800,1,0,0,South,Some college/associate,1840,0,0,73,0,852.05,0,0,0
HG05511,21,52300,1,0,1,South,Bachelor's,1820,0,0,80,0,893.32,0,1,157.33
HG05512,35,72000,2,1,1,South,Bachelor's,1240,3,11,15,0,1311.32,1,0,0
HG05513,39,81200,2,0,1,South,Bachelor's,1780,6,23,0,0,1118.61,1,0,0
HG05514,41,,1,0,0,Northeast,High school or less,1340,5,10,3,0.227272727,785.54,1,0,0
HG05515,29,88500,1,0,0,Midwest,Some college/associate,1280,9,22,1,0,977.85,0,0,0
HG05516,56,41400,5,2,1,West,High school or less,3120,10,23,0,0,801.69,0,0,0
HG05517,52,340100,1,0,1,West,Bachelor's,1940,4,4,7,0,1466.53,1,0,0
HG05518,80,70600,1,0,1,South,Bachelor's,1590,4,8,0,0,1140.71,1,0,0
HG05519,57,151700,2,0,1,Midwest,Graduate,1610,5,13,3,0,1548.97,1,0,0
HG05520,38,35500,2,0,1,Northeast,High school or less,980,0,0,56,0,608.12,1,0,0
HG05521,30,52000,4,2,1,Northeast,High school or less,2770,0,0,43,0,924.16,0,0,0
HG05522,50,40600,2,0,1,South,Bachelor's,1330,11,30,0,0,1013.79,0,0,0
HG05523,26,43700,1,0,0,South,High school or less,1340,0,0,108,0,782.36,1,0,0
HG05524,26,61100,1,0,1,West,Graduate,1980,3,6,6,0,978.6,0,0,0
HG05525,58,41200,3,0,1,Northeast,Some college/associate,1040,11,22,2,0,1084.31,1,0,0
HG05526,56,83800,1,0,1,Northeast,High school or less,1160,3,12,17,0.6,1245.4,1,0,0
HG05527,50,115900,4,1,1,South,Some college/associate,2090,7,12,1,0,919.86,1,0,0
HG05528,39,263000,2,0,1,South,Bachelor's,2290,3,7,8,0,1226.55,0,0,0
HG05529,61,74700,4,1,1,West,Bachelor's,1760,7,14,3,0,904.55,1,0,0
HG05530,34,158000,2,1,1,Midwest,Bachelor's,1260,14,34,1,0,1159.44,0,0,0
HG05531,53,35500,2,0,0,West,High school or less,1290,4,8,8,0,715.98,0,0,0
HG05532,40,117800,1,0,1,Midwest,Some college/associate,1530,3,7,5,0,1017.57,1,0,0
HG05533,37,,2,0,1,West,Graduate,1900,0,0,102,0,733.76,0,0,0
HG05534,52,78600,5,2,1,West,Some college/associate,4060,8,29,3,0.210526316,916.75,0,0,0
HG05535,59,90300,4,0,0,West,Some college/associate,2290,12,30,2,0,1092.07,1,0,0
HG05536,43,61800,1,0,1,West,High school or less,1310,9,29,3,0,648.99,1,0,0
HG05537,41,35400,3,2,0,West,High school or less,3080,0,0,64,0,997.98,1,1,87.34
HG05538,50,142300,2,1,1,South,Graduate,2240,7,23,3,0,1253.27,0,1,228.92
HG05539,39,62500,2,1,1,South,Some college/associate,1440,0,0,220,0,932.23,1,0,0
HG05540,64,187100,1,0,1,Northeast,Graduate,1390,6,23,8,0,1193.85,0,0,0
HG05541,22,86800,2,0,0,South,High school or less,1330,8,21,7,0,899.71,1,0,0
HG05542,42,155400,2,1,1,West,High school or less,1380,8,28,0,0,1298.96,1,1,343.19
HG05543,35,56000,3,1,0,West,Bachelor's,2150,0,0,44,0,789.15,1,1,69.82
HG05544,66,,2,0,1,South,High school or less,1420,4,16,2,0,793.26,1,0,0
HG05545,63,251200,2,0,1,Northeast,Graduate,1320,9,33,1,0.388888889,1383.43,1,0,0
HG05546,64,58700,2,1,0,Midwest,High school or less,1600,7,21,1,0.4375,767.48,1,0,0
HG05547,21,91000,3,0,0,West,High school or less,1140,18,61,0,0,796.31,1,0,0
HG05548,43,168000,1,0,0,Northeast,Graduate,1770,2,6,1,0,1237.42,1,1,79.02
HG05549,51,90100,4,1,0,Northeast,Bachelor's,1330,8,19,5,0,862.12,1,0,0
HG05550,20,85300,4,2,1,South,Some college/associate,2380,3,9,3,0,1030.91,1,0,0
HG05551,61,80100,1,0,1,West,Graduate,1800,5,7,11,0,812.79,1,0,0
HG05552,36,,1,0,0,South,Bachelor's,820,10,27,0,0,644.95,0,0,0
HG05553,38,31500,3,1,1,Midwest,High school or less,1470,0,0,59,0,974.4,0,0,0
HG05554,50,124900,2,1,1,West,Bachelor's,1840,4,10,3,0,1274.7,1,0,0
HG05555,69,62200,1,0,1,Northeast,Some college/associate,1280,4,13,3,0.4375,824.05,1,0,0
HG05556,30,36900,2,0,0,Northeast,High school or less,1470,0,0,46,0,663.32,0,0,0
HG05557,25,71400,2,0,1,Northeast,Some college/associate,1890,17,36,2,0,914.31,0,0,0
HG05558,46,33600,1,0,1,West,High school or less,1570,0,0,88,0,874.73,0,0,0
HG05559,40,133100,1,0,0,South,Graduate,1370,3,7,3,0,1054.75,0,0,0
HG05560,42,75500,2,1,0,South,Some college/associate,1010,3,12,11,0,987.63,0,0,0
HG05561,44,53000,3,2,1,Northeast,Graduate,2330,11,33,0,0.4,1120,0,0,0
HG05562,35,66000,1,0,0,West,Some college/associate,930,3,9,0,0,765.35,0,0,0
HG05563,39,48500,2,0,1,South,Some college/associate,1230,16,34,1,0,804.94,1,1,55.78
HG05564,53,80500,2,0,1,Northeast,Bachelor's,1580,0,0,70,0.227272727,1008.98,0,0,0
HG05565,57,117800,3,0,1,South,Bachelor's,1700,22,88,1,0.294117647,1396.7,0,0,0
HG05566,67,87500,2,0,1,South,Some college/associate,1590,8,21,0,0,1065.32,0,0,0
HG05567,48,130900,5,1,1,South,Graduate,3190,3,6,6,0,1303.63,0,0,0
HG05568,46,49400,3,1,0,West,High school or less,1350,0,0,168,0,857.67,0,0,0
HG05569,39,39600,6,2,0,South,Some college/associate,3030,0,0,91,0,920.31,0,0,0
HG05570,40,247700,2,1,1,South,Bachelor's,2260,10,34,4,0,1540.39,0,0,0
HG05571,30,65600,1,0,1,West,High school or less,2140,4,12,0,0,988.8,1,0,0
HG05572,36,127300,2,0,1,Midwest,Some college/associate,1710,3,3,9,0,851.17,1,0,0
HG05573,38,117400,3,1,1,Midwest,High school or less,3080,4,6,8,0,1090.62,1,0,0
HG05574,27,47800,1,0,1,South,High school or less,1180,7,16,1,0,972.9,0,1,84.79
HG05575,51,71000,1,0,0,West,Graduate,1610,1,7,29,0,1343.4,1,0,0
HG05576,43,29200,3,1,0,Northeast,High school or less,1400,0,0,70,0,788.84,0,1,69.72
HG05577,59,62300,1,0,1,West,Some college/associate,1450,11,22,1,0,1180.48,0,0,0
HG05578,41,97900,2,0,1,South,Bachelor's,1790,2,4,8,0,1121.37,1,1,164.13
HG05579,39,281200,2,0,1,Midwest,Bachelor's,1660,11,37,7,0,1409.66,1,0,0
HG05580,75,,2,1,0,West,Bachelor's,1590,4,11,12,0,1208.18,1,0,0
HG05581,28,118400,2,0,0,Northeast,Bachelor's,1920,8,19,2,0,1010.29,1,0,0
HG05582,45,81500,3,1,1,South,Graduate,3110,0,0,66,0,947.61,0,0,0
HG05583,31,42400,1,0,0,Northeast,Bachelor's,1450,18,52,1,0,941.96,0,0,0
HG05584,50,132100,2,0,1,Northeast,Bachelor's,2410,5,17,2,0.238095238,1012.42,0,1,26.68
HG05585,52,199700,2,1,1,Midwest,Bachelor's,1930,17,62,1,0,1514.56,0,0,0
HG05586,46,70900,1,0,1,South,Bachelor's,1310,4,8,5,0,707.82,1,0,0
HG05587,33,42600,1,0,1,West,High school or less,1000,7,18,1,0,781.28,0,0,0
HG05588,31,87300,6,0,1,South,Some college/associate,2470,17,53,0,0,952.85,0,0,0
HG05589,37,201200,3,2,1,West,Bachelor's,1540,11,15,1,0,1361.02,0,0,0
HG05590,60,116800,2,0,1,Midwest,Graduate,1580,11,20,0,0.45,1214.23,1,0,0
HG05591,62,135100,1,0,1,South,Graduate,1960,2,6,0,0,1152.51,0,0,0
HG05592,42,87800,1,0,1,South,Bachelor's,1370,11,29,0,0,833.31,1,1,116.47
HG05593,19,67000,6,1,0,Midwest,High school or less,2540,11,31,2,0,1191.87,1,1,44.76
HG05594,46,134700,2,0,1,Northeast,Bachelor's,2120,9,22,3,0,1202.91,1,0,0
HG05595,46,35300,2,0,1,South,High school or less,1120,0,0,83,0,777.22,1,1,244.82
HG05596,61,60700,1,0,0,Midwest,Some college/associate,1280,0,0,65,0.375,791.99,1,0,0
HG05597,46,63400,3,1,1,Midwest,High school or less,2120,0,0,102,0,926.81,0,0,0
HG05598,42,125500,5,3,1,South,Some college/associate,2670,12,25,0,0,1207.99,1,1,338.9
HG05599,38,116200,6,4,1,Northeast,Graduate,3410,0,0,108,0,1181.91,0,0,0
HG05600,55,109600,2,0,1,West,Graduate,1320,3,12,4,0.583333333,1272.4,0,0,0
HG05601,51,137300,2,1,1,Midwest,Some college/associate,1180,14,48,0,0,1155.54,1,1,485.8
HG05602,54,194400,3,0,1,West,Bachelor's,1930,10,23,1,0,1318.69,1,0,0
HG05603,48,33500,1,0,0,Northeast,High school or less,600,9,20,0,0,917.67,0,0,0
HG05604,39,78800,1,0,1,Midwest,Bachelor's,1120,17,65,0,0,761.28,1,0,0
HG05605,35,37700,1,0,1,West,High school or less,850,11,24,3,0,671.5,1,0,0
HG05606,67,73600,1,0,1,Midwest,High school or less,1790,7,13,2,0,769.46,0,0,0
HG05607,45,76200,1,0,1,South,Bachelor's,900,12,40,1,0,1125.35,0,0,0
HG05608,54,64300,2,0,1,Northeast,High school or less,1320,10,24,1,0.416666667,1054.82,0,1,183
HG05609,38,147100,2,1,1,Midwest,Graduate,,17,29,0,0,1034.17,0,0,0
HG05610,47,51400,3,0,1,South,Bachelor's,2230,0,0,68,0,855.56,1,0,0
HG05611,35,56500,1,0,1,West,Bachelor's,1010,7,20,4,0,681.49,0,1,132.72
HG05612,56,48100,2,0,1,South,Bachelor's,1820,0,0,53,0,889.8,0,0,0
HG05613,35,76900,3,0,0,Northeast,Bachelor's,1810,12,52,3,0,795.72,0,0,0
HG05614,56,190900,3,1,1,Northeast,Graduate,2410,6,27,1,0,1395.59,1,1,70.62
HG05615,61,82100,2,0,1,Northeast,High school or less,1930,5,8,0,0,817.36,1,0,0
HG05616,57,82100,1,0,1,West,Some college/associate,1190,0,0,137,0,905.03,0,0,0
HG05617,65,148900,1,0,1,West,Graduate,1740,16,17,3,0,991.74,1,1,51.78
HG05618,48,50900,1,0,1,Midwest,Bachelor's,1920,7,24,8,0,913.89,0,0,0
HG05619,30,65200,4,2,1,West,High school or less,1820,0,0,69,0,1074.63,0,0,0
HG05620,70,110300,2,0,1,South,Some college/associate,2610,0,0,100,0,1030.19,0,0,0
HG05621,48,104100,1,0,0,Midwest,Bachelor's,970,5,22,3,0,937.78,0,0,0
HG05622,36,31900,2,0,0,West,High school or less,840,0,0,81,0,564.08,1,0,0
HG05623,38,88800,1,0,1,South,Graduate,1660,2,1,5,0,1020,1,0,0
HG05624,49,266900,4,2,0,South,Graduate,2820,15,31,0,0,1423.54,1,0,0
HG05625,63,113100,3,1,0,Northeast,Some college/associate,2020,6,20,2,0,1217.17,1,0,0
HG05626,68,157800,1,0,1,South,Graduate,1740,6,21,0,0,1406.64,1,0,0
HG05627,50,162300,3,0,1,South,Bachelor's,2000,5,12,11,0,1290.2,0,1,284.61
HG05628,46,74800,2,1,1,Midwest,Some college/associate,1260,8,22,0,0,1056.29,0,1,46
HG05629,36,98500,1,0,1,South,Graduate,1330,4,10,17,0,961.19,1,0,0
HG05630,22,51000,3,0,1,Midwest,High school or less,1470,3,11,5,0,861.96,0,0,0
HG05631,39,34300,2,0,0,Northeast,High school or less,940,0,0,59,0,844.12,1,1,6.38
HG05632,43,63100,2,1,1,South,High school or less,1860,0,0,46,0,1123.74,1,0,0
HG05633,42,72400,1,0,0,South,Bachelor's,1290,3,8,9,0.333333333,747.54,1,1,269.6
HG05634,49,64600,1,0,1,Midwest,High school or less,1080,8,34,0,0,926.11,0,0,0
HG05635,47,229200,2,0,1,South,Some college/associate,2240,5,13,7,0,1199.23,0,0,0
HG05636,36,30200,4,1,0,Northeast,High school or less,1020,7,18,2,0,625.95,0,0,0
HG05637,36,67700,3,1,1,Midwest,High school or less,1790,7,28,3,0,811.19,1,1,77.39
HG05638,37,109300,2,1,1,South,Graduate,1630,6,18,4,0,1384.36,1,0,0
HG05639,24,46200,2,0,0,South,Some college/associate,890,6,15,9,0,715.38,0,0,0
HG05640,35,142300,3,1,1,South,Bachelor's,1760,7,21,5,0,819.33,1,0,0
HG05641,46,63600,1,0,0,West,Some college/associate,830,5,30,3,0,848.54,1,0,0
HG05642,33,50400,3,0,1,South,High school or less,1190,8,35,1,0,635.72,0,0,0
HG05643,42,42500,1,0,1,Midwest,High school or less,890,5,18,4,0,516.06,1,0,0
HG05644,67,,1,0,0,South,Bachelor's,1000,7,18,3,0,901.55,0,0,0
HG05645,36,38600,3,1,1,West,High school or less,1960,4,13,0,0,750.98,0,0,0
HG05646,43,44400,5,3,1,West,High school or less,1780,14,43,3,0,1012.53,1,0,0
HG05647,24,46500,4,1,1,South,High school or less,990,8,31,2,0,976.65,1,0,0
HG05648,52,87600,1,0,1,Northeast,Graduate,1430,9,33,4,0.2,1016.21,1,0,0
HG05649,75,163200,2,0,1,West,Graduate,2700,0,0,71,0,1302.41,0,0,0
HG05650,38,46300,3,2,0,South,Some college/associate,2280,0,0,53,0,828.73,0,0,0
HG05651,35,83200,5,2,1,Northeast,Some college/associate,2250,8,22,0,0,1098.74,1,0,0
HG05652,66,96000,4,0,1,South,Bachelor's,2810,5,19,1,0,1274.48,1,1,120.21
HG05653,55,102100,1,0,1,West,Bachelor's,1640,2,11,11,0,1286.41,1,1,118.68
HG05654,43,103900,4,0,1,West,High school or less,2250,6,22,1,0,1096.28,0,0,0
HG05655,45,77700,2,0,1,West,Graduate,1980,6,15,2,0,866.87,1,0,0
HG05656,40,36200,3,0,0,South,High school or less,1130,12,31,1,0,724.79,1,0,0
HG05657,41,69800,4,1,1,West,Bachelor's,3940,0,0,96,0,1306.7,1,0,0
HG05658,46,131900,2,0,1,South,Some college/associate,2390,4,12,3,0,1042.49,0,1,150.78
HG05659,58,52100,2,1,1,Midwest,Some college/associate,1570,0,0,55,0,704.61,1,0,0
HG05660,54,46400,1,0,1,West,High school or less,1720,0,0,47,0,842.71,1,0,0
HG05661,40,88600,2,0,1,South,High school or less,1160,9,28,1,0,871.04,1,0,0
HG05662,21,60800,4,1,1,Midwest,High school or less,2710,0,0,54,0,1046.43,1,0,0
HG05663,49,113300,1,0,1,West,Some college/associate,1240,12,36,2,0,942.61,0,0,0
HG05664,71,39900,1,0,1,Midwest,Bachelor's,1450,6,14,2,0.333333333,909.8,0,1,33.4
HG05665,49,64300,1,0,0,Northeast,High school or less,1480,11,39,8,0.357142857,1086.28,1,1,124.61
HG05666,39,16200,1,0,0,West,High school or less,950,0,0,65,0,810.71,0,0,0
HG05667,48,,3,0,1,West,Bachelor's,2170,9,29,1,0,1047.95,0,0,0
HG05668,38,28500,3,1,1,Midwest,High school or less,1540,0,0,44,0,866.27,1,0,0
HG05669,23,70800,1,0,0,Northeast,High school or less,1040,6,25,2,0,843.66,0,0,0
HG05670,38,175000,4,1,1,Northeast,Bachelor's,2450,6,22,9,0,1154.72,1,0,0
HG05671,33,79700,5,1,1,Northeast,Bachelor's,3690,0,0,63,0,1223.58,1,0,0
HG05672,28,159200,1,0,0,Midwest,Bachelor's,1870,5,19,1,0,869.53,0,0,0
HG05673,54,61200,1,0,1,Northeast,Some college/associate,1550,6,14,4,0,1218.54,1,0,0
HG05674,26,61300,1,0,0,South,Some college/associate,1000,3,6,19,0,770.53,0,0,0
HG05675,44,46100,5,2,0,South,High school or less,1500,9,28,3,0,1069.49,1,1,28.17
HG05676,30,42100,2,1,1,Northeast,High school or less,1600,4,15,11,0,732.71,0,0,0
HG05677,52,60900,2,1,1,Northeast,Some college/associate,1540,7,13,1,0.227272727,1152.45,1,0,0
HG05678,44,31600,1,0,0,Midwest,Some college/associate,1120,4,9,9,0.333333333,881.04,0,0,0
HG05679,49,188500,3,1,1,Northeast,Bachelor's,2130,14,30,0,0,1346.44,1,0,0
HG05680,43,350000,3,1,0,Northeast,Graduate,2210,7,24,2,0,1584.33,1,1,390.81
HG05681,52,147100,3,1,1,Northeast,Bachelor's,1840,10,19,0,0,1094.11,0,0,0
HG05682,41,193300,3,1,0,Northeast,Bachelor's,1800,9,19,1,0,1127.13,1,0,0
HG05683,55,90200,3,0,1,Midwest,Bachelor's,1540,4,15,3,0,903.4,0,0,0
HG05684,43,178300,1,0,0,West,Bachelor's,1760,3,3,15,0,1219.17,0,1,394.53
HG05685,38,119900,4,1,0,South,Some college/associate,1500,7,14,2,0,874.75,1,0,0
HG05686,62,68500,3,0,1,Midwest,Some college/associate,1720,4,8,1,0,953.27,0,0,0
HG05687,43,65200,3,1,1,West,Some college/associate,1720,0,0,57,0,1097.49,1,0,0
HG05688,44,137900,2,0,1,West,Bachelor's,1680,8,16,1,0,1105.19,1,0,0
HG05689,55,282200,2,0,1,Midwest,Graduate,2300,8,21,5,0,1448.14,1,0,0
HG05690,40,26900,3,1,0,West,High school or less,1150,20,56,0,0,1128.55,1,1,89.16
HG05691,38,69900,2,0,1,South,Bachelor's,2750,0,0,49,0,701.64,1,0,0
HG05692,52,150900,1,0,1,Northeast,Graduate,1310,7,28,2,0,946.63,0,0,0
HG05693,46,32100,4,3,0,Northeast,High school or less,1460,0,0,76,0,1157.46,0,0,0
HG05694,64,92500,1,0,0,West,Some college/associate,1320,8,8,5,0.166666667,822.3,1,1,107.66
HG05695,43,149000,4,1,1,Midwest,Bachelor's,2180,9,18,1,0,1321.34,0,0,0
HG05696,43,109500,4,0,1,South,Some college/associate,2480,9,16,10,0,932.78,0,0,0
HG05697,69,139400,1,0,1,South,Bachelor's,1980,3,12,4,0,1038.65,0,0,0
HG05698,70,102600,1,0,0,Midwest,Some college/associate,2970,4,16,8,0,1057.84,0,0,0
HG05699,52,148400,1,0,1,West,Some college/associate,1980,4,14,18,0,1338.85,0,1,55.14
HG05700,49,58100,4,3,1,Midwest,Bachelor's,3790,0,0,64,0,1213.62,0,0,0
HG05701,21,116400,2,1,0,South,Bachelor's,1350,13,20,1,0,877.69,0,0,0
HG05702,41,91600,4,1,1,South,Some college/associate,3120,8,13,1,0,971.81,1,0,0
HG05703,49,69500,3,0,0,Midwest,High school or less,3220,0,0,52,0,1048.19,0,0,0
HG05704,34,157100,2,0,0,Midwest,Some college/associate,1630,7,9,1,0,1166.01,0,0,0
HG05705,45,62400,5,4,0,South,High school or less,3170,0,0,66,0,1099.96,1,0,0
HG05706,47,86200,3,1,1,West,Some college/associate,1710,3,10,9,0,987.2,1,0,0
HG05707,46,78900,4,0,1,South,Graduate,1390,10,40,1,0,939.69,0,0,0
HG05708,50,49300,3,0,1,Northeast,High school or less,2540,0,0,78,0,1036.67,0,0,0
HG05709,36,71300,2,1,1,South,High school or less,1440,8,43,3,0,529.8,0,0,0
HG05710,43,59600,2,0,1,South,High school or less,1610,7,12,1,0,864.06,1,0,0
HG05711,63,350000,5,0,1,West,Graduate,4310,5,18,0,0,1867.03,0,0,0
HG05712,26,,3,0,1,South,Bachelor's,1860,10,49,1,0,1015.26,0,0,0
HG05713,45,70800,2,1,1,South,Some college/associate,1380,0,0,59,0,754.56,1,0,0
HG05714,44,55800,1,0,1,West,Some college/associate,1150,2,5,22,0,579.62,1,1,35.55
HG05715,33,44600,2,0,1,South,High school or less,950,2,4,0,0.368421053,930.17,0,0,0
HG05716,46,75900,2,0,1,South,Graduate,1220,7,23,0,0,907.99,0,0,0
HG05717,55,109400,1,0,1,West,Some college/associate,1410,6,17,3,0,886.21,0,0,0
HG05718,47,260000,1,0,1,West,Graduate,1980,9,24,0,0,1073.82,0,0,0
HG05719,24,88300,4,0,0,South,Bachelor's,2170,15,36,0,0,1358.41,0,1,279.32
HG05720,31,54900,1,0,1,Northeast,High school or less,870,5,19,6,0,657.44,0,0,0
HG05721,67,67800,3,0,1,West,Some college/associate,1470,11,22,3,0,1064.63,1,0,0
HG05722,48,94200,5,2,0,Midwest,High school or less,2490,12,39,0,0,988.72,0,0,0
HG05723,69,133000,4,1,0,West,Bachelor's,2120,0,0,40,0,1411.56,0,0,0
HG05724,20,132800,2,0,1,Northeast,Some college/associate,2140,6,18,3,0,1094.58,0,0,0
HG05725,54,70500,2,0,1,South,Graduate,1280,0,0,49,0,857.3,1,0,0
HG05726,70,66900,6,0,1,Midwest,High school or less,2510,0,0,61,0,895.12,0,0,0
HG05727,24,42900,2,1,1,Midwest,High school or less,1320,0,0,49,0,629.06,0,0,0
HG05728,57,84900,2,0,1,West,Some college/associate,1820,7,16,2,0,1267.37,1,1,238.76
HG05729,56,106300,3,0,1,Northeast,Some college/associate,1640,0,0,184,0,998.46,0,0,0
HG05730,50,72500,4,1,1,South,High school or less,3230,0,0,54,0,1236.43,1,0,0
HG05731,65,103200,1,0,1,Northeast,Bachelor's,1590,11,38,0,0,998.05,1,1,121.17
HG05732,53,294200,2,1,1,South,Bachelor's,1580,10,25,0,0,1587.84,1,0,0
HG05733,47,24600,2,1,1,Midwest,High school or less,1500,0,0,112,0,610.81,1,0,0
HG05734,58,147000,2,0,1,South,Graduate,1550,5,15,0,0,917.87,1,1,117.12
HG05735,41,22000,4,1,1,Northeast,Some college/associate,890,13,28,0,0,649.3,1,0,0
HG05736,58,112100,2,0,1,South,Graduate,2940,0,0,91,0,1209.71,1,0,0
HG05737,39,94200,2,0,1,South,Bachelor's,1410,7,19,2,0,843.18,1,0,0
HG05738,55,68600,5,0,1,South,Some college/associate,1550,9,21,4,0,1240.02,1,1,232.58
HG05739,62,116500,2,0,0,Midwest,Graduate,1320,6,25,5,0,1037.06,1,0,0
HG05740,52,42600,2,1,1,South,Some college/associate,1570,7,19,4,0,861.11,1,0,0
HG05741,51,93500,2,1,0,Midwest,High school or less,1620,7,18,0,0,991.87,0,0,0
HG05742,22,149700,5,0,1,Northeast,Bachelor's,3260,8,21,10,0,968.3,1,1,138.7
HG05743,26,18500,2,0,0,South,High school or less,780,5,22,1,0,763.93,1,0,0
HG05744,29,64700,6,2,1,West,High school or less,3180,0,0,48,0,1321.82,0,0,0
HG05745,47,93800,2,1,1,West,Some college/associate,1590,1,3,29,0,1122.45,1,0,0
HG05746,41,60400,2,1,0,Midwest,Bachelor's,2310,0,0,89,0,573.63,1,0,0
HG05747,62,121600,4,1,1,South,Bachelor's,4070,0,0,162,0,1369.66,1,0,0
HG05748,57,155500,1,0,0,South,Graduate,1280,6,20,3,0,1237.58,1,1,90.95
HG05749,47,97600,2,0,1,South,Bachelor's,1840,18,30,3,0,879.83,0,0,0
HG05750,36,185600,3,1,1,Midwest,Bachelor's,2330,5,7,4,0,1120.07,0,0,0
HG05751,27,,4,0,0,South,Some college/associate,1710,10,22,3,0,798.52,0,0,0
HG05752,68,152000,1,0,1,West,Some college/associate,1770,11,61,0,0,818.82,1,0,0
HG05753,37,110900,5,2,0,Northeast,Bachelor's,1950,6,12,1,0,1107.25,1,0,0
HG05754,35,123000,2,0,0,Northeast,Bachelor's,1240,0,0,56,0,1081.77,0,1,85.59
HG05755,72,109800,3,0,0,South,Some college/associate,2730,0,0,55,0,1147.23,1,1,88.63
HG05756,35,47600,1,0,1,South,Some college/associate,1350,7,29,0,0,1172.14,0,1,276.55
HG05757,37,80200,2,0,1,West,Some college/associate,2900,0,0,84,0,1162.66,1,1,116.69
HG05758,58,55600,6,1,1,West,High school or less,2150,8,26,0,0,1035.18,0,0,0
HG05759,56,107000,3,0,0,South,Some college/associate,1940,13,22,4,0,902.27,1,0,0
HG05760,34,204400,3,2,1,Northeast,Graduate,2820,6,15,3,0,1226.36,0,0,0
HG05761,39,66400,2,0,1,West,High school or less,970,11,31,0,0,895.81,1,0,0
HG05762,37,34300,6,2,1,West,Some college/associate,3020,0,0,97,0,1057.32,0,0,0
HG05763,66,94600,1,0,1,Midwest,High school or less,1680,5,20,1,0,920.92,1,0,0
HG05764,38,79800,1,0,0,Midwest,Bachelor's,1450,7,17,8,0,666.96,1,1,174.65
HG05765,21,39400,2,0,0,South,High school or less,1390,6,20,1,0,713.24,0,0,0
HG05766,62,58400,1,0,0,Midwest,High school or less,1140,5,14,3,0,680.03,0,0,0
HG05767,63,43800,1,0,1,Northeast,Some college/associate,1600,0,0,224,0,811.51,1,0,0
HG05768,33,118600,4,2,1,Midwest,Bachelor's,2340,10,27,1,0,1057.13,0,0,0
HG05769,48,40400,2,0,0,West,High school or less,950,9,31,4,0,1015.1,1,0,0
HG05770,41,81300,2,1,0,Midwest,Bachelor's,1310,7,19,0,0,940.82,0,1,210.03
HG05771,60,159600,2,0,1,South,Bachelor's,1770,4,16,8,0,1327.81,1,0,0
HG05772,62,177300,3,0,1,Midwest,Graduate,2550,10,38,4,0,919.53,1,0,0
HG05773,37,33600,3,1,1,South,High school or less,1350,2,6,4,0,905.28,1,0,0
HG05774,74,71100,3,0,1,Northeast,Some college/associate,2450,4,4,4,0.333333333,763.62,0,1,57.45
HG05775,50,21300,3,2,1,West,High school or less,1300,5,18,4,0,971.41,1,0,0
HG05776,50,119800,2,0,1,West,Bachelor's,1540,6,16,2,0,1215.11,0,0,0
HG05777,52,260700,5,3,1,West,Graduate,3110,7,23,3,0,1591.55,1,0,0
HG05778,49,60600,1,0,1,South,Bachelor's,1450,0,0,69,0,1048.13,1,0,0
HG05779,52,154100,2,1,1,West,Bachelor's,1400,5,24,9,0,1326.25,1,1,415.65
HG05780,77,121500,1,0,1,West,Bachelor's,1380,8,26,1,0,1251.02,1,0,0
HG05781,69,48100,1,0,1,South,Some college/associate,1220,7,32,9,0.263157895,1180.13,0,1,125.55
HG05782,51,79600,4,2,0,South,Some college/associate,2260,18,82,1,0,1284.15,0,1,135.74
HG05783,43,64200,1,0,0,South,Some college/associate,890,9,59,3,0,587.86,1,0,0
HG05784,47,164900,3,0,1,Northeast,Graduate,1700,10,21,5,0,1270.14,1,0,0
HG05785,51,34800,6,3,1,Northeast,High school or less,2810,0,0,96,0,916.26,1,0,0
HG05786,54,91100,2,0,1,Northeast,Bachelor's,1730,4,11,4,0,1062.08,0,0,0
HG05787,55,131700,1,0,0,South,Some college/associate,1080,6,16,1,0.111111111,709.73,1,0,0
HG05788,43,155400,2,1,1,South,Some college/associate,2050,3,6,11,0,1023.57,1,0,0
HG05789,54,71300,4,0,0,South,High school or less,1790,9,39,4,0,668.15,1,0,0
HG05790,34,181400,1,0,1,Northeast,Graduate,1940,3,8,9,0,1216.69,1,1,76.7
HG05791,23,16800,2,0,1,Midwest,High school or less,1300,0,0,70,0,504.29,1,0,0
HG05792,60,86400,2,0,1,South,Some college/associate,1700,15,46,2,0,888.69,1,1,51.29
HG05793,61,160600,1,0,1,South,Bachelor's,1830,9,16,2,0,1135.86,1,0,0
HG05794,61,76700,5,0,0,Midwest,Some college/associate,2740,0,0,149,0,1140.76,1,0,0
HG05795,40,178000,3,1,1,South,Bachelor's,2810,3,11,1,0,1064.35,0,0,0
HG05796,31,24600,2,0,0,South,High school or less,1240,0,0,102,0,680.66,1,0,0
HG05797,40,87400,2,0,1,South,High school or less,1800,3,8,12,0,1086.76,1,1,140.7
HG05798,58,96900,2,1,0,Northeast,High school or less,2070,6,7,15,0.238095238,994.2,0,0,0
HG05799,26,29300,1,0,1,South,High school or less,920,7,29,7,0.25,769.14,1,0,0
HG05800,52,75800,3,2,1,South,Bachelor's,2310,5,31,1,0.416666667,1012.2,0,0,0
HG05801,67,111400,3,0,1,South,Bachelor's,2630,0,0,44,0,1016.21,1,0,0
HG05802,43,98200,2,0,1,South,Graduate,1520,10,23,1,0,1063.9,1,1,222.34
HG05803,41,103600,3,0,1,Midwest,Graduate,1900,4,14,0,0,1093.97,0,0,0
HG05804,42,136100,6,1,1,South,Bachelor's,3440,10,36,0,0,1205.07,0,1,187.54
HG05805,48,84400,1,0,0,Midwest,High school or less,1140,8,18,0,0,930.32,1,1,70.11
HG05806,60,63200,1,0,0,West,Some college/associate,1620,3,2,10,0,607.18,0,0,0
HG05807,70,119700,1,0,1,Northeast,Bachelor's,2100,7,26,2,0.5,929.3,1,0,0
HG05808,25,84500,1,0,1,South,Bachelor's,1750,20,88,1,0,1058.7,1,0,0
HG05809,55,75200,2,0,0,West,Some college/associate,1700,0,0,79,0,820.43,1,0,0
HG05810,47,101900,1,0,0,West,High school or less,1300,8,12,3,0,1006.49,1,1,70.84
HG05811,34,27800,1,0,0,West,Some college/associate,1010,0,0,66,0,713.41,0,0,0
HG05812,26,84300,4,1,0,South,Some college/associate,1450,6,24,6,0,1073.15,1,0,0
HG05813,49,37600,1,0,1,West,High school or less,960,5,17,13,0.260869565,950.39,1,0,0
HG05814,63,48800,2,1,0,Northeast,High school or less,580,15,27,5,0,715.14,1,0,0
HG05815,63,122000,1,0,1,Northeast,Bachelor's,1920,7,24,0,0.375,860.79,0,0,0
HG05816,34,100300,2,0,1,Northeast,High school or less,1790,9,36,0,0,980.21,0,0,0
HG05817,32,117200,5,3,1,South,Bachelor's,2530,9,17,0,0,1059.66,1,1,62.41
HG05818,41,94500,2,1,1,Midwest,Bachelor's,2230,4,11,6,0.176470588,956.88,0,0,0
HG05819,71,,2,0,1,South,Bachelor's,2200,8,20,5,0,1047,1,1,89.32
HG05820,45,139600,4,2,1,South,Graduate,2570,5,22,7,0,1119.87,1,0,0
HG05821,55,75200,1,0,1,Northeast,Some college/associate,1710,6,14,6,0.25,795.38,1,1,34.55
HG05822,51,66200,2,0,1,Northeast,Some college/associate,1360,4,10,12,0,1059.37,1,1,162.6
HG05823,46,78900,4,1,1,Northeast,Bachelor's,2780,8,25,4,0.444444444,925.24,1,0,0
HG05824,59,141200,1,0,1,Midwest,Bachelor's,1290,7,36,4,0,829.27,0,0,0
HG05825,46,45400,1,0,1,Northeast,High school or less,1020,3,7,12,0.363636364,838.46,1,1,139.27
HG05826,55,350000,1,0,1,Midwest,Bachelor's,1760,6,11,0,0,1450.74,1,0,0
HG05827,62,69300,1,0,1,South,Some college/associate,980,5,18,6,0,1045.22,0,0,0
HG05828,29,59500,1,0,0,Midwest,Some college/associate,1440,7,21,2,0,694.38,1,0,0
HG05829,23,38000,2,0,0,West,High school or less,1430,0,0,114,0,610.18,1,0,0
HG05830,31,45300,3,1,1,West,High school or less,2460,0,0,66,0,876.89,0,0,0
HG05831,21,69400,2,1,0,West,High school or less,780,22,71,0,0,1189.91,0,1,225.07
HG05832,54,55300,4,0,1,Midwest,High school or less,3010,0,0,67,0,1048.21,0,0,0
HG05833,27,83300,1,0,0,West,Some college/associate,890,14,28,1,0,701.55,0,0,0
HG05834,65,54400,1,0,1,Midwest,High school or less,1660,3,9,9,0.3,1272.04,1,0,0
HG05835,33,44900,5,2,0,Northeast,High school or less,2230,4,11,6,0.380952381,1132.1,1,1,52.64
HG05836,53,75900,2,0,0,Northeast,Some college/associate,1940,10,34,0,0,938.33,0,0,0
HG05837,71,94100,5,0,1,West,Bachelor's,3580,0,0,38,0,1264.24,1,1,549.61
HG05838,33,81900,1,0,1,South,Some college/associate,870,9,40,3,0,1198.13,1,1,79.56
HG05839,47,34000,2,0,1,South,Some college/associate,770,12,32,3,0,805.76,1,1,196.6
HG05840,53,95000,2,0,1,South,Some college/associate,2550,7,21,3,0,1248.73,1,0,0
HG05841,62,64900,2,0,1,South,Graduate,2010,0,0,99,0,988.15,0,0,0
HG05842,54,118300,5,0,0,Midwest,Bachelor's,2220,8,27,3,0,995.26,0,0,0
HG05843,63,110200,2,0,1,South,Graduate,1440,7,25,7,0,1047.75,1,0,0
HG05844,33,36400,3,1,0,South,High school or less,1870,0,0,65,0,698.32,1,0,0
HG05845,31,84000,2,0,0,Northeast,Graduate,1050,19,71,0,0,1051.1,0,0,0
HG05846,43,105300,4,1,0,South,Some college/associate,2770,9,21,5,0,1045.25,0,1,114.5
HG05847,46,74200,1,0,1,South,High school or less,890,9,16,5,0,727.49,0,0,0
HG05848,59,220500,1,0,1,West,Graduate,1740,22,55,2,0,1100.33,1,0,0
HG05849,56,209600,4,0,1,South,Bachelor's,2490,7,22,1,0,1457.69,1,0,0
HG05850,54,77900,1,0,1,West,Some college/associate,950,7,23,3,0,696.12,1,0,0
HG05851,36,81800,2,1,1,West,Some college/associate,1540,8,29,1,0,844.64,1,0,0
HG05852,69,85600,2,0,1,Midwest,High school or less,1270,8,45,5,0,1056.63,0,0,0
HG05853,37,61400,1,0,1,Midwest,High school or less,1250,9,24,0,0,1017.47,1,1,83.63
HG05854,53,72600,3,1,1,West,High school or less,1570,5,23,1,0,1152.39,0,0,0
HG05855,44,49500,3,1,1,South,Some college/associate,2170,0,0,53,0,1232.81,1,0,0
HG05856,45,49000,2,0,0,West,Some college/associate,850,6,13,3,0.117647059,527.12,1,0,0
HG05857,24,28000,1,0,0,South,High school or less,760,6,32,3,0,814.29,1,0,0
HG05858,31,100200,3,0,1,West,Some college/associate,2050,14,61,1,0,1293.05,0,1,165.2
HG05859,36,90100,1,0,0,South,High school or less,990,11,24,1,0,983.95,0,1,107.22
HG05860,31,65900,1,0,1,South,High school or less,820,14,36,1,0,909.96,1,1,77.85
HG05861,37,88300,2,0,1,West,Bachelor's,2150,10,33,0,0,903.07,1,0,0
HG05862,32,17400,2,0,0,South,High school or less,820,0,0,112,0,595.18,1,0,0
HG05863,52,52800,2,0,1,Northeast,High school or less,1830,0,0,92,0,1026.3,1,0,0
HG05864,40,64600,6,0,1,South,High school or less,4000,4,10,1,0,972.5,0,0,0
HG05865,44,70400,5,2,0,South,High school or less,3650,0,0,86,0,1245.95,0,0,0
HG05866,70,56200,1,0,1,West,High school or less,1580,7,23,3,0,874.92,0,0,0
HG05867,53,91900,2,0,1,West,Graduate,1900,0,0,149,0,762.31,0,0,0
HG05868,62,50200,3,0,1,West,Bachelor's,2180,0,0,46,0,970.24,0,0,0
HG05869,68,61300,1,0,1,South,Some college/associate,1250,4,16,1,0,850.78,0,1,233.15
HG05870,68,79700,1,0,1,West,Graduate,,6,27,8,0,1039.61,1,0,0
HG05871,63,121300,1,0,1,Midwest,Bachelor's,1080,4,8,1,0,1034.9,0,0,0
HG05872,60,66300,2,0,1,West,High school or less,2190,0,0,128,0,739.08,1,1,128.88
HG05873,20,45800,2,0,0,South,Some college/associate,990,1,4,3,0,577.32,0,0,0
HG05874,45,199600,2,0,1,South,Graduate,1910,5,10,13,0,1174.49,0,1,89.72
HG05875,57,241600,4,0,1,South,Graduate,2270,9,31,3,0,1237.52,1,0,0
HG05876,45,60500,2,0,1,Midwest,Some college/associate,1690,0,0,47,0,1325.47,1,0,0
HG05877,35,51400,1,0,1,Northeast,High school or less,1620,0,0,53,0,1128.22,0,0,0
HG05878,46,85600,3,1,1,Midwest,Graduate,1210,22,59,1,0,1031.66,1,0,0
HG05879,41,176900,4,2,1,West,Graduate,2680,8,17,0,0,1333.15,1,1,124.88
HG05880,37,90600,5,2,0,Midwest,Bachelor's,2330,12,32,4,0,1166.58,1,0,0
HG05881,33,137600,3,1,0,South,Graduate,1440,13,37,0,0,1164.85,1,0,0
HG05882,37,38400,1,0,1,South,High school or less,1160,10,37,0,0,703.08,1,0,0
HG05883,37,87200,5,2,0,West,Bachelor's,1590,15,46,0,0,1097.07,0,1,285.15
HG05884,62,97100,5,2,1,South,Some college/associate,3730,0,0,127,0,1240.97,0,0,0
HG05885,48,55700,1,0,1,Midwest,Some college/associate,1190,8,27,4,0,807.53,0,0,0
HG05886,35,110300,4,1,1,Midwest,Graduate,1640,7,22,3,0,1222.66,0,1,131.88
HG05887,48,59400,4,1,1,Northeast,High school or less,1780,4,13,1,0,986.71,1,0,0
HG05888,40,38900,2,1,0,Midwest,High school or less,1160,5,16,2,0.090909091,927.39,1,0,0
HG05889,32,121900,2,1,1,South,Some college/associate,1730,4,11,5,0,970.89,0,0,0
HG05890,50,69200,2,0,1,South,Bachelor's,2990,0,0,48,0,976.53,0,0,0
HG05891,51,78900,1,0,0,West,High school or less,1800,4,14,7,0.176470588,1023.11,0,0,0
HG05892,49,66200,3,1,1,Northeast,High school or less,2670,6,24,2,0.384615385,956.02,1,0,0
HG05893,49,71600,2,0,1,South,Some college/associate,1490,3,7,1,0.466666667,993.02,0,0,0
HG05894,48,48200,3,0,0,Northeast,Bachelor's,1510,0,0,81,0,1030.36,1,0,0
HG05895,44,35800,2,0,1,South,Some college/associate,1000,0,0,83,0,697.34,0,0,0
HG05896,60,62700,2,0,1,Northeast,Bachelor's,1320,11,38,3,0.285714286,993.68,0,1,152.38
HG05897,42,140800,3,0,1,West,High school or less,2310,5,12,6,0.333333333,1088.91,0,0,0
HG05898,39,44000,2,1,0,South,High school or less,1200,0,0,51,0,545.89,1,0,0
HG05899,56,119000,1,0,1,Northeast,Some college/associate,1290,9,31,2,0.238095238,1395.73,0,0,0
HG05900,60,66900,2,0,1,Northeast,Some college/associate,1170,9,42,0,0,1110.4,1,0,0
HG05901,39,132300,2,1,0,South,Graduate,990,22,37,0,0,812.05,0,0,0
HG05902,39,42300,2,1,0,South,High school or less,1230,9,35,0,0,618.14,1,0,0
HG05903,49,75300,1,0,0,Northeast,Bachelor's,950,3,10,2,0,880.98,1,1,272.04
HG05904,74,87400,3,0,1,South,Bachelor's,1860,9,34,0,0.181818182,1012.13,0,0,0
HG05905,49,29200,5,3,0,Northeast,High school or less,2300,0,0,54,0.25,832.6,0,0,0
HG05906,45,57700,2,1,0,West,Some college/associate,790,4,21,4,0.529411765,1014.33,1,0,0
HG05907,35,100700,2,1,1,South,Some college/associate,2120,13,31,0,0,1050.18,1,0,0
HG05908,44,69300,1,0,1,Northeast,Bachelor's,1330,8,30,0,0,754.78,1,1,52.88
HG05909,44,89200,2,0,0,Northeast,Bachelor's,1410,12,39,4,0,928.42,0,0,0
HG05910,38,57800,2,0,1,South,High school or less,1280,0,0,47,0,842.41,0,0,0
HG05911,43,80300,1,0,1,Midwest,Some college/associate,1100,5,26,7,0.111111111,1107.59,1,0,0
HG05912,41,146200,2,0,1,Midwest,Bachelor's,1790,9,25,4,0,1222.97,1,1,87.94
HG05913,45,99900,4,1,1,South,Some college/associate,1960,4,9,1,0,807.42,1,0,0
HG05914,19,56200,4,1,0,Midwest,High school or less,860,4,11,1,0,822.58,0,1,160.08
HG05915,51,184700,4,1,1,Midwest,Graduate,3330,8,38,0,0,1423.57,0,1,102.18
HG05916,34,46400,3,2,1,South,High school or less,1510,7,8,2,0,1081.96,1,0,0
HG05917,30,113200,3,2,1,West,High school or less,1690,10,16,2,0,1043.85,0,0,0
HG05918,64,58200,2,0,1,Northeast,Some college/associate,1710,6,13,13,0.235294118,841.33,0,0,0
HG05919,23,72400,2,0,0,South,High school or less,1790,5,21,8,0.4,491.32,1,0,0
HG05920,54,120600,2,0,1,Midwest,Bachelor's,1020,17,40,1,0,1235.69,1,0,0
HG05921,36,118900,2,1,0,West,Bachelor's,1690,12,45,7,0,916.93,1,0,0
HG05922,43,127900,3,0,1,West,Graduate,1730,0,0,65,0,1059.02,1,0,0
HG05923,65,85100,1,0,1,Midwest,Some college/associate,1750,5,16,0,0,1184.49,0,1,106.21
HG05924,43,75000,1,0,1,Midwest,Some college/associate,1310,8,25,5,0,769.61,0,0,0
HG05925,54,99300,5,2,1,Northeast,High school or less,3980,11,41,1,0,1334.24,1,0,0
HG05926,21,197600,1,0,0,South,Bachelor's,1190,7,11,4,0,935.53,1,0,0
HG05927,47,59500,6,3,0,South,Some college/associate,2280,0,0,98,0,978,0,1,166.19
HG05928,47,82300,5,4,1,South,Bachelor's,2310,15,40,0,0,1364.57,1,1,145.87
HG05929,80,108500,2,0,0,Northeast,Some college/associate,1100,5,16,18,0.266666667,999.01,0,0,0
HG05930,39,55100,2,0,1,Midwest,Some college/associate,1260,14,54,1,0,937.52,0,0,0
HG05931,21,92500,2,0,1,Midwest,Some college/associate,1530,10,29,1,0,880.42,0,0,0
HG05932,47,87400,2,1,1,Northeast,Bachelor's,1790,6,27,5,0,919.74,0,0,0
HG05933,79,83800,1,0,1,Northeast,Bachelor's,2410,3,10,17,0.133333333,1123.15,0,0,0
HG05934,34,47600,5,2,0,West,Some college/associate,1760,14,31,1,0,719.26,0,0,0
HG05935,55,,2,0,1,West,Some college/associate,1910,0,0,58,0,668.04,1,0,0
HG05936,53,75100,1,0,0,Northeast,Some college/associate,1260,17,44,1,0.476190476,863.75,0,0,0
HG05937,41,52400,2,0,0,Midwest,High school or less,1030,5,24,7,0.076923077,795.77,0,0,0
HG05938,58,64100,5,0,0,West,Bachelor's,3140,0,0,52,0,925.59,0,0,0
HG05939,36,99700,5,1,0,West,Graduate,2000,6,13,0,0,975.79,0,0,0
HG05940,46,68600,3,1,1,West,Some college/associate,2280,0,0,59,0,1119.29,1,1,166.68
HG05941,40,136800,2,1,1,South,Bachelor's,2960,8,19,2,0,998.42,0,1,46.78
HG05942,41,131800,2,0,0,South,Bachelor's,1080,8,20,0,0,1038.8,0,1,85.2
HG05943,44,60200,3,0,1,Midwest,Bachelor's,2200,0,0,55,0,735.65,1,0,0
HG05944,39,83300,1,0,0,Northeast,Bachelor's,1250,6,15,0,0,731.21,1,0,0
HG05945,41,96300,2,1,1,South,Graduate,2680,4,10,3,0,1057.64,0,0,0
HG05946,54,53600,1,0,0,Midwest,Some college/associate,1130,4,11,4,0,1057.39,1,0,0
HG05947,61,70700,2,0,1,South,High school or less,1160,17,46,2,0,802.03,1,0,0
HG05948,33,139100,2,0,1,Northeast,Some college/associate,1220,5,14,13,0,1073.08,1,1,88.39
HG05949,23,57400,2,0,0,West,Some college/associate,1450,6,23,1,0,604.35,1,1,29.99
HG05950,36,85900,4,0,1,South,Graduate,2490,7,15,3,0,1090.98,1,0,0
HG05951,46,143500,1,0,1,Midwest,Some college/associate,1720,2,5,3,0,1130.85,0,0,0
HG05952,65,96700,2,0,1,West,Graduate,1330,6,15,15,0,1242.98,1,0,0
HG05953,36,80900,2,1,1,South,High school or less,980,6,21,1,0,840.14,1,0,0
HG05954,51,67600,4,0,1,South,Bachelor's,1820,0,0,57,0,963.33,1,0,0
HG05955,28,83500,2,0,1,South,Graduate,2060,11,23,1,0,879.09,1,0,0
HG05956,49,184500,1,0,1,West,Graduate,2110,3,3,5,0,1198.99,1,0,0
HG05957,68,83500,1,0,1,West,Bachelor's,1030,3,6,6,0.277777778,902.18,0,0,0
HG05958,62,58900,5,1,1,South,High school or less,2150,0,0,51,0,1235.87,1,0,0
HG05959,55,44100,2,1,1,Northeast,High school or less,2030,0,0,84,0,893.52,0,0,0
HG05960,69,62300,3,1,1,South,Some college/associate,2210,15,59,0,0,1196.64,1,0,0
HG05961,31,19700,3,0,1,Midwest,High school or less,2030,0,0,41,0,931.3,0,0,0
HG05962,46,317000,1,0,1,South,Graduate,1550,7,12,3,0,1353.64,1,0,0
HG05963,34,29200,3,0,0,West,High school or less,1330,0,0,79,0,979.21,1,0,0
HG05964,46,173400,2,0,1,West,Bachelor's,1770,6,23,10,0,1354.08,1,0,0
HG05965,55,79400,4,1,0,Midwest,Some college/associate,1900,0,0,125,0,1037.25,0,0,0
HG05966,47,180000,1,0,1,South,Bachelor's,1540,8,30,0,0,1252.02,0,0,0
HG05967,32,40600,1,0,1,South,High school or less,1520,0,0,62,0,820.18,0,0,0
HG05968,64,81300,3,0,1,Midwest,Graduate,2540,0,0,74,0,1189.54,0,0,0
HG05969,66,66500,4,0,1,Northeast,High school or less,2440,10,39,1,0.111111111,956.77,0,0,0
HG05970,45,153000,2,0,1,West,Graduate,1490,5,17,1,0,1189.61,0,0,0
HG05971,26,91600,1,0,1,West,Graduate,1180,6,27,7,0,964.82,1,1,350.93
HG05972,73,153100,1,0,0,Northeast,Bachelor's,1470,5,23,1,0,1145.44,0,1,66.59
HG05973,59,135100,2,0,1,Midwest,Bachelor's,2480,0,0,40,0,910.29,0,0,0
HG05974,57,54600,1,0,1,Northeast,High school or less,1320,6,13,7,0.304347826,660.05,1,0,0
HG05975,34,109100,2,0,1,West,Bachelor's,1980,0,0,71,0,601.26,0,0,0
HG05976,39,254300,1,0,0,South,Graduate,1180,13,37,0,0,1116.74,0,1,102.26
HG05977,35,130400,3,0,1,South,Bachelor's,2480,9,35,2,0,847.42,1,0,0
HG05978,54,101100,5,1,1,South,Bachelor's,2110,6,16,7,0,1211.34,1,0,0
HG05979,62,140000,2,0,1,South,Graduate,2150,6,10,0,0,980.21,0,0,0
HG05980,47,41900,2,0,1,West,High school or less,1680,0,0,116,0,838.61,0,0,0
HG05981,70,91200,4,0,1,South,High school or less,2330,6,20,0,0,1051.69,1,0,0
HG05982,35,184800,3,1,1,South,Graduate,2100,8,29,4,0,1311.7,1,1,153.3
HG05983,44,110000,3,0,1,South,Some college/associate,1670,13,55,2,0,1140.71,0,0,0
HG05984,65,136700,2,0,1,Midwest,Bachelor's,1210,6,19,8,0,1236.37,1,0,0
HG05985,62,88400,2,0,0,South,Graduate,1380,0,0,58,0,997.5,0,0,0
HG05986,41,126900,3,0,1,West,Graduate,3510,5,14,0,0,920.66,1,0,0
HG05987,41,80900,2,0,0,Northeast,Some college/associate,1310,0,0,81,0,645.75,0,0,0
HG05988,60,130200,2,0,1,West,Bachelor's,1620,3,11,5,0,1134.26,1,0,0
HG05989,38,47100,3,0,0,Northeast,Some college/associate,1530,0,0,47,0,881.86,0,0,0
HG05990,42,98100,3,0,1,South,High school or less,1810,0,0,68,0,919.82,1,0,0
HG05991,44,158700,3,1,1,South,Some college/associate,1780,7,24,3,0,1180.11,1,0,0
HG05992,57,160300,1,0,1,Northeast,Graduate,1770,5,20,11,0.357142857,1322.82,1,0,0
HG05993,40,132900,1,0,1,Midwest,Bachelor's,1660,6,14,12,0,1192.47,1,0,0
HG05994,47,35200,3,0,0,West,Some college/associate,1360,0,0,103,0,746.44,1,0,0
HG05995,69,,1,0,1,West,High school or less,1120,5,21,2,0,1040.76,0,1,174.67
HG05996,40,350000,2,0,1,West,Bachelor's,3040,6,14,0,0,1638.97,1,0,0
HG05997,63,62300,2,1,0,South,Some college/associate,1280,0,0,65,0,1079.98,0,0,0
HG05998,53,200200,2,0,1,West,Bachelor's,3430,7,17,8,0,1106.17,0,0,0
HG05999,25,63700,2,1,1,West,High school or less,1350,10,38,10,0,775.78,0,0,0
HG06000,60,92900,1,0,1,Northeast,Bachelor's,1630,9,31,6,0.25,1129.89,1,0,0
HG06001,23,69800,1,0,0,South,Bachelor's,1650,2,3,9,0,690.94,0,1,59.79
HG06002,62,290900,3,1,1,West,Bachelor's,1990,16,47,1,0,1345.11,0,0,0
HG06003,50,40700,4,2,1,South,Some college/associate,1260,6,12,10,0,1173.25,1,1,151.09
HG06004,38,44800,1,0,0,South,High school or less,880,4,13,7,0,708.76,0,1,33.16
HG06005,34,55200,1,0,1,South,Some college/associate,1430,9,42,0,0,1039.84,1,0,0
HG06006,21,96200,2,0,1,Midwest,Some college/associate,,11,20,5,0,1193.83,0,0,0
HG06007,58,95600,2,0,1,Northeast,Some college/associate,1440,7,33,6,0.375,1103.29,1,0,0
HG06008,50,337200,3,1,1,South,Graduate,1490,19,55,0,0,1507.2,1,0,0
HG06009,46,129900,2,1,1,South,Graduate,1270,6,18,3,0,998.97,0,1,77.2
HG06010,34,118400,3,0,0,South,Bachelor's,1680,4,22,7,0,1146.89,0,1,250.68
HG06011,45,158400,4,1,0,Midwest,Some college/associate,2070,14,25,0,0,1133.37,0,0,0
HG06012,73,111000,2,0,0,West,Bachelor's,2010,10,37,5,0,1036.88,1,0,0
HG06013,53,151600,2,0,1,South,Bachelor's,1820,6,16,3,0,1278.01,0,0,0
HG06014,47,44600,3,1,0,Midwest,Some college/associate,1550,0,0,61,0,881.96,1,0,0
HG06015,51,35900,1,0,0,South,High school or less,1120,5,12,11,0,788.61,0,0,0
HG06016,29,86100,1,0,0,South,Bachelor's,1710,7,22,1,0,1082.44,1,0,0
HG06017,52,98500,2,1,1,South,Some college/associate,1430,6,11,0,0,1272.01,0,0,0
HG06018,37,85600,1,0,0,South,Some college/associate,950,9,23,0,0,647.84,0,0,0
HG06019,51,125100,1,0,0,South,Bachelor's,940,13,47,2,0,949.08,0,1,96.37
HG06020,53,171600,3,0,0,South,Bachelor's,2330,8,24,5,0,1305.32,0,0,0
HG06021,65,41100,2,0,0,South,Some college/associate,1400,0,0,64,0,600.3,1,0,0
HG06022,43,66100,2,0,0,Midwest,Some college/associate,1570,0,0,77,0,761.25,0,0,0
HG06023,48,41300,4,1,1,South,Some college/associate,,0,0,49,0,980.88,0,0,0
HG06024,46,91200,2,0,1,South,Bachelor's,2340,0,0,89,0,781.89,1,0,0
HG06025,53,129700,2,0,1,Midwest,Bachelor's,1990,15,35,5,0,986.73,1,0,0
HG06026,41,210600,2,1,0,Northeast,Graduate,1760,9,18,12,0,1245.78,0,0,0
HG06027,49,136500,3,1,1,West,Graduate,2480,11,23,8,0,1336.41,1,0,0
HG06028,52,57700,2,0,0,Midwest,High school or less,2940,0,0,66,0,940.18,0,0,0
HG06029,35,54400,2,1,1,Midwest,Some college/associate,2020,0,0,101,0,829.22,0,0,0
HG06030,47,39200,3,0,0,Northeast,High school or less,2120,0,0,51,0,745.47,1,1,46.27
HG06031,53,146800,2,0,1,West,Bachelor's,2060,4,17,18,0,1234.97,0,1,143.18
HG06032,22,,1,0,0,South,Some college/associate,,5,25,14,0,698.16,1,0,0
HG06033,33,85100,4,2,1,West,Some college/associate,2070,8,24,4,0,1379.28,0,0,0
HG06034,39,43700,3,1,0,Northeast,High school or less,1110,8,14,7,0,827.13,1,0,0
HG06035,73,37900,4,0,1,South,Some college/associate,1520,8,19,4,0.272727273,1003.49,1,0,0
HG06036,45,50500,3,1,0,Midwest,Some college/associate,1120,6,28,3,0,887.29,1,1,55.18
HG06037,56,93800,1,0,0,Northeast,Bachelor's,1160,5,20,10,0,967.11,0,0,0
HG06038,60,51200,1,0,1,South,High school or less,1770,6,14,4,0,962.19,1,1,125.21
HG06039,57,75000,4,1,1,Midwest,Some college/associate,1910,9,30,4,0,943.84,0,0,0
HG06040,38,79100,1,0,0,Midwest,Some college/associate,1010,9,26,1,0,755.01,0,1,97.08
HG06041,70,77100,2,0,1,West,Some college/associate,1300,8,12,2,0,1262.14,0,0,0
HG06042,33,102300,2,1,0,West,Some college/associate,1590,5,17,5,0,932.34,1,1,73.01
HG06043,52,91900,1,0,1,Northeast,High school or less,1430,3,14,12,0.375,911.13,1,0,0
HG06044,59,103700,5,0,1,Northeast,Bachelor's,4720,9,24,7,0,1210.87,1,0,0
HG06045,38,106600,2,0,1,Northeast,Some college/associate,1550,11,30,1,0,664.11,1,0,0
HG06046,39,158900,2,1,1,South,Bachelor's,2140,7,20,1,0,1161.83,1,1,82.38
HG06047,44,57700,2,0,1,West,High school or less,1840,0,0,56,0,921.2,1,0,0
HG06048,41,87400,3,1,1,South,Some college/associate,1460,17,52,0,0,1125.24,0,0,0
HG06049,47,125000,4,2,1,West,Some college/associate,2310,15,25,1,0,1066.34,0,0,0
HG06050,53,155200,2,0,0,Northeast,Some college/associate,1400,10,18,0,0,1177.75,1,0,0
HG06051,68,179700,4,1,1,West,Bachelor's,3730,11,24,8,0,1438.34,1,0,0
HG06052,48,45900,2,0,1,Northeast,Some college/associate,1510,0,0,55,0,980.66,1,0,0
HG06053,30,350000,2,0,1,South,Graduate,1370,16,53,2,0,1522.07,0,1,185.68
HG06054,23,132000,2,0,0,South,Bachelor's,1560,5,20,0,0,924.8,1,0,0
HG06055,53,121400,2,0,1,South,Bachelor's,1840,0,0,59,0,1039.21,1,0,0
HG06056,57,100000,1,0,1,South,High school or less,1880,3,9,10,0,1031.54,0,0,0
HG06057,35,28300,2,0,0,Northeast,Some college/associate,830,0,0,82,0,1133.23,1,0,0
HG06058,36,118200,4,3,0,South,Graduate,3570,8,41,1,0.208333333,1040.35,1,0,0
HG06059,64,44500,4,1,0,Northeast,High school or less,2610,0,0,44,0,1001.91,0,0,0
HG06060,41,,2,1,1,Northeast,Bachelor's,2030,11,36,1,0,1278.37,1,1,201.7
HG06061,53,53600,3,0,1,Midwest,High school or less,,0,0,78,0,878.4,0,0,0
HG06062,41,235200,2,0,1,Midwest,Some college/associate,1370,6,18,1,0,1376.57,0,0,0
HG06063,40,89600,3,0,1,West,High school or less,2150,9,23,12,0,1157.84,1,1,89.52
HG06064,39,187600,5,0,1,South,Bachelor's,1550,33,77,2,0,1029.26,1,0,0
HG06065,45,67200,2,0,1,South,High school or less,1920,11,30,0,0,951.73,0,0,0
HG06066,47,64400,1,0,1,Northeast,Some college/associate,1660,2,2,8,0,962.25,1,0,0
HG06067,52,,3,0,0,West,Some college/associate,2200,0,0,87,0,780.14,0,0,0
HG06068,27,81700,1,0,0,South,Some college/associate,2480,4,11,0,0,713.02,1,1,90.92
HG06069,69,283300,1,0,1,Midwest,Graduate,2620,0,0,70,0,1604.11,1,0,0
HG06070,53,64700,1,0,1,Midwest,High school or less,1350,10,25,4,0,735.31,1,0,0
HG06071,32,70600,2,0,0,Midwest,Some college/associate,1320,6,18,11,0,792.68,1,1,225.1
HG06072,32,72800,1,0,1,Northeast,High school or less,1630,6,14,9,0.466666667,925.02,0,0,0
HG06073,21,34800,3,2,0,South,High school or less,1350,7,14,3,0,863.26,1,0,0
HG06074,56,59700,2,0,1,South,High school or less,2200,6,10,6,0,929.6,1,1,307.13
HG06075,33,35800,2,0,1,South,High school or less,1120,0,0,51,0,576.27,0,0,0
HG06076,38,36500,4,2,0,Midwest,Some college/associate,1810,0,0,79,0,913.6,0,0,0
HG06077,35,89400,5,3,0,Midwest,Graduate,3750,0,0,89,0,1039,1,1,30.35
HG06078,47,70700,2,1,1,West,Some college/associate,1750,0,0,79,0,1108.24,1,0,0
HG06079,47,111100,4,1,0,Northeast,Some college/associate,2400,0,0,77,0,1068.36,0,0,0
HG06080,40,61600,4,2,1,South,Some college/associate,2770,0,0,57,0,1106.55,0,0,0
HG06081,45,84000,2,1,1,South,Some college/associate,2020,11,43,0,0,1231.8,0,1,184.05
HG06082,46,74400,1,0,0,Midwest,High school or less,1770,0,0,85,0,976.01,0,0,0
HG06083,26,63000,2,0,1,South,Some college/associate,1310,10,32,2,0,729.13,1,0,0
HG06084,24,42900,2,0,0,Northeast,High school or less,1950,5,17,2,0.230769231,532.07,0,1,52.41
HG06085,52,163400,6,5,1,South,Bachelor's,3880,6,10,5,0,1358.11,0,0,0
HG06086,67,96600,2,0,1,South,Some college/associate,2180,0,0,58,0,844.73,0,0,0
HG06087,44,39400,4,2,1,Midwest,Some college/associate,2210,0,0,84,0,889.2,1,0,0
HG06088,53,53200,1,0,0,South,High school or less,1330,8,45,4,0.363636364,768.46,1,0,0
HG06089,43,99700,5,1,1,South,Some college/associate,3000,12,28,0,0,1016.26,1,1,34
HG06090,54,102000,1,0,1,West,Some college/associate,2070,8,20,10,0,1041.8,1,1,123.23
HG06091,41,34200,1,0,1,South,High school or less,1370,0,0,73,0,914.16,1,0,0
HG06092,28,81600,3,1,1,Midwest,Bachelor's,2190,3,8,7,0,1135.03,1,0,0
HG06093,31,45000,4,1,1,Midwest,High school or less,2820,0,0,71,0,960.84,0,0,0
HG06094,45,80500,1,0,1,Midwest,Bachelor's,2160,7,26,6,0,897.75,1,1,50.29
HG06095,31,36900,2,0,1,West,High school or less,1800,0,0,102,0,856.87,0,0,0
HG06096,42,136800,3,1,1,Midwest,Bachelor's,1360,17,67,3,0,972.94,1,0,0
HG06097,48,231200,3,0,0,West,Bachelor's,2380,6,19,1,0,1438.32,0,1,157.71
HG06098,26,133500,2,1,1,West,Bachelor's,1870,14,39,1,0,798.87,0,0,0
HG06099,45,190300,2,1,0,Midwest,Bachelor's,1560,13,32,2,0,1242.16,0,0,0
HG06100,56,241100,3,0,0,South,Graduate,1700,4,9,9,0,1502.92,1,1,63.29
HG06101,52,111200,1,0,0,Midwest,Bachelor's,1430,4,13,11,0,942.73,0,0,0
HG06102,39,41400,1,0,1,South,High school or less,1500,0,0,105,0,651.74,0,1,53.12
HG06103,54,140200,2,0,1,Midwest,Bachelor's,2680,1,0,1,0.111111111,1087.78,1,0,0
HG06104,56,284400,5,0,0,South,Bachelor's,1950,19,89,0,0,1435.23,1,0,0
HG06105,46,74100,3,0,1,West,Some college/associate,1930,5,12,7,0,891.19,1,0,0
HG06106,57,85200,1,0,1,Midwest,High school or less,2140,6,20,8,0,1004.59,0,0,0
HG06107,36,97500,1,0,0,South,Bachelor's,850,10,29,0,0,833.51,1,0,0
HG06108,44,161400,2,1,1,Midwest,Some college/associate,1640,16,35,0,0,1051.67,0,0,0
HG06109,63,101600,1,0,1,South,Bachelor's,1540,7,24,15,0,1096.94,0,0,0
HG06110,39,178500,6,3,0,Midwest,Bachelor's,2230,5,12,14,0,1343.78,0,0,0
HG06111,25,115200,3,0,0,South,Some college/associate,1830,12,35,2,0,878.82,0,0,0
HG06112,30,124300,5,1,0,West,Some college/associate,2690,8,18,0,0,1094.59,1,0,0
HG06113,27,73700,2,1,1,South,Some college/associate,1670,3,12,15,0,1354.81,0,1,250.26
HG06114,59,58300,2,0,0,South,Bachelor's,1260,0,0,100,0,964.85,0,0,0
HG06115,51,51000,2,0,1,South,Some college/associate,2010,4,6,8,0.416666667,898.07,1,0,0
HG06116,58,92200,1,0,0,Northeast,Some college/associate,1050,9,28,3,0.380952381,761.56,0,1,42.24
HG06117,24,49500,1,0,1,South,Some college/associate,1480,4,26,4,0,848.71,0,1,93.25
HG06118,46,33500,2,1,0,Midwest,High school or less,1210,0,0,104,0,787.86,0,0,0
HG06119,61,267300,5,0,1,Midwest,Bachelor's,4230,12,42,0,0,1538.02,0,0,0
HG06120,51,64400,3,2,0,West,High school or less,2300,0,0,51,0,1036.97,0,0,0
HG06121,60,66000,3,1,1,West,Some college/associate,,0,0,86,0,961.63,0,0,0
HG06122,24,41500,2,0,0,South,High school or less,780,11,31,0,0,865.84,1,0,0
HG06123,48,179100,2,1,1,South,Bachelor's,2020,9,27,7,0,1288.75,1,0,0
HG06124,28,25600,2,1,1,Midwest,High school or less,1770,0,0,89,0,852.86,0,0,0
HG06125,70,69400,2,0,1,Midwest,Some college/associate,1270,9,38,0,0,892.83,1,0,0
HG06126,47,52100,3,0,0,South,Some college/associate,1200,0,0,50,0,777.46,0,0,0
HG06127,59,198900,4,1,1,Midwest,Graduate,2790,9,20,1,0,1396.06,1,1,300
HG06128,38,71000,3,0,1,West,Bachelor's,1930,0,0,44,0,888.71,1,0,0
HG06129,31,107300,1,0,1,Midwest,Some college/associate,870,17,39,1,0,881.49,1,0,0
HG06130,23,42400,2,0,0,South,Some college/associate,1520,7,16,3,0,634.28,0,0,0
HG06131,53,,1,0,1,South,Some college/associate,1940,4,8,7,0,1151.95,0,0,0
HG06132,28,63000,2,0,1,South,Some college/associate,2420,0,0,72,0,799.32,1,0,0
HG06133,19,39600,1,0,1,West,High school or less,810,5,19,2,0,875.49,1,0,0
HG06134,35,104500,1,0,1,South,Bachelor's,1980,0,0,54,0,977.75,1,1,90.97
HG06135,29,66300,1,0,0,Northeast,High school or less,1120,0,0,100,0,794.99,1,0,0
HG06136,74,52600,1,0,1,West,High school or less,1550,10,39,4,0.181818182,840.58,0,0,0
HG06137,47,56400,1,0,1,Northeast,High school or less,890,12,44,0,0,934.29,0,0,0
HG06138,37,31000,2,1,1,Midwest,Some college/associate,880,5,19,1,0,829.18,1,0,0
HG06139,43,89200,2,0,0,West,Some college/associate,1340,12,38,0,0.125,986.38,0,0,0
HG06140,53,54000,4,0,1,Midwest,High school or less,1560,8,18,3,0,926.13,1,0,0
HG06141,27,111900,2,0,1,West,Some college/associate,1780,5,18,5,0,1114.48,1,1,211.62
HG06142,46,125100,2,1,1,Midwest,Some college/associate,1980,11,18,0,0,1287.84,0,0,0
HG06143,70,60900,1,0,1,Northeast,Some college/associate,830,8,35,6,0.277777778,1031.57,1,1,102.08
HG06144,48,55900,3,0,1,West,Some college/associate,1680,8,11,11,0,705.49,1,0,0
HG06145,69,109900,5,0,1,South,Graduate,3140,8,14,1,0,1562.86,1,1,372.74
HG06146,41,185300,2,0,1,South,Bachelor's,2930,6,23,2,0,1044.84,0,0,0
HG06147,49,80600,2,1,0,West,Graduate,1380,8,20,15,0.333333333,1060.06,0,0,0
HG06148,56,85800,1,0,0,South,High school or less,970,6,27,0,0,893.01,1,1,89.75
HG06149,56,208200,1,0,1,Midwest,Bachelor's,1840,7,24,0,0,1341.72,0,0,0
HG06150,63,47100,2,1,0,Midwest,Some college/associate,1510,4,21,7,0,998.31,1,0,0
HG06151,33,86500,2,0,0,Midwest,Some college/associate,1010,4,17,2,0,717.69,1,0,0
HG06152,55,61000,1,0,1,West,Bachelor's,1490,7,33,3,0,953.41,0,0,0
HG06153,51,62500,3,1,1,Northeast,Some college/associate,2690,0,0,56,0,1155.49,0,0,0
HG06154,41,25000,1,0,1,Midwest,High school or less,1660,0,0,84,0,731.69,0,0,0
HG06155,47,103300,1,0,1,West,Some college/associate,990,6,12,11,0,834.65,0,0,0
HG06156,46,174100,1,0,1,Midwest,Bachelor's,1630,4,11,3,0,959.84,0,0,0
HG06157,67,61200,1,0,0,Northeast,Some college/associate,970,5,18,4,0,823.4,0,0,0
HG06158,69,54600,1,0,1,West,High school or less,1110,7,26,8,0,1043.16,1,1,51.34
HG06159,52,67500,4,2,1,West,Some college/associate,1950,0,0,65,0,876.14,0,0,0
HG06160,26,70200,1,0,0,South,Bachelor's,1430,4,9,4,0,750.03,0,0,0
HG06161,46,95100,2,1,1,South,Some college/associate,1240,15,38,0,0,1198.84,0,0,0
HG06162,19,131200,3,0,1,Midwest,Some college/associate,2080,7,15,2,0.25,1045.89,1,0,0
HG06163,54,149600,4,0,0,South,Some college/associate,1620,7,19,0,0,1277.77,1,1,199.68
HG06164,64,79500,4,1,1,Midwest,Some college/associate,5000,0,0,41,0,1398.95,0,0,0
HG06165,50,99600,4,1,0,Northeast,High school or less,1490,7,24,0,0,722.74,1,0,0
HG06166,69,108900,4,0,1,South,Graduate,2870,0,0,55,0,1541.12,0,0,0
HG06167,56,45800,1,0,1,Midwest,Some college/associate,990,12,30,1,0,877.78,1,1,69.41
HG06168,52,98000,2,1,0,Midwest,Graduate,1800,0,0,124,0,895.8,1,0,0
HG06169,47,200300,1,0,1,South,Bachelor's,1250,5,14,1,0,994.66,1,0,0
HG06170,55,159800,3,0,1,South,Graduate,1750,12,25,7,0,1232.94,1,1,89.98
HG06171,36,93700,1,0,1,Northeast,Graduate,1350,7,33,7,0,888.57,0,0,0
HG06172,25,172800,2,0,1,West,Graduate,1970,12,30,4,0,1206.41,0,0,0
HG06173,78,60000,1,0,1,Midwest,Some college/associate,1560,5,20,3,0.363636364,1004.75,1,0,0
HG06174,54,65700,4,1,1,South,Some college/associate,1870,7,24,7,0,993.67,1,0,0
HG06175,39,69400,2,0,1,Northeast,High school or less,1310,25,56,0,0,934.31,1,1,103.02
HG06176,50,81000,4,1,1,South,Some college/associate,2260,17,58,1,0,1230.49,1,0,0
HG06177,45,60000,2,0,0,Northeast,Bachelor's,1230,3,13,13,0,909.58,0,0,0
HG06178,35,70600,3,2,1,Northeast,High school or less,3010,0,0,52,0,689.22,1,0,0
HG06179,40,27000,2,0,0,Northeast,High school or less,920,8,19,1,0,1027.37,0,0,0
HG06180,44,234800,1,0,1,South,Bachelor's,1410,2,6,6,0,1266.73,1,0,0
HG06181,51,69600,1,0,1,South,High school or less,1870,3,11,1,0,1029.53,1,0,0
HG06182,41,52200,3,1,0,West,Bachelor's,1950,11,21,1,0,641.61,0,0,0
HG06183,49,85600,4,2,1,Northeast,Some college/associate,3100,0,0,44,0,1228.62,1,0,0
HG06184,45,32600,3,1,1,South,High school or less,2350,0,0,95,0,1336.66,1,0,0
HG06185,49,80600,6,0,0,Midwest,High school or less,3290,4,18,1,0.125,1098.51,1,1,177.67
HG06186,50,73100,1,0,1,South,Some college/associate,1090,4,13,15,0,1129.89,0,0,0
HG06187,33,56900,3,0,1,West,Some college/associate,2120,9,23,0,0,892.52,0,0,0
HG06188,21,30000,2,0,0,South,High school or less,1240,0,0,50,0,896.6,1,0,0
HG06189,50,98800,1,0,0,Northeast,Some college/associate,1390,7,20,1,0,891.83,0,0,0
HG06190,48,226100,1,0,1,South,Bachelor's,1500,3,8,0,0,999.47,0,0,0
HG06191,43,91100,2,1,1,South,High school or less,1830,3,13,15,0.4,909.37,0,0,0
HG06192,62,75700,3,1,1,West,Bachelor's,2090,7,17,1,0,1127.68,1,0,0
HG06193,58,79200,4,0,1,Midwest,Some college/associate,2810,0,0,58,0,1227.74,1,0,0
HG06194,42,41500,2,0,0,South,Some college/associate,870,13,43,0,0.304347826,898.92,0,0,0
HG06195,48,91600,1,0,1,South,Bachelor's,1350,10,30,0,0,1065.89,1,1,75.79
HG06196,26,137800,6,0,1,West,Bachelor's,1940,30,64,0,0,1171.3,1,0,0
HG06197,45,126800,2,1,1,Northeast,Bachelor's,1580,6,9,3,0,1069.04,1,0,0
HG06198,60,70800,2,0,1,West,Some college/associate,1800,3,9,1,0.125,1023.37,0,0,0
HG06199,30,91100,3,1,1,South,Some college/associate,1880,6,14,2,0,1159.72,1,0,0
HG06200,60,31200,4,0,1,Northeast,Some college/associate,2970,0,0,43,0,726.88,0,0,0
HG06201,73,73000,4,0,0,Northeast,High school or less,1500,8,30,1,0,926.45,1,0,0
HG06202,39,109400,2,1,1,West,Some college/associate,1400,7,18,8,0,954.69,0,0,0
HG06203,49,87500,1,0,0,Northeast,Some college/associate,1430,0,0,118,0,668.31,0,0,0
HG06204,22,40800,6,2,1,Midwest,High school or less,3420,0,0,78,0,1070.19,1,0,0
HG06205,41,35800,3,2,0,West,High school or less,1000,7,13,1,0,755.21,1,0,0
HG06206,25,65200,5,0,1,Midwest,Some college/associate,3490,7,19,0,0,1273.17,1,1,330.92
HG06207,41,191100,1,0,1,Northeast,Bachelor's,1500,4,3,0,0,886.35,1,0,0
HG06208,36,35200,4,3,1,Northeast,High school or less,2370,0,0,77,0,1097.83,0,0,0
HG06209,39,57600,6,4,1,South,Bachelor's,2390,3,7,14,0,1143.98,1,0,0
HG06210,41,31500,5,1,0,Midwest,High school or less,2360,0,0,110,0,1135.16,0,0,0
HG06211,42,64500,3,2,1,Midwest,Bachelor's,1940,9,25,6,0,1155.08,1,0,0
HG06212,58,233700,4,1,1,Midwest,Graduate,3680,6,22,9,0,1402.01,0,0,0
HG06213,57,54800,1,0,1,Northeast,High school or less,1440,4,13,2,0.157894737,969.16,0,1,85.96
HG06214,58,105800,2,0,1,West,Bachelor's,,4,9,4,0,1252.03,1,0,0
HG06215,45,27500,2,0,1,West,High school or less,1050,4,14,7,0,984.43,0,0,0
HG06216,41,23100,5,2,1,South,High school or less,1900,11,35,1,0,1022.24,0,0,0
HG06217,26,57300,1,0,0,Midwest,High school or less,1090,8,18,4,0.294117647,816.19,0,0,0
HG06218,51,66400,1,0,0,Northeast,Some college/associate,1500,5,22,2,0,920.1,0,1,95.56
HG06219,55,131100,3,0,1,West,Bachelor's,1680,18,59,1,0,1101.72,1,0,0
HG06220,20,36300,2,0,1,South,Some college/associate,1180,7,17,6,0,834.51,0,0,0
HG06221,66,132000,1,0,1,West,Graduate,1730,9,20,0,0,1143.83,1,0,0
HG06222,43,101800,5,1,1,Northeast,Some college/associate,2210,10,39,0,0,1279.75,0,0,0
HG06223,56,78100,4,1,0,West,Bachelor's,1640,9,17,1,0,1157.02,0,0,0
HG06224,24,51000,1,0,0,South,High school or less,870,6,23,0,0,628,1,1,49.5
HG06225,47,68900,2,0,1,South,Bachelor's,2120,6,20,14,0,1103.78,1,0,0
HG06226,56,46400,4,1,1,Northeast,Some college/associate,1870,5,14,4,0,910.6,0,0,0
HG06227,57,,2,0,0,Midwest,Some college/associate,1800,8,38,7,0,1033.58,1,0,0
HG06228,33,15700,3,1,1,West,High school or less,1280,0,0,70,0,714.53,0,0,0
HG06229,54,127300,1,0,1,Northeast,Bachelor's,1150,10,38,0,0.272727273,1087.87,0,0,0
HG06230,27,114200,2,0,1,Midwest,Some college/associate,1370,11,35,1,0,844.21,0,0,0
HG06231,44,132500,6,4,0,Northeast,Graduate,3370,9,38,7,0.15,1286.22,0,0,0
HG06232,48,40400,3,2,0,South,High school or less,1350,0,0,156,0,882.34,1,0,0
HG06233,44,237900,1,0,1,Midwest,Bachelor's,1750,15,47,1,0,1524.19,0,0,0
HG06234,37,87800,3,1,0,South,Some college/associate,1840,3,9,3,0,916.29,1,0,0
HG06235,55,138700,2,0,1,Midwest,Graduate,2870,0,0,106,0,1047.45,1,0,0
HG06236,35,133900,4,0,1,Midwest,Some college/associate,2590,5,24,2,0,884.97,1,0,0
HG06237,49,77000,2,0,0,Midwest,High school or less,1510,0,0,202,0,788.35,0,0,0
HG06238,34,71200,1,0,1,Midwest,Bachelor's,1110,10,27,0,0,1081.02,1,1,44.65
HG06239,47,111600,6,4,1,Northeast,Graduate,2270,12,33,0,0,1304.91,1,0,0
HG06240,31,250000,2,0,1,Midwest,Some college/associate,2340,3,14,5,0,1048.47,0,0,0
HG06241,75,63600,2,0,1,South,Graduate,1780,0,0,93,0,1068.02,1,0,0
HG06242,53,130000,2,0,1,West,Graduate,1950,8,22,4,0,939.66,0,0,0
HG06243,54,60500,2,0,0,South,High school or less,1060,16,77,0,0,937.21,0,0,0
HG06244,37,26000,2,0,1,South,High school or less,980,9,34,0,0,808.63,0,1,99.76
HG06245,43,163300,2,1,1,Northeast,Some college/associate,1250,12,25,2,0,989.24,1,0,0
HG06246,63,173900,2,1,1,South,Some college/associate,1610,10,37,1,0,1358.21,0,1,103.19
HG06247,53,97900,1,0,1,West,Some college/associate,1490,9,29,0,0,1047.73,0,1,190.29
HG06248,47,91100,4,2,1,Midwest,Graduate,2070,8,24,4,0,1087.59,1,0,0
HG06249,37,80300,6,3,1,South,Some college/associate,4300,12,38,4,0,1242.69,1,0,0
HG06250,52,170700,2,1,1,South,Graduate,3300,4,16,5,0,1257.72,1,1,781.75
HG06251,30,123700,3,1,1,South,Bachelor's,1690,16,36,0,0,999.41,0,0,0
HG06252,59,88200,2,0,1,West,Bachelor's,2200,0,0,40,0,984.19,1,0,0
HG06253,40,46500,2,0,0,Midwest,High school or less,1880,0,0,63,0,902.23,0,0,0
HG06254,23,116900,5,2,0,West,Graduate,1490,18,40,0,0,992.12,0,0,0
HG06255,49,106300,1,0,1,South,Bachelor's,3190,7,13,9,0,1101.62,0,0,0
HG06256,55,108000,3,1,1,West,High school or less,1780,14,45,3,0,1270.34,1,1,348.6
HG06257,33,242600,2,1,1,Northeast,Bachelor's,,6,13,3,0,1400.73,0,0,0
HG06258,35,61400,2,1,0,West,Some college/associate,1140,10,36,5,0,617.64,0,0,0
HG06259,47,26200,1,0,0,Northeast,High school or less,640,6,15,4,0.4,690.62,0,0,0
HG06260,71,40300,3,0,0,Northeast,High school or less,930,11,27,9,0.2,933.21,0,1,29.35
HG06261,59,68500,2,0,0,West,Bachelor's,1200,8,23,1,0,797.31,1,0,0
HG06262,52,175200,3,1,1,West,Bachelor's,2380,5,17,4,0,1194.01,0,0,0
HG06263,30,99600,1,0,1,Midwest,Bachelor's,1370,4,12,7,0,961.08,0,0,0
HG06264,57,65000,3,0,1,Northeast,High school or less,1800,3,14,11,0.454545455,1015.68,0,1,191.41
HG06265,59,74700,2,0,1,West,Graduate,1830,4,13,2,0,745.35,1,0,0
HG06266,48,107900,3,0,0,Midwest,Graduate,1320,2,4,5,0,1190.88,1,0,0
HG06267,47,74200,3,2,1,South,Bachelor's,2370,0,0,48,0,1359.88,1,0,0
HG06268,29,113200,1,0,0,Midwest,Some college/associate,1150,3,6,2,0,971.12,1,0,0
HG06269,49,40300,2,0,1,South,Some college/associate,1500,0,0,76,0,860.69,1,0,0
HG06270,65,70300,2,0,0,South,Bachelor's,1230,5,4,2,0,740.41,1,0,0
HG06271,50,169400,3,1,1,South,Graduate,1430,18,42,2,0,1189.05,1,0,0
HG06272,43,103000,1,0,1,Midwest,Bachelor's,1430,6,23,2,0,1113.73,0,0,0
HG06273,59,93300,3,0,1,South,Some college/associate,2450,8,33,2,0,1065.07,0,0,0
HG06274,55,80300,4,0,0,West,Some college/associate,1690,6,16,1,0,919.28,0,0,0
HG06275,28,65600,4,3,1,South,High school or less,1230,10,31,0,0,1140.91,0,0,0
HG06276,42,45100,4,1,0,Midwest,High school or less,1840,0,0,44,0,833.04,1,0,0
HG06277,32,64900,1,0,0,Midwest,Some college/associate,810,12,35,13,0,619.82,0,0,0
HG06278,61,40600,3,1,0,South,Bachelor's,,0,0,64,0,990.03,1,0,0
HG06279,37,147400,2,1,1,Midwest,Bachelor's,2770,7,23,5,0,997.95,1,0,0
HG06280,53,120400,4,1,1,Midwest,Bachelor's,1770,7,29,2,0,1053.59,0,0,0
HG06281,54,72700,4,0,0,West,Bachelor's,2630,0,0,87,0,930.68,1,0,0
HG06282,69,95300,1,0,0,Northeast,Some college/associate,820,7,15,4,0,803.43,0,0,0
HG06283,44,76400,1,0,1,Northeast,Some college/associate,1130,3,7,3,0,566.94,1,0,0
HG06284,46,130200,1,0,1,Midwest,Bachelor's,1650,11,21,0,0,829.37,0,0,0
HG06285,44,189900,3,2,1,Midwest,Graduate,2650,10,37,7,0,1173.34,1,0,0
HG06286,40,48500,2,1,0,South,High school or less,1210,4,17,15,0.142857143,824.6,1,0,0
HG06287,51,66500,3,0,1,South,High school or less,2450,0,0,61,0,1127.58,1,0,0
HG06288,35,46100,4,0,0,South,High school or less,1850,0,0,44,0,994,0,1,105.49
HG06289,22,36800,2,0,0,West,High school or less,1610,0,0,77,0,1080.88,0,0,0
HG06290,52,81100,2,1,1,Northeast,High school or less,1950,6,21,14,0.2,960.45,0,0,0
HG06291,24,46400,2,0,0,Northeast,High school or less,1410,5,16,5,0.428571429,1098.1,1,0,0
HG06292,32,,1,0,1,Midwest,Bachelor's,1390,8,29,0,0,1147.56,0,0,0
HG06293,53,55100,1,0,1,Northeast,High school or less,1340,6,25,2,0.055555556,548.11,0,0,0
HG06294,49,201100,2,0,1,West,Graduate,1710,15,38,3,0,1199.93,0,1,471.07
HG06295,38,89000,2,0,0,South,Some college/associate,1230,5,20,2,0,1089.45,0,0,0
HG06296,43,69600,4,1,1,Midwest,Some college/associate,2670,0,0,44,0,718.59,1,0,0
HG06297,21,111000,1,0,1,South,Some college/associate,2360,8,23,2,0,775.57,0,0,0
HG06298,26,34100,3,1,0,South,High school or less,690,18,42,5,0,1025.49,0,0,0
HG06299,23,20000,2,0,1,Midwest,High school or less,2060,0,0,57,0,974.15,1,1,122.86
HG06300,66,128700,1,0,1,West,Graduate,1140,3,10,13,0,925.21,0,0,0
HG06301,36,118200,1,0,0,Northeast,Bachelor's,1450,6,20,2,0,865.8,0,0,0
HG06302,49,165900,5,2,1,Midwest,Bachelor's,4620,12,32,3,0,1461.52,0,0,0
HG06303,45,85100,2,0,0,Midwest,High school or less,850,17,36,0,0,910.9,1,0,0
HG06304,49,125500,1,0,1,South,Bachelor's,1470,5,17,3,0,1091.44,1,0,0
HG06305,44,85300,3,1,1,South,Bachelor's,1680,17,59,0,0.461538462,929.33,1,0,0
HG06306,64,101900,2,0,1,South,Bachelor's,1580,16,68,1,0,982.43,1,1,49.11
HG06307,54,72200,1,0,0,Northeast,High school or less,1100,3,5,5,0,742.55,1,1,47.35
HG06308,62,254600,4,0,1,West,Some college/associate,2020,12,32,5,0,1297.88,0,0,0
HG06309,44,87600,2,0,1,South,Some college/associate,1840,13,32,0,0,726.77,0,1,110.65
HG06310,33,36300,2,1,0,West,Some college/associate,1160,0,0,52,0,811.88,0,0,0
HG06311,44,72900,2,0,0,Midwest,Some college/associate,2630,0,0,79,0,922.24,0,0,0
HG06312,61,60200,2,0,1,South,High school or less,2770,3,13,4,0,1272.58,0,0,0
HG06313,50,125500,2,0,1,Midwest,Bachelor's,1670,10,16,1,0,1088.88,0,0,0
HG06314,30,125400,5,3,0,South,Some college/associate,1730,10,15,3,0,1124.39,1,0,0
HG06315,25,108200,5,0,1,Northeast,Bachelor's,3460,5,11,0,0,1076.51,1,0,0
HG06316,36,66100,3,1,0,Midwest,Some college/associate,1880,0,0,50,0,895.22,0,0,0
HG06317,47,168100,3,0,1,South,Bachelor's,1990,12,31,3,0,1117.49,1,0,0
HG06318,46,94500,3,2,0,South,High school or less,1460,14,31,0,0,1081.15,1,0,0
HG06319,48,43900,4,3,1,South,Graduate,2330,0,0,49,0,892.09,1,0,0
HG06320,45,216900,1,0,1,South,Graduate,1620,10,14,3,0,1329.34,1,0,0
HG06321,25,24800,1,0,0,West,High school or less,1350,0,0,81,0,982.32,1,0,0
HG06322,65,125700,5,0,1,South,Some college/associate,3330,6,27,1,0,1213.39,1,1,106.03
HG06323,29,57400,3,1,1,Midwest,Some college/associate,1940,0,0,49,0,913.2,0,0,0
HG06324,42,45100,5,1,0,South,Some college/associate,2830,0,0,48,0,1031.72,1,0,0
HG06325,44,59800,1,0,0,West,Bachelor's,1190,8,15,1,0,972.45,0,0,0
HG06326,53,36200,2,0,1,Northeast,Some college/associate,1000,4,16,0,0.5,890.99,0,1,50.26
HG06327,37,202900,2,0,1,South,Bachelor's,1910,7,19,1,0,1319.85,0,0,0
HG06328,43,157200,1,0,1,Northeast,Some college/associate,1470,7,23,0,0.1875,1106.24,1,0,0
HG06329,38,94200,2,0,1,South,Bachelor's,1630,6,17,1,0,1212.15,1,1,308.12
HG06330,36,54300,4,2,0,West,High school or less,1640,0,0,58,0,856.08,1,0,0
HG06331,55,51500,1,0,1,Northeast,High school or less,1140,4,9,18,0.111111111,605.72,1,0,0
HG06332,48,128500,5,2,1,Midwest,High school or less,2400,6,11,3,0,945.89,1,1,132.14
HG06333,27,56200,3,2,1,West,Some college/associate,830,8,32,3,0,1009.24,1,0,0
HG06334,70,76400,2,0,1,Northeast,Bachelor's,2030,0,0,98,0,1021.06,1,0,0
HG06335,47,46200,1,0,0,Midwest,High school or less,880,5,23,0,0,631.75,1,0,0
HG06336,28,73500,1,0,0,Northeast,High school or less,730,12,40,1,0,768.74,1,0,0
HG06337,65,59500,1,0,1,West,Some college/associate,1120,7,27,2,0,919.78,0,0,0
HG06338,62,99600,1,0,0,West,Bachelor's,1420,5,14,0,0.454545455,867.65,1,0,0
HG06339,38,145200,4,2,1,West,Bachelor's,4200,18,47,3,0,1287.46,0,0,0
HG06340,68,92700,1,0,1,Midwest,Some college/associate,1440,9,38,2,0,864.85,1,0,0
HG06341,25,30400,1,0,0,West,High school or less,820,8,35,7,0,857.89,1,0,0
HG06342,35,99100,4,2,1,Midwest,Some college/associate,2660,14,25,3,0,1212.8,1,1,310.01
HG06343,51,126400,2,1,1,West,Bachelor's,1810,11,31,1,0,1393.48,1,0,0
HG06344,55,61500,4,0,1,Midwest,High school or less,2960,0,0,121,0,1159.17,0,0,0
HG06345,51,113400,4,1,1,South,Some college/associate,1530,11,28,0,0,1231.23,0,0,0
HG06346,34,127200,1,0,1,South,Bachelor's,1500,11,22,1,0,1169.75,0,0,0
HG06347,74,51600,1,0,1,Midwest,High school or less,2330,4,11,5,0,1013.12,1,0,0
HG06348,31,151100,2,0,0,West,Some college/associate,1440,2,3,13,0,1024.52,0,0,0
HG06349,41,87900,2,0,0,South,High school or less,1730,18,41,1,0,872.67,0,0,0
HG06350,76,121800,2,0,0,West,Bachelor's,1580,0,0,133,0,826.24,1,1,51.01
HG06351,59,173700,3,0,1,South,Bachelor's,1710,14,30,0,0,1249.83,0,0,0
HG06352,39,76200,3,0,1,Northeast,Bachelor's,1330,14,57,4,0,798.82,1,0,0
HG06353,39,59200,6,1,1,West,Some college/associate,2290,16,39,0,0,1025.26,0,1,163.2
HG06354,28,81600,2,0,0,Northeast,Some college/associate,1050,6,28,7,0,773.04,0,0,0
HG06355,41,68900,2,1,0,West,Some college/associate,1230,5,19,6,0.166666667,1123.12,1,0,0
HG06356,43,61500,4,2,1,West,Bachelor's,,0,0,72,0,1198.98,1,1,57.83
HG06357,59,37300,2,1,1,South,Some college/associate,2160,0,0,107,0,767.24,1,0,0
HG06358,37,100700,1,0,1,South,Graduate,1890,8,19,2,0.272727273,1042.57,0,1,53.27
HG06359,32,48400,2,0,0,West,High school or less,1030,17,39,1,0,629.96,1,0,0
HG06360,47,31600,2,0,1,South,High school or less,1360,11,29,4,0,788.02,0,0,0
HG06361,44,157300,2,1,1,South,Bachelor's,2970,5,15,2,0,918.73,0,0,0
HG06362,42,90600,2,1,0,West,Some college/associate,1050,7,14,2,0,936.73,1,0,0
HG06363,64,113900,2,1,0,South,Graduate,1500,10,59,0,0,923.06,1,0,0
HG06364,46,66600,2,0,1,Midwest,High school or less,1590,1,3,25,0,1054.06,1,0,0
HG06365,43,24200,2,1,1,South,Some college/associate,1340,0,0,80,0,673.88,0,1,32.3
HG06366,24,59000,2,0,1,Midwest,Graduate,1100,0,0,46,0,679.65,1,0,0
HG06367,44,145700,1,0,1,South,Bachelor's,1740,10,39,2,0,906.15,1,0,0
HG06368,43,99500,4,1,1,Midwest,Some college/associate,2480,5,15,0,0,1046.37,1,0,0
HG06369,61,192300,1,0,1,South,Bachelor's,1950,3,14,0,0,1130.33,1,0,0
HG06370,33,76800,3,0,0,West,Bachelor's,1370,5,12,10,0,693.28,1,0,0
HG06371,28,52400,2,1,0,Midwest,High school or less,1500,0,0,75,0,812.02,0,0,0
HG06372,35,30700,1,0,1,South,High school or less,1930,7,20,4,0,954.43,1,1,49.78
HG06373,47,73900,1,0,0,South,High school or less,1550,9,28,0,0,880.19,0,0,0
HG06374,58,83800,3,1,1,West,Bachelor's,1860,10,27,4,0.272727273,1064.28,1,1,143.14
HG06375,56,67600,2,0,1,South,Some college/associate,1600,5,19,5,0,950.59,1,0,0
HG06376,60,84600,1,0,1,West,Bachelor's,1520,11,31,7,0,921.95,1,1,105.93
HG06377,41,53100,1,0,0,West,Bachelor's,860,11,25,4,0,775.22,1,0,0
HG06378,66,128800,2,0,1,South,Bachelor's,1610,8,32,2,0.380952381,1212.83,1,0,0
HG06379,42,50800,1,0,1,South,High school or less,1140,5,9,9,0,735.34,1,1,70.47
HG06380,47,89800,1,0,0,West,Bachelor's,1170,6,15,1,0,755.76,1,1,60.3
HG06381,68,,4,0,1,South,High school or less,2390,0,0,60,0,992.19,1,0,0
HG06382,45,65600,5,1,1,South,Some college/associate,1980,8,17,3,0,999.95,1,0,0
HG06383,44,49900,1,0,1,West,Some college/associate,1370,3,9,4,0,790.17,1,0,0
HG06384,42,40100,2,1,1,South,High school or less,1020,12,27,0,0,844.96,1,1,69.01
HG06385,41,95000,2,0,0,West,Bachelor's,1930,3,9,3,0,1043.3,0,0,0
HG06386,30,104700,1,0,1,Midwest,Bachelor's,1600,5,12,7,0.75,940.29,0,0,0
HG06387,40,70200,4,1,1,Northeast,Bachelor's,1470,19,69,0,0,953.59,0,0,0
HG06388,41,34400,5,3,0,Midwest,High school or less,1710,0,0,80,0,748.12,1,0,0
HG06389,51,150000,4,2,1,West,Some college/associate,,12,30,1,0,1299.77,1,0,0
HG06390,53,168700,3,0,1,West,Some college/associate,1360,10,25,3,0,951.94,1,0,0
HG06391,36,32800,2,0,1,West,High school or less,1130,11,41,1,0,1002.22,1,0,0
HG06392,55,305300,2,1,1,Northeast,Graduate,2060,8,33,0,0,1590.91,0,0,0
HG06393,45,96800,1,0,0,South,Bachelor's,1160,7,22,3,0,587.2,0,0,0
HG06394,50,110200,4,0,0,Midwest,Bachelor's,1550,13,23,2,0,892.01,1,1,66.16
HG06395,44,71100,3,1,0,South,Some college/associate,2050,0,0,76,0,828.71,1,0,0
HG06396,51,40700,1,0,1,Midwest,High school or less,1090,7,28,0,0.3,742.18,1,1,40.23
HG06397,44,48400,2,0,1,Midwest,Some college/associate,1500,8,24,0,0,778.5,0,1,84.67
HG06398,42,94300,4,2,1,South,Bachelor's,2590,0,0,67,0,1438.21,0,0,0
HG06399,50,270200,5,0,1,Northeast,Bachelor's,4380,12,26,10,0,1556.43,1,0,0
HG06400,54,132400,5,0,1,South,Some college/associate,2750,11,10,6,0,1248.82,1,1,69.07
HG06401,64,,1,0,1,South,High school or less,1720,5,10,0,0.458333333,983.2,0,0,0
HG06402,42,86200,2,0,1,Midwest,High school or less,2990,0,0,84,0,816.5,1,0,0
HG06403,59,22600,2,0,1,South,High school or less,1030,17,57,4,0,1133.38,1,1,70.46
HG06404,47,57800,2,1,0,Midwest,High school or less,830,7,41,1,0,776.93,0,0,0
HG06405,47,262200,2,1,1,West,Bachelor's,2780,9,16,1,0,1213.54,1,0,0
HG06406,51,89900,4,1,1,South,Some college/associate,1840,8,23,6,0,1080.14,0,0,0
HG06407,45,35100,1,0,1,West,High school or less,710,5,15,3,0,744.4,0,0,0
HG06408,48,55900,5,2,1,South,Bachelor's,3970,0,0,51,0,1042.35,1,0,0
HG06409,47,82200,2,1,0,Midwest,Some college/associate,1300,3,7,3,0,1006.39,0,1,112.82
HG06410,43,39800,4,0,0,Midwest,High school or less,1310,5,19,2,0,840.42,1,0,0
HG06411,39,65000,4,1,0,Midwest,Graduate,2420,0,0,70,0,1122.86,1,0,0
HG06412,63,180900,3,0,0,West,Bachelor's,1720,4,19,2,0,1214.93,1,0,0
HG06413,54,50900,3,1,0,West,Some college/associate,1970,0,0,73,0,945.33,1,0,0
HG06414,48,92500,5,2,1,West,Some college/associate,3630,8,36,3,0,1146.63,1,0,0
HG06415,41,52200,1,0,0,Northeast,Some college/associate,1000,5,20,9,0,982.77,1,0,0
HG06416,43,87600,2,1,1,Northeast,Bachelor's,3120,0,0,49,0,1205.16,1,0,0
HG06417,54,126100,4,0,1,Midwest,High school or less,2300,15,37,2,0,918.56,0,0,0
HG06418,46,49400,2,0,1,South,Some college/associate,1490,0,0,61,0,1145.04,0,0,0
HG06419,61,124300,2,0,1,Northeast,Bachelor's,1960,19,37,1,0,1173.7,0,0,0
HG06420,53,108600,3,0,1,South,Bachelor's,1300,7,25,2,0,974.04,1,0,0
HG06421,62,63000,1,0,0,West,High school or less,1110,0,0,312,0,979.41,1,0,0
HG06422,54,258600,1,0,1,South,Graduate,2080,2,3,14,0,1453.44,0,0,0
HG06423,39,230300,5,1,1,West,Graduate,2930,11,38,6,0,1444.98,1,1,154.73
HG06424,23,15000,2,0,1,South,High school or less,1450,0,0,77,0,630.82,0,0,0
HG06425,20,38700,6,1,0,West,High school or less,3040,0,0,69,0,746.06,1,0,0
HG06426,37,89200,4,1,1,Northeast,Some college/associate,1930,9,33,1,0,1115.91,0,1,144.76
HG06427,41,166000,4,2,1,Northeast,Bachelor's,,7,14,8,0,1172.07,0,0,0
HG06428,63,68100,1,0,1,South,Some college/associate,1690,8,32,0,0,746.49,0,0,0
HG06429,37,107100,2,0,1,South,Graduate,1350,9,34,2,0,1152.71,1,1,56.81
HG06430,45,57500,2,0,1,South,Graduate,1210,0,0,63,0,1005.89,0,0,0
HG06431,64,101200,2,0,1,Northeast,Bachelor's,1680,3,12,2,0,1238.96,1,1,34.76
HG06432,26,34000,2,0,0,West,High school or less,950,0,0,45,0,661.76,0,0,0
HG06433,43,54600,2,1,1,Midwest,High school or less,1070,4,8,7,0.375,1077.18,0,0,0
HG06434,62,98600,1,0,1,Midwest,Some college/associate,1330,11,38,0,0,939.09,0,0,0
HG06435,76,63100,1,0,1,South,Some college/associate,910,9,53,1,0,900.11,0,0,0
HG06436,32,37400,3,1,0,South,High school or less,1190,12,34,4,0.3,780.02,0,0,0
HG06437,52,110100,4,1,1,South,Bachelor's,1370,7,25,0,0,1348.29,1,1,367.35
HG06438,54,84500,1,0,1,West,High school or less,2150,8,34,2,0,910.67,1,0,0
HG06439,38,63100,2,0,1,South,Some college/associate,1500,7,23,2,0,610.04,1,0,0
HG06440,38,84500,4,1,1,South,Bachelor's,1800,11,23,4,0,1035.12,0,0,0
HG06441,35,163500,2,1,1,Midwest,Some college/associate,2630,9,28,6,0,1137.29,0,0,0
HG06442,44,56600,2,0,1,West,High school or less,1420,0,0,47,0,854.37,1,0,0
HG06443,37,,1,0,1,South,High school or less,1360,8,16,0,0,698.59,0,1,59.42
HG06444,42,56900,2,1,0,South,Some college/associate,1280,8,25,0,0,525.77,1,0,0
HG06445,43,83200,1,0,1,South,Bachelor's,1160,5,20,2,0,1082.14,0,1,74.21
HG06446,50,103500,2,0,1,South,Graduate,1330,11,48,2,0,1179.42,0,0,0
HG06447,36,134300,3,0,1,West,Graduate,1450,9,19,4,0,886.58,1,0,0
HG06448,45,90800,2,0,0,South,Some college/associate,1390,0,0,45,0,1111.58,0,1,152.6
HG06449,43,122400,4,2,1,South,Some college/associate,1450,19,51,2,0,1173.33,1,0,0
HG06450,37,53400,2,1,1,South,High school or less,1970,8,32,1,0,1111.77,0,0,0
HG06451,69,114000,3,0,1,South,High school or less,2060,3,11,9,0,1064.49,1,0,0
HG06452,58,87200,2,1,1,South,Some college/associate,2070,0,0,198,0,1028.99,1,0,0
HG06453,53,145300,1,0,1,South,Bachelor's,1540,2,5,3,0,1329.82,1,1,54.02
HG06454,45,83100,1,0,1,South,Bachelor's,880,6,14,3,0,849.99,1,0,0
HG06455,57,165000,4,0,1,Northeast,Bachelor's,3860,6,19,10,0,1193.66,1,0,0
HG06456,72,77000,3,0,1,West,Some college/associate,2580,9,44,3,0,1212.52,1,1,174.89
HG06457,49,22800,2,0,0,West,Some college/associate,1010,3,14,15,0,792.44,1,0,0
HG06458,63,73600,2,0,1,South,Some college/associate,2110,4,18,4,0,761.66,0,0,0
HG06459,35,,2,0,1,West,Graduate,1520,13,60,6,0,1224.45,1,0,0
HG06460,62,91500,3,0,1,Midwest,Bachelor's,2800,0,0,76,0,1119.77,0,0,0
HG06461,56,70200,3,0,1,South,High school or less,1420,0,0,80,0,964.35,0,0,0
HG06462,31,197000,3,1,0,Midwest,Bachelor's,1330,5,13,6,0,1131.84,0,0,0
HG06463,43,33800,2,0,1,South,Some college/associate,,0,0,44,0,985.33,1,0,0
HG06464,35,58500,2,0,1,South,Some college/associate,1650,11,31,2,0,957.91,0,1,90.79
HG06465,48,140600,4,2,1,Northeast,Graduate,2700,7,28,2,0,1035.15,0,0,0
HG06466,37,165100,2,0,0,South,Bachelor's,1800,5,11,6,0,1345.02,0,0,0
HG06467,72,84700,2,0,1,South,Bachelor's,1960,0,0,124,0,1044.59,1,0,0
HG06468,46,60400,3,1,0,Northeast,High school or less,2200,5,9,3,0,937.1,0,0,0
HG06469,31,134100,1,0,1,South,Bachelor's,2000,3,9,15,0,1142.63,1,1,196.72
HG06470,54,51800,1,0,0,Northeast,High school or less,880,4,10,0,0.307692308,498.28,1,0,0
HG06471,50,106100,2,0,1,South,Some college/associate,1700,8,26,5,0,761.54,1,0,0
HG06472,58,49100,1,0,1,South,High school or less,1350,4,8,6,0.555555556,834.56,0,0,0
HG06473,52,136100,2,1,1,West,Graduate,1500,8,31,0,0,1069.27,1,1,177.87
HG06474,41,140700,1,0,1,Northeast,Bachelor's,2140,5,13,2,0.3,1155.31,0,0,0
HG06475,60,62000,2,0,0,South,Bachelor's,1560,0,0,99,0,888.67,1,0,0
HG06476,49,105300,2,1,1,Midwest,Some college/associate,1100,5,11,7,0,1115.62,1,1,136.2
HG06477,46,124100,2,1,1,South,Some college/associate,1690,12,24,1,0,889.4,1,0,0
HG06478,66,68000,3,0,0,Midwest,Bachelor's,1850,4,13,0,0,725.11,0,0,0
HG06479,46,95900,1,0,1,West,Some college/associate,1480,6,23,1,0,965.09,1,1,35.13
HG06480,52,101800,2,0,1,West,Bachelor's,2920,10,19,1,0.428571429,1120.02,0,0,0
HG06481,47,56700,1,0,0,Northeast,Some college/associate,1470,0,0,49,0,1040.3,1,1,267.11
HG06482,39,72300,2,1,0,South,Bachelor's,1450,7,22,3,0,916.61,0,0,0
HG06483,38,47800,1,0,0,Midwest,High school or less,1250,10,36,5,0,942.99,1,0,0
HG06484,61,51800,2,0,1,South,Some college/associate,1820,13,38,0,0,1080.39,1,0,0
HG06485,30,50900,2,1,0,Northeast,Some college/associate,1970,0,0,45,0,1037.22,1,0,0
HG06486,47,107100,1,0,0,Midwest,Bachelor's,1910,7,21,7,0,881.57,0,0,0
HG06487,40,62800,1,0,1,Northeast,Bachelor's,1210,16,38,1,0,752.4,1,0,0
HG06488,26,106500,4,1,1,Northeast,Some college/associate,2210,21,40,0,0,1212.21,0,0,0
HG06489,39,41200,3,1,1,South,High school or less,2330,0,0,47,0,881.85,0,0,0
HG06490,40,138500,2,0,1,Northeast,Some college/associate,1900,13,29,0,0,1020.28,0,0,0
HG06491,43,72900,2,1,0,Northeast,Graduate,2420,0,0,200,0,951.38,1,0,0
HG06492,58,81400,2,0,0,West,Bachelor's,1460,10,9,2,0,845.64,0,0,0
HG06493,30,26000,2,1,1,Northeast,Some college/associate,1130,0,0,50,0,1065.27,0,0,0
HG06494,35,86000,2,0,0,South,Bachelor's,1420,6,12,0,0,895.75,1,0,0
HG06495,48,195700,2,1,1,West,Bachelor's,2240,7,19,0,0,1443.38,0,0,0
HG06496,19,74600,2,0,0,South,Some college/associate,810,11,34,0,0,541.08,0,0,0
HG06497,55,168600,3,0,1,South,Graduate,2380,9,33,1,0,1472.73,1,1,80.29
HG06498,66,171000,2,0,0,South,Graduate,1220,16,63,2,0,1167.54,1,1,29.43
HG06499,33,58200,2,1,0,South,Some college/associate,990,19,64,1,0,761.58,0,0,0
HG06500,39,95400,4,0,1,South,Bachelor's,2320,4,14,7,0,1018.02,1,0,0
HG06501,47,190700,3,2,1,West,Bachelor's,3490,7,23,6,0,1185.44,0,0,0
HG06502,55,97100,1,0,1,Northeast,Graduate,1070,0,0,80,0,1089.49,1,0,0
HG06503,46,125200,4,2,1,West,Graduate,1990,16,37,1,0,908.63,1,0,0
HG06504,57,62100,2,1,1,West,High school or less,1460,5,6,2,0.5,1070.94,1,0,0
HG06505,64,86500,2,1,1,West,Bachelor's,1690,4,11,9,0.454545455,1042.95,1,1,128.62
HG06506,37,122200,4,1,1,Northeast,Bachelor's,2410,8,17,1,0,1366.82,1,0,0
HG06507,65,45200,2,0,1,South,Some college/associate,1390,0,0,55,0,870.94,0,0,0
HG06508,59,80500,1,0,1,Midwest,Bachelor's,2370,12,31,0,0,802.17,1,0,0
HG06509,45,58300,2,0,1,Midwest,Some college/associate,1820,0,0,61,0,956.29,1,0,0
HG06510,64,78800,1,0,1,South,Some college/associate,2100,6,22,7,0,947.73,0,0,0
HG06511,59,146300,4,0,1,West,Graduate,3440,7,20,4,0,1508.14,1,0,0
HG06512,48,97200,2,0,1,West,Bachelor's,2640,5,16,0,0,1342.82,0,0,0
HG06513,62,104900,3,0,1,West,Some college/associate,3100,0,0,44,0,1221.38,1,0,0
HG06514,52,99500,1,0,1,South,Bachelor's,1040,2,6,11,0,1020.1,1,1,132.53
HG06515,59,196000,5,0,1,Northeast,Graduate,2680,7,11,2,0,1350.38,1,0,0
HG06516,50,57000,2,0,1,West,Some college/associate,1630,0,0,54,0,1022.09,1,1,207.72
HG06517,44,123500,3,1,1,West,Bachelor's,2660,7,14,3,0,1284.37,1,1,83.36
HG06518,50,122300,2,1,0,Northeast,Bachelor's,1610,8,36,3,0.461538462,991.76,1,0,0
HG06519,35,22500,4,3,0,Midwest,Some college/associate,1010,12,15,1,0,779.89,1,1,378.51
HG06520,28,47600,1,0,0,Northeast,Bachelor's,1430,0,0,48,0,822.61,1,1,61.07
HG06521,35,49300,2,0,1,South,Some college/associate,1310,13,41,3,0,828.42,0,0,0
HG06522,36,93800,2,1,1,South,Bachelor's,1650,10,25,3,0,964.12,0,0,0
HG06523,40,,2,0,1,South,Some college/associate,1490,8,16,5,0,899.08,1,1,35.23
HG06524,52,95100,1,0,1,Northeast,Some college/associate,1070,6,26,2,0.3125,888.79,1,0,0
HG06525,40,39800,3,1,1,South,High school or less,1670,0,0,47,0,810.32,0,0,0
HG06526,37,56100,2,1,0,West,Some college/associate,1260,0,0,56,0,951.47,1,1,72.41
HG06527,48,105000,2,0,0,Midwest,Graduate,1700,0,0,60,0,1110.82,0,0,0
HG06528,26,22400,2,0,1,Northeast,High school or less,1520,0,0,58,0,929.09,1,0,0
HG06529,52,230100,2,0,0,South,Graduate,1940,6,11,8,0,1400.03,1,0,0
HG06530,30,90100,3,1,1,South,Some college/associate,1840,9,26,2,0,1074.28,1,0,0
HG06531,39,41000,4,2,0,Midwest,Some college/associate,1150,7,24,0,0,839.4,0,0,0
HG06532,28,48400,2,0,1,West,Some college/associate,1050,10,25,0,0,1024.58,0,0,0
HG06533,50,107700,6,2,1,South,Graduate,4590,0,0,58,0,1208.37,1,0,0
HG06534,56,105300,1,0,1,West,Graduate,2460,0,0,137,0,966.79,0,0,0
HG06535,59,70100,1,0,1,Midwest,High school or less,1210,5,20,0,0.388888889,742.05,1,0,0
HG06536,40,169000,2,0,1,South,Some college/associate,1630,9,23,1,0,1200.43,0,0,0
HG06537,57,146900,2,0,1,South,Some college/associate,1720,4,9,3,0,1173.12,0,0,0
HG06538,31,26300,2,1,1,Northeast,High school or less,1090,7,20,6,0,771.07,1,0,0
HG06539,20,49600,2,0,1,West,Some college/associate,1600,0,0,98,0,1039.58,0,0,0
HG06540,40,112300,5,2,1,South,Graduate,2040,9,15,2,0,1467.96,1,0,0
HG06541,54,30500,2,0,1,South,High school or less,1550,0,0,65,0,873.9,0,0,0
HG06542,31,41100,6,2,0,West,High school or less,2460,0,0,44,0,1157.91,1,0,0
HG06543,24,23800,4,0,0,South,High school or less,1050,7,27,0,0,634.46,0,0,0
HG06544,46,22900,3,0,0,South,High school or less,1460,0,0,95,0,727.96,0,0,0
HG06545,37,26400,2,0,0,South,High school or less,770,11,48,0,0,646.62,0,0,0
HG06546,55,57000,6,1,1,Midwest,High school or less,1470,11,37,1,0,1058.9,0,1,136.43
HG06547,42,62900,1,0,1,South,Some college/associate,1300,3,13,1,0,1081.29,0,0,0
HG06548,41,43500,2,0,1,South,High school or less,1160,0,0,74,0,892.96,1,0,0
HG06549,25,31800,3,1,0,South,High school or less,1710,0,0,91,0,867.41,0,0,0
HG06550,56,101900,1,0,1,South,Bachelor's,1070,8,19,3,0.357142857,1112.93,1,1,210.89
HG06551,35,49100,5,3,0,West,Some college/associate,1450,11,51,0,0,742.13,0,0,0
HG06552,35,32500,1,0,1,South,Some college/associate,1480,3,3,12,0,655.11,1,0,0
HG06553,61,75100,1,0,0,West,Graduate,1120,7,24,2,0,1039.05,0,0,0
HG06554,64,252100,2,0,1,Midwest,Graduate,2060,11,22,0,0,1325.32,1,0,0
HG06555,43,57400,2,1,0,West,High school or less,1610,0,0,47,0,848.54,1,0,0
HG06556,69,67400,4,0,1,Northeast,Graduate,2210,0,0,84,0,1067.95,1,0,0
HG06557,61,52100,2,0,0,Northeast,High school or less,1140,7,23,3,0.428571429,796.14,1,0,0
HG06558,61,65900,2,0,1,West,Bachelor's,2150,2,9,6,0,1128.81,1,0,0
HG06559,49,52100,1,0,1,Midwest,High school or less,900,5,10,0,0.090909091,575.89,1,0,0
HG06560,44,117600,2,1,1,South,Bachelor's,1530,6,20,6,0,947.75,0,0,0
HG06561,32,173000,2,1,1,South,Bachelor's,2520,12,35,0,0,1100.29,1,0,0
HG06562,28,65200,2,0,1,South,Some college/associate,1310,15,56,2,0,744.83,1,0,0
HG06563,55,46800,2,0,0,South,High school or less,1780,7,18,3,0.428571429,706.71,1,0,0
HG06564,75,79400,1,0,1,Northeast,Bachelor's,,4,10,21,0.375,971.55,0,0,0
HG06565,63,91200,6,0,0,South,Some college/associate,2850,3,5,0,0.25,801.9,1,0,0
HG06566,53,67000,2,0,0,South,Some college/associate,930,0,0,83,0,942.56,1,0,0
HG06567,36,58100,1,0,0,South,Some college/associate,1150,0,0,85,0,726.95,1,0,0
HG06568,50,57400,1,0,0,Northeast,Some college/associate,1040,5,24,8,0,847,1,0,0
HG06569,42,88900,1,0,0,South,High school or less,1120,4,17,3,0.333333333,890.23,0,0,0
HG06570,63,64900,2,0,0,South,High school or less,1190,0,0,57,0,952.23,0,1,92.17
HG06571,42,239600,2,1,1,South,Graduate,,9,27,0,0,1333.29,0,1,50.58
HG06572,64,158700,2,1,0,West,Graduate,2090,3,6,5,0.3,1221.59,1,1,200.59
HG06573,55,61300,1,0,0,Northeast,Some college/associate,1460,3,9,17,0.230769231,867.14,1,1,98.96
HG06574,44,129600,1,0,0,South,Some college/associate,1490,8,15,6,0,799.42,1,0,0
HG06575,38,122800,2,0,1,South,Some college/associate,1100,6,14,2,0,1358.39,0,0,0
HG06576,51,56800,4,0,1,Midwest,Bachelor's,1910,7,15,1,0,1033.71,0,0,0
HG06577,53,104900,5,1,1,Northeast,Some college/associate,2500,0,0,46,0,1435.96,1,0,0
HG06578,56,285500,1,0,1,South,Some college/associate,2690,4,12,0,0,1301.22,1,0,0
HG06579,26,113600,2,0,0,South,Bachelor's,1970,4,16,6,0,830.36,1,0,0
HG06580,49,99600,1,0,0,South,High school or less,1740,8,32,3,0,958.9,0,0,0
HG06581,68,152600,1,0,1,South,Bachelor's,1940,3,3,0,0,1151.7,1,1,121.15
HG06582,43,97000,2,0,1,West,Graduate,1700,12,29,0,0,1091.08,1,0,0
HG06583,72,58000,1,0,0,Midwest,Some college/associate,1190,7,28,12,0.454545455,956.97,0,0,0
HG06584,23,41500,2,1,1,Midwest,High school or less,1380,0,0,108,0,928.77,1,0,0
HG06585,58,85000,3,0,1,West,Some college/associate,2010,0,0,44,0,1256.64,1,0,0
HG06586,36,43600,2,0,1,Northeast,High school or less,1630,8,19,16,0,762.04,1,0,0
HG06587,49,55100,2,0,0,Northeast,High school or less,920,0,0,44,0,568.68,1,0,0
HG06588,26,78400,4,1,0,West,High school or less,1510,12,29,5,0,713.28,0,0,0
HG06589,40,140000,4,2,1,Northeast,Bachelor's,1850,7,16,2,0,1015.79,0,1,59.32
HG06590,42,60900,2,0,1,Midwest,High school or less,1460,10,43,0,0,601.83,1,0,0
HG06591,65,,2,0,1,West,Some college/associate,1560,0,0,67,0,1185.47,0,0,0
HG06592,35,38600,1,0,0,West,High school or less,1060,5,18,3,0,574.53,0,1,37.02
HG06593,49,116500,3,0,1,Northeast,Some college/associate,2300,15,51,1,0,980.43,0,1,155.32
HG06594,65,76100,1,0,1,South,Bachelor's,1300,3,6,7,0,759.27,0,0,0
HG06595,59,196800,4,0,1,South,Bachelor's,2280,6,14,0,0,1474.26,0,0,0
HG06596,36,51600,5,1,1,West,Bachelor's,5000,0,0,103,0,1241.35,0,0,0
HG06597,26,38100,4,2,0,Midwest,Some college/associate,1900,0,0,95,0,936.51,0,0,0
HG06598,28,153600,1,0,1,South,Some college/associate,2120,13,25,2,0,962.18,0,0,0
HG06599,24,62900,5,0,1,Midwest,Bachelor's,1800,13,61,0,0,1190.1,1,1,115.61
HG06600,62,53000,1,0,1,West,High school or less,1440,0,0,38,0,867.79,1,0,0
HG06601,33,58800,3,2,1,Midwest,Some college/associate,2450,0,0,100,0,1015.96,1,0,0
HG06602,30,63900,5,2,0,Northeast,Bachelor's,1870,5,17,1,0,946.49,1,0,0
HG06603,36,52300,2,0,1,South,Some college/associate,1610,0,0,73,0,924.1,0,0,0
HG06604,44,167200,2,0,1,Midwest,Graduate,1700,6,19,2,0,1308.16,0,0,0
HG06605,59,105400,1,0,1,Midwest,Bachelor's,1500,5,23,9,0,723.29,1,0,0
HG06606,57,33700,2,0,1,West,Some college/associate,1240,9,39,0,0,1036.22,0,0,0
HG06607,37,95200,2,1,1,South,Bachelor's,2430,0,0,67,0,939.72,0,0,0
HG06608,43,94400,1,0,0,Northeast,Some college/associate,1290,11,32,1,0.375,876.58,1,0,0
HG06609,59,66200,1,0,1,West,Some college/associate,2350,5,16,10,0,880.66,1,1,56.66
HG06610,51,101100,1,0,0,South,Graduate,1120,7,33,2,0,674.13,0,0,0
HG06611,50,93300,2,0,0,Northeast,Bachelor's,1300,17,41,1,0,1055.74,0,0,0
HG06612,62,117000,1,0,0,West,Some college/associate,1480,9,51,0,0,982.6,1,0,0
HG06613,59,51100,1,0,1,Midwest,High school or less,2120,8,26,2,0,946.52,1,0,0
HG06614,42,42500,2,0,0,South,High school or less,1160,7,20,2,0,786.91,1,0,0
HG06615,41,52100,1,0,1,South,Some college/associate,960,11,47,1,0,970.19,1,1,156.12
HG06616,29,123200,2,1,1,South,Bachelor's,1450,5,15,6,0,838.96,1,1,93.47
HG06617,39,78500,1,0,1,South,High school or less,,10,23,2,0,886.04,1,0,0
HG06618,29,30200,6,3,0,West,Some college/associate,2000,0,0,62,0,756.62,1,0,0
HG06619,38,63700,1,0,0,South,Bachelor's,930,4,15,17,0,912.01,0,0,0
HG06620,64,,3,1,0,South,High school or less,1210,7,32,1,0,871.07,1,0,0
HG06621,33,128000,1,0,1,Northeast,Graduate,1950,0,0,65,0,1061.55,1,0,0
HG06622,57,99200,3,0,1,Midwest,Bachelor's,1860,9,27,15,0,1201.9,1,0,0
HG06623,51,195000,2,1,1,Midwest,Graduate,1340,2,4,2,0,1450.14,0,0,0
HG06624,38,136900,4,1,1,Midwest,Bachelor's,1500,7,22,4,0,892.44,0,1,109.4
HG06625,39,109500,1,0,1,South,Some college/associate,1540,5,12,1,0,1080.83,1,0,0
HG06626,49,97200,4,2,1,West,Some college/associate,1550,17,38,0,0,1243.75,0,0,0
HG06627,31,115900,1,0,1,Midwest,Bachelor's,1310,6,29,4,0,1035.33,1,1,172.93
HG06628,26,19400,1,0,0,Midwest,High school or less,900,0,0,52,0,770.44,1,0,0
HG06629,48,30200,3,0,1,Midwest,Some college/associate,1500,0,0,70,0,900.49,0,0,0
HG06630,60,64800,2,0,0,South,Some college/associate,1280,12,40,4,0,750.75,0,0,0
HG06631,39,74800,3,1,1,Northeast,Graduate,1410,5,18,3,0,1013.34,0,0,0
HG06632,39,48100,2,0,0,Northeast,Some college/associate,1950,0,0,69,0,622.97,0,0,0
HG06633,51,78700,2,1,1,West,High school or less,2060,7,22,7,0,913.63,1,0,0
HG06634,56,62400,2,0,1,Midwest,Graduate,1830,3,7,19,0,1091.6,0,0,0
HG06635,39,79200,6,1,0,South,Bachelor's,2420,7,24,9,0,1057.15,0,0,0
HG06636,31,73800,3,0,0,Northeast,High school or less,1100,20,56,1,0,809.1,0,0,0
HG06637,57,96300,1,0,1,Midwest,High school or less,1370,6,10,3,0,1155.15,1,1,519.46
HG06638,46,72800,2,0,1,Midwest,Graduate,2270,0,0,87,0,844.1,1,0,0
HG06639,20,33400,6,0,0,West,High school or less,3470,0,0,53,0,905.15,0,1,126.47
HG06640,53,75900,2,0,0,South,Bachelor's,1430,6,26,1,0,1026.61,0,0,0
HG06641,22,80200,6,2,0,South,Some college/associate,2960,3,5,9,0,997.56,1,0,0
HG06642,56,121000,3,1,1,West,Graduate,1990,16,65,7,0,1279.29,1,0,0
HG06643,61,61700,4,1,1,West,High school or less,1310,11,25,1,0.277777778,1043.61,0,1,86.46
HG06644,56,68700,4,0,0,Midwest,Some college/associate,1650,11,39,3,0,1282.5,1,0,0
HG06645,59,119100,2,0,1,Northeast,Graduate,2140,11,31,4,0.238095238,1107.68,0,0,0
HG06646,50,105100,4,1,1,West,Graduate,1650,10,27,2,0,511.09,0,0,0
HG06647,22,92000,1,0,0,South,Bachelor's,1510,7,22,0,0,670.76,1,1,40.85
HG06648,32,112100,4,1,0,Midwest,Graduate,,9,26,0,0,1301.35,1,1,109.83
HG06649,28,,1,0,1,Midwest,Some college/associate,1420,8,22,3,0,772.36,1,0,0
HG06650,41,80700,6,1,1,South,Bachelor's,2650,1,3,29,0,970.89,1,1,32.59
HG06651,68,173200,2,0,1,West,Bachelor's,2900,6,22,4,0,1231.43,1,1,27.38
HG06652,36,46100,1,0,1,South,High school or less,1980,0,0,41,0,1128.67,0,0,0
HG06653,48,248000,6,1,0,Northeast,Some college/associate,3710,6,18,3,0,1270.55,0,0,0
HG06654,54,98100,3,0,1,West,Bachelor's,1940,6,17,0,0.25,948.47,1,0,0
HG06655,41,83200,2,0,1,West,Graduate,2260,0,0,51,0,882.57,1,0,0
HG06656,43,71300,4,1,1,Midwest,Bachelor's,3870,0,0,88,0,981.6,1,0,0
HG06657,27,58500,2,0,1,Northeast,High school or less,1170,8,24,5,0,442.25,0,0,0
HG06658,76,197500,2,0,0,West,Bachelor's,1710,7,15,1,0,1113.33,0,0,0
HG06659,73,79600,1,0,1,South,Bachelor's,1740,3,9,2,0,992.38,1,0,0
HG06660,56,162600,3,2,0,South,Bachelor's,2090,0,0,121,0,1252.06,1,0,0
HG06661,56,79100,1,0,1,Midwest,Some college/associate,1310,5,14,9,0.461538462,864.74,1,1,124.95
HG06662,41,43500,3,1,1,Midwest,High school or less,2450,0,0,49,0,962.85,1,0,0
HG06663,50,44200,1,0,1,Midwest,High school or less,1100,9,28,0,0,1090.41,1,0,0
HG06664,31,40900,5,2,1,South,Some college/associate,1570,15,43,0,0,1128.07,1,0,0
HG06665,52,113300,2,1,0,Midwest,Bachelor's,2220,8,18,0,0,1085.96,1,1,158.21
HG06666,62,122900,1,0,1,Northeast,Graduate,1710,6,18,1,0,1490.47,0,0,0
HG06667,58,66800,1,0,1,West,Some college/associate,1190,4,17,3,0,977.58,0,0,0
HG06668,42,46700,1,0,0,Midwest,High school or less,1390,4,11,2,0,585.98,0,0,0
HG06669,42,65900,2,0,1,West,High school or less,1580,6,12,1,0,747.02,0,0,0
HG06670,48,37600,1,0,1,Northeast,High school or less,1030,6,14,4,0,544.8,1,0,0
HG06671,47,71900,1,0,0,West,Some college/associate,850,7,36,10,0,744.79,1,1,45.15
HG06672,22,34700,1,0,1,South,High school or less,1210,4,10,1,0,937.2,1,0,0
HG06673,26,60700,2,1,0,South,High school or less,1060,6,21,0,0,906.99,0,0,0
HG06674,51,61800,3,2,1,Midwest,High school or less,2200,0,0,81,0,970.01,1,1,39.29
HG06675,43,45200,2,0,1,Midwest,High school or less,1100,5,8,2,0.409090909,636.54,1,0,0
HG06676,50,87200,1,0,1,Midwest,Some college/associate,1230,8,29,0,0,831.58,0,0,0
HG06677,53,105100,1,0,0,West,Some college/associate,1300,6,14,0,0,1047.65,0,0,0
HG06678,47,58500,2,1,0,Midwest,Graduate,1380,0,0,57,0,825.81,0,0,0
HG06679,43,70100,1,0,1,Northeast,Bachelor's,1500,0,0,57,0,1361.79,0,0,0
HG06680,36,143700,5,2,0,South,Bachelor's,2430,7,14,0,0,1250.56,0,0,0
HG06681,46,59100,1,0,0,South,High school or less,860,5,29,16,0,705.05,1,0,0
HG06682,51,98800,1,0,1,Midwest,High school or less,1200,2,8,14,0,982.91,0,0,0
HG06683,41,83500,4,3,0,West,Some college/associate,2050,16,25,2,0,936.51,0,0,0
HG06684,38,68200,1,0,1,West,High school or less,580,20,31,0,0,694.82,0,0,0
HG06685,22,37700,1,0,1,Midwest,High school or less,1370,3,5,0,0,984.17,0,0,0
HG06686,48,116300,1,0,1,West,Some college/associate,2600,5,12,21,0,1155.78,0,0,0
HG06687,50,114200,1,0,1,Midwest,Bachelor's,1420,11,33,1,0,1033.2,0,0,0
HG06688,38,91400,3,0,0,South,Bachelor's,2370,0,0,50,0,1205.32,0,1,118.61
HG06689,61,66500,2,1,1,Northeast,Some college/associate,2060,8,12,1,0,741.4,1,0,0
HG06690,46,129700,1,0,1,West,Bachelor's,1040,17,45,1,0,1078.03,0,0,0
HG06691,46,168000,2,1,1,Midwest,Bachelor's,1810,8,27,4,0,1163.91,0,0,0
HG06692,37,75100,3,1,1,West,High school or less,1850,10,28,1,0,1093,1,0,0
HG06693,36,37400,4,2,0,South,High school or less,1440,3,7,11,0,802.7,1,0,0
HG06694,50,127900,4,1,1,Northeast,Bachelor's,1790,9,24,0,0,1541.04,0,1,437.82
HG06695,43,246800,4,1,1,South,Graduate,2780,17,44,0,0,1713.48,0,1,332.56
HG06696,39,56500,1,0,0,South,Some college/associate,1610,6,11,2,0,607.27,0,0,0
HG06697,41,44900,4,2,1,West,Some college/associate,1460,13,35,0,0,885.28,0,0,0
HG06698,44,154600,2,1,1,South,Bachelor's,1460,11,36,3,0,1010.4,0,0,0
HG06699,48,75000,2,0,1,West,Some college/associate,1910,0,0,126,0,912.11,0,0,0
HG06700,53,73000,1,0,0,Northeast,Bachelor's,1210,0,0,81,0,953.4,1,0,0
HG06701,65,154500,2,0,1,South,Graduate,1670,0,0,199,0,784.52,0,0,0
HG06702,54,59500,2,0,1,West,Some college/associate,1400,5,14,13,0,841.61,0,0,0
HG06703,48,140100,3,1,0,South,Graduate,1520,18,71,0,0,1289.92,1,0,0
HG06704,62,98000,1,0,1,Midwest,Some college/associate,970,10,18,1,0,696.8,0,0,0
HG06705,46,65100,5,2,0,South,Bachelor's,,0,0,117,0,1256.52,1,0,0
HG06706,36,115300,5,3,0,Northeast,Some college/associate,1810,9,16,0,0,1201.14,0,0,0
HG06707,31,30400,1,0,1,Midwest,High school or less,1010,0,0,92,0,773.95,0,0,0
HG06708,60,147700,2,0,1,South,Bachelor's,2740,0,0,75,0,1240.44,0,0,0
HG06709,44,77800,1,0,1,South,Some college/associate,2200,2,8,9,0,960.42,1,1,107.31
HG06710,47,92000,2,0,1,South,Some college/associate,2170,14,44,0,0.333333333,986.02,1,0,0
HG06711,45,101200,3,2,1,South,Graduate,2020,9,22,3,0,1171.83,1,1,71.52
HG06712,40,108000,1,0,1,West,High school or less,1110,8,16,9,0,938.61,0,0,0
HG06713,66,119800,2,0,1,Midwest,Graduate,1670,11,41,0,0,992.99,1,0,0
HG06714,73,134500,4,0,1,West,Some college/associate,2960,13,42,1,0,1066.22,1,1,141.24
HG06715,36,103100,2,1,1,Midwest,Bachelor's,1360,17,50,0,0,1017.14,0,0,0
HG06716,29,76200,1,0,1,West,Bachelor's,900,8,42,6,0,748.98,1,0,0
HG06717,40,106700,1,0,0,South,Bachelor's,1150,0,0,77,0,849.08,0,0,0
HG06718,47,126500,3,0,1,Midwest,Graduate,1600,13,24,2,0,954.36,0,0,0
HG06719,31,62800,1,0,1,South,Some college/associate,1200,10,25,5,0,771.51,0,0,0
HG06720,56,49400,2,0,0,South,High school or less,690,6,33,2,0,1041.41,1,0,0
HG06721,72,63700,6,1,1,South,High school or less,3380,4,14,4,0.461538462,1141.68,1,0,0
HG06722,60,79500,3,0,1,Midwest,Some college/associate,1480,0,0,205,0,1039.95,0,0,0
HG06723,54,163600,2,1,1,South,Graduate,2120,0,0,40,0,1246.57,1,0,0
HG06724,60,72500,1,0,1,Northeast,High school or less,1600,7,18,0,0.428571429,910.27,1,0,0
HG06725,76,67400,1,0,0,Midwest,High school or less,990,6,24,3,0.230769231,807.96,1,0,0
HG06726,18,54600,3,0,0,West,Some college/associate,1140,10,29,1,0,867.77,0,1,26.58
HG06727,42,47800,3,1,0,Midwest,High school or less,1400,3,3,4,0,926.06,0,0,0
HG06728,50,47200,4,2,1,South,High school or less,1860,11,42,1,0,919.27,0,0,0
HG06729,67,350000,2,0,1,South,Graduate,2520,8,14,0,0,1645.09,0,0,0
HG06730,57,,3,0,1,Midwest,Graduate,2180,4,9,2,0.125,1293.87,1,0,0
HG06731,45,79900,3,2,0,Midwest,High school or less,2060,3,6,7,0,1142.91,1,0,0
HG06732,35,114800,1,0,0,South,Some college/associate,1480,9,43,0,0,870.35,0,0,0
HG06733,40,59600,3,2,0,Midwest,Graduate,1680,0,0,64,0,1206.16,0,1,143.66
HG06734,43,,2,0,1,South,Some college/associate,1100,10,27,3,0.476190476,572.25,1,0,0
HG06735,49,152700,2,0,1,Northeast,Bachelor's,,19,59,1,0,1064.66,1,1,56.14
HG06736,61,55200,1,0,1,South,High school or less,930,6,38,4,0.266666667,884.8,1,0,0
HG06737,23,47400,4,0,0,South,Some college/associate,4210,0,0,48,0,1021.16,1,0,0
HG06738,37,175500,2,0,0,Midwest,Bachelor's,1970,8,17,0,0,972.76,1,0,0
HG06739,43,44000,5,2,1,Midwest,High school or less,2080,0,0,77,0,856.2,0,0,0
HG06740,33,68500,1,0,1,South,High school or less,1490,6,20,6,0,1009.18,0,0,0
HG06741,43,37800,3,2,1,South,High school or less,1250,0,0,80,0,624.52,0,0,0
HG06742,64,91000,5,1,1,Northeast,Graduate,3780,10,38,3,0,1142.92,1,0,0
HG06743,31,75600,1,0,0,Northeast,Bachelor's,1030,7,17,7,0.260869565,718.51,0,1,9.63
HG06744,35,46000,2,0,1,West,Some college/associate,1720,10,21,0,0,574.77,0,0,0
HG06745,42,73500,2,0,1,West,Some college/associate,930,9,25,2,0.428571429,865.97,0,0,0
HG06746,39,153000,4,2,0,Midwest,Bachelor's,1860,13,27,2,0,1095.85,0,1,134.92
HG06747,36,95800,2,0,0,West,Bachelor's,1250,12,21,0,0,763,0,0,0
HG06748,64,237700,2,0,1,West,Bachelor's,2900,6,13,4,0,1402.37,1,0,0
HG06749,23,69100,1,0,0,Midwest,Some college/associate,780,9,29,4,0,789.96,1,0,0
HG06750,56,102600,1,0,0,South,Bachelor's,2050,4,22,4,0,741.45,0,0,0
HG06751,30,36000,2,0,1,West,High school or less,1990,0,0,76,0,781.48,0,0,0
HG06752,60,,2,0,1,South,Bachelor's,1350,6,16,0,0,1109.55,0,0,0
HG06753,33,16100,2,0,1,South,High school or less,920,0,0,80,0,649.26,1,0,0
HG06754,46,110500,4,1,1,South,Bachelor's,2410,5,14,4,0,1066.01,1,0,0
HG06755,39,52300,2,1,1,West,High school or less,2010,0,0,72,0,1248.06,0,0,0
HG06756,36,93200,3,1,0,Midwest,Bachelor's,1270,17,33,1,0,1175.76,1,0,0
HG06757,44,34400,2,0,0,Midwest,High school or less,1210,4,14,8,0.260869565,824.51,0,0,0
HG06758,64,217900,2,0,1,Northeast,Graduate,2650,6,14,1,0,1147.04,0,0,0
HG06759,37,150500,2,0,1,South,Bachelor's,1670,18,53,1,0,867.02,0,0,0
HG06760,25,52600,1,0,1,Northeast,Some college/associate,1210,2,5,20,0,739.26,1,0,0
HG06761,48,78400,1,0,1,West,Bachelor's,1590,9,32,1,0,857.69,0,0,0
HG06762,55,177800,4,0,1,West,Graduate,2100,6,14,2,0,1537.66,0,0,0
HG06763,35,46300,2,0,1,Midwest,High school or less,2080,3,14,10,0.391304348,865.17,1,0,0
HG06764,43,85400,5,1,1,West,Graduate,2210,9,21,2,0,956.44,1,0,0
HG06765,36,181900,3,2,1,West,Graduate,1660,6,17,1,0,1374.85,1,1,220.36
HG06766,56,64900,1,0,1,South,High school or less,1260,3,6,20,0.538461538,917.2,1,0,0
HG06767,64,50800,1,0,1,Northeast,High school or less,1060,9,28,4,0.263157895,776.14,1,1,31.72
HG06768,47,36000,4,3,1,Midwest,Some college/associate,1220,16,52,0,0,1076.88,1,0,0
HG06769,48,53600,2,0,1,West,High school or less,1960,0,0,112,0,814.88,0,1,144.31
HG06770,36,69600,1,0,0,Midwest,Bachelor's,1050,2,4,9,0,993.49,0,0,0
HG06771,44,77600,1,0,1,South,High school or less,1610,3,8,0,0,995.93,1,0,0
HG06772,44,98100,4,2,1,Midwest,Graduate,1630,15,36,3,0,1456.51,1,0,0
HG06773,37,58700,2,1,1,Midwest,Some college/associate,1140,12,37,0,0,858.98,0,0,0
HG06774,50,287900,2,0,1,West,Graduate,3010,11,42,1,0,1374.3,0,0,0
HG06775,48,122200,2,0,1,South,Bachelor's,1690,14,43,3,0,1072.33,0,0,0
HG06776,39,65300,3,1,0,West,High school or less,1790,10,21,4,0,678.91,1,0,0
HG06777,46,40300,4,2,1,South,Bachelor's,3030,0,0,57,0,928.28,1,0,0
HG06778,50,297600,2,0,1,Midwest,Bachelor's,1280,10,38,2,0,1498.86,1,1,276.52
HG06779,56,109100,2,1,0,South,Some college/associate,1430,6,18,1,0,857.95,0,0,0
HG06780,34,77700,1,0,1,Northeast,Graduate,1380,6,13,0,0,901.11,1,0,0
HG06781,63,103600,3,0,1,Midwest,Some college/associate,2020,11,37,1,0,1030.14,0,1,65.73
HG06782,56,68800,1,0,0,Midwest,High school or less,1660,3,6,11,0,940.17,1,0,0
HG06783,42,112600,2,0,1,South,Bachelor's,2000,18,52,0,0,923.42,1,0,0
HG06784,55,53300,5,0,1,South,Some college/associate,3460,0,0,55,0,1208.41,1,0,0
HG06785,32,118100,1,0,0,Northeast,Some college/associate,1060,16,46,1,0,1190.8,0,0,0
HG06786,25,73600,1,0,0,West,Some college/associate,1450,5,15,5,0,720.47,1,0,0
HG06787,56,30000,2,0,1,South,High school or less,1360,0,0,84,0,870.87,1,0,0
HG06788,52,29500,2,1,0,Midwest,Some college/associate,1140,0,0,62,0,777.36,0,0,0
HG06789,27,35700,3,0,0,South,High school or less,1480,0,0,111,0,836.3,1,0,0
HG06790,38,41100,3,1,0,West,Some college/associate,1840,0,0,64,0,960.32,0,0,0
HG06791,39,55100,2,0,1,Midwest,Graduate,1260,7,19,3,0,654.86,1,1,96.36
HG06792,47,143200,1,0,1,South,Bachelor's,1380,8,37,0,0,899.77,1,0,0
HG06793,50,49800,2,0,1,Midwest,Graduate,1430,0,0,85,0,1104.63,0,0,0
HG06794,55,102200,1,0,1,Northeast,Bachelor's,2110,9,36,2,0.25,1130.95,1,0,0
HG06795,51,171200,2,0,0,South,Bachelor's,1360,5,12,4,0,1449.55,0,0,0
HG06796,64,90000,4,0,1,West,Some college/associate,2270,0,0,41,0,1021.53,0,1,129.12
HG06797,51,84600,4,1,0,South,Some college/associate,1470,6,17,2,0.214285714,933.41,1,1,102.85
HG06798,24,46700,1,0,0,South,Some college/associate,1560,0,0,102,0,724.26,1,0,0
HG06799,33,59700,3,1,1,West,High school or less,1540,4,5,3,0,846.8,1,0,0
HG06800,67,112800,5,1,1,Northeast,Bachelor's,3500,4,13,4,0.375,1192.49,0,0,0
HG06801,25,24100,3,1,0,South,High school or less,650,21,88,1,0,659.91,0,0,0
HG06802,65,142300,2,0,0,Northeast,Graduate,1560,6,9,6,0,974.59,1,0,0
HG06803,36,63900,2,0,0,South,Bachelor's,1080,10,27,1,0,681.77,1,0,0
HG06804,43,115200,2,0,1,South,Bachelor's,1870,11,30,8,0,886.67,1,0,0
HG06805,60,66500,2,0,0,South,Some college/associate,1740,0,0,123,0,903.94,0,0,0
HG06806,49,147300,1,0,1,Midwest,Some college/associate,1910,6,22,3,0,1047.6,1,0,0
HG06807,51,63100,3,1,1,Midwest,Some college/associate,1720,0,0,69,0,1121.07,1,0,0
HG06808,43,68600,2,0,1,Midwest,Some college/associate,1230,9,55,0,0,927.38,0,0,0
HG06809,29,,2,0,1,South,Bachelor's,950,13,42,0,0,896.74,0,0,0
HG06810,39,28500,2,0,1,West,Some college/associate,1070,0,0,46,0,475.59,0,0,0
HG06811,47,91100,1,0,1,Northeast,Some college/associate,1580,6,17,6,0,917.26,1,0,0
HG06812,51,269300,3,0,1,Northeast,Bachelor's,2170,5,10,7,0,1213.49,1,0,0
HG06813,68,121100,2,0,1,South,Bachelor's,1240,13,46,1,0,1190.76,1,0,0
HG06814,33,59100,4,1,1,Midwest,Some college/associate,1950,0,0,66,0,712.16,1,0,0
HG06815,42,72700,3,1,0,Northeast,Some college/associate,1390,7,20,2,0,1052.1,1,0,0
HG06816,21,48600,5,0,0,South,High school or less,1230,8,24,9,0,841.96,0,0,0
HG06817,48,96600,3,0,1,West,Bachelor's,1650,10,21,1,0,1007.89,0,0,0
HG06818,48,41000,1,0,1,Midwest,High school or less,1790,3,10,1,0.263157895,975.07,0,0,0
HG06819,45,99700,2,0,0,West,Bachelor's,3050,0,0,82,0,988.57,0,0,0
HG06820,57,118600,2,0,1,West,Graduate,2000,12,22,1,0,1125.98,0,0,0
HG06821,43,50800,3,2,1,South,Bachelor's,2360,11,53,0,0.260869565,1066.04,1,1,68.22
HG06822,45,163900,2,0,1,Midwest,Bachelor's,2040,18,63,2,0,927.97,1,0,0
HG06823,30,122000,3,1,1,South,Bachelor's,1270,8,18,0,0,1060.77,0,0,0
HG06824,41,32300,3,2,0,South,High school or less,1700,0,0,69,0,983.49,1,0,0
HG06825,39,102700,3,1,0,West,Bachelor's,1450,9,25,4,0,1073.1,1,0,0
HG06826,41,87500,2,0,1,Midwest,Bachelor's,1160,16,56,0,0,1042.17,0,0,0
HG06827,74,198400,1,0,1,Midwest,Bachelor's,1780,11,50,1,0,1147.71,0,0,0
HG06828,51,41400,3,0,1,South,High school or less,1930,0,0,74,0,658.19,1,0,0
HG06829,40,63600,3,1,1,South,Bachelor's,1290,0,0,89,0,1078.56,1,0,0
HG06830,52,117600,1,0,1,South,Bachelor's,1990,4,13,6,0,1085.76,1,1,179.54
HG06831,27,82600,2,0,1,West,Bachelor's,,12,26,1,0,1053.13,1,1,132.7
HG06832,52,165300,2,0,1,South,Bachelor's,3240,0,0,119,0,1216.39,0,0,0
HG06833,80,54300,2,0,0,West,Bachelor's,,0,0,82,0,1069.3,1,0,0
HG06834,56,64300,3,0,1,Midwest,High school or less,1810,0,0,42,0,958.99,0,0,0
HG06835,74,42100,2,0,0,West,High school or less,1140,13,56,3,0,834.33,0,0,0
HG06836,32,33500,2,0,1,Midwest,Some college/associate,1440,0,0,50,0,621.51,1,0,0
HG06837,31,55200,4,3,0,South,Graduate,2330,0,0,70,0,998.17,0,1,60.1
HG06838,52,17600,1,0,1,South,High school or less,,4,15,6,0,879.97,0,0,0
HG06839,72,62400,1,0,1,Northeast,Bachelor's,1360,0,0,57,0,1219.35,1,0,0
HG06840,61,143000,3,0,1,South,Graduate,,5,8,2,0,1334.41,1,0,0
HG06841,44,72500,1,0,0,Northeast,Some college/associate,1840,8,33,0,0,829.76,1,0,0
HG06842,37,47400,4,1,0,South,High school or less,1460,0,0,63,0,1027.61,0,0,0
HG06843,41,86000,5,2,1,Midwest,Bachelor's,1840,3,13,1,0,918.55,1,0,0
HG06844,34,,3,1,0,West,Some college/associate,1410,0,0,59,0,664.52,1,0,0
HG06845,61,235400,3,0,1,Midwest,Bachelor's,2740,9,29,8,0,1773.79,0,1,382.22
HG06846,52,54500,2,0,1,South,High school or less,1690,3,11,0,0,805.23,0,0,0
HG06847,51,52400,1,0,0,Northeast,Bachelor's,1320,8,12,6,0,708.69,0,0,0
HG06848,32,104600,3,0,0,South,Some college/associate,1260,6,16,2,0,850.45,1,0,0
HG06849,40,52700,2,0,1,South,High school or less,1540,0,0,93,0,853.64,0,0,0
HG06850,51,120400,3,2,1,Northeast,Graduate,1610,16,53,2,0,1299.05,1,1,268.07
HG06851,61,174300,3,1,1,South,Graduate,2600,13,36,0,0,1269.5,1,1,32.85
HG06852,44,135500,3,2,1,South,Bachelor's,1590,3,12,10,0,1158.92,0,0,0
HG06853,38,76100,1,0,1,South,Some college/associate,1250,4,7,5,0,900.41,0,0,0
HG06854,58,133300,2,0,1,Midwest,Graduate,1710,5,17,4,0,1264.65,0,0,0
HG06855,35,76500,2,1,0,Northeast,Some college/associate,1940,0,0,50,0,800,0,0,0
HG06856,39,64900,1,0,0,Midwest,High school or less,1790,0,0,69,0,1019.28,1,0,0
HG06857,54,223400,1,0,0,West,Graduate,1280,3,14,1,0,1069.25,0,0,0
HG06858,39,95800,6,2,1,Midwest,High school or less,3510,7,17,2,0,1203.16,1,1,353.61
HG06859,43,48900,1,0,0,West,High school or less,760,2,10,4,0,593.55,1,0,0
HG06860,59,63000,2,0,1,South,Some college/associate,660,33,101,0,0,939.4,0,1,37.9
HG06861,57,116100,2,0,1,West,Bachelor's,2200,9,32,1,0,1201.78,0,0,0
HG06862,19,21400,2,0,0,West,High school or less,980,0,0,69,0,666.84,0,0,0
HG06863,51,94700,3,1,1,West,Graduate,1790,0,0,43,0,1290.79,1,0,0
HG06864,28,68100,2,1,0,Midwest,Some college/associate,980,6,14,1,0,962.2,0,0,0
HG06865,36,45500,2,0,0,South,High school or less,1190,5,16,12,0,1062.37,0,1,91.4
HG06866,49,151200,1,0,1,South,Bachelor's,1810,14,43,0,0,895.29,1,0,0
HG06867,30,44100,4,1,0,South,High school or less,1630,0,0,101,0,974.98,0,0,0
HG06868,72,129000,3,0,1,Northeast,Some college/associate,3530,0,0,71,0,1280.99,0,0,0
HG06869,37,131700,2,1,0,South,Bachelor's,2240,0,0,59,0,916.51,0,0,0
HG06870,19,54700,2,1,0,South,Some college/associate,880,7,26,7,0,467.88,1,0,0
HG06871,32,54500,2,1,1,Northeast,High school or less,1380,8,34,5,0,854.2,0,0,0
HG06872,45,167300,1,0,1,West,Graduate,1760,6,15,4,0,935.27,0,0,0
HG06873,53,51900,2,0,0,South,High school or less,1110,7,19,3,0,1076.36,1,0,0
HG06874,19,81500,3,0,0,Northeast,High school or less,1450,8,22,1,0,1296.06,0,1,377.04
HG06875,62,140200,1,0,0,South,Graduate,1490,6,24,0,0,1138.4,1,1,24.22
HG06876,24,43300,2,0,0,West,High school or less,750,12,46,5,0,874.14,1,0,0
HG06877,63,129500,1,0,1,West,Bachelor's,2140,10,42,1,0,1351.17,0,0,0
HG06878,38,75800,2,0,1,South,Bachelor's,1550,3,10,1,0,972.49,0,1,56.36
HG06879,41,152600,2,0,0,South,Bachelor's,1990,4,10,5,0,785.75,1,0,0
HG06880,25,,1,0,0,Northeast,Bachelor's,1350,3,9,2,0.3,1032,1,0,0
HG06881,44,117900,5,3,1,Northeast,High school or less,3120,8,26,0,0,1062.55,0,0,0
HG06882,50,118400,2,0,1,South,Bachelor's,1730,10,28,2,0.4,902.2,0,0,0
HG06883,50,84800,1,0,0,Northeast,High school or less,1050,6,25,6,0.083333333,703.78,0,0,0
HG06884,46,119400,2,0,0,South,Some college/associate,1160,2,10,5,0,904.63,0,0,0
HG06885,34,98900,2,0,1,West,Bachelor's,2250,7,24,4,0,1159.81,1,1,92.52
HG06886,71,56500,2,0,1,Northeast,High school or less,1190,8,33,0,0,747.38,1,1,42.34
HG06887,44,89800,4,1,1,South,Bachelor's,2120,5,11,1,0,1072.83,0,0,0
HG06888,49,78400,2,0,0,South,Some college/associate,1220,10,21,0,0,812.62,0,0,0
HG06889,47,67400,1,0,1,West,Graduate,1430,1,2,19,0,727.85,1,0,0
HG06890,59,104700,2,0,1,Midwest,Bachelor's,2020,0,0,87,0,1073.4,1,0,0
HG06891,59,95300,4,1,0,South,Bachelor's,1560,5,12,0,0,1023.16,1,0,0
HG06892,52,175500,4,2,1,South,Graduate,1810,20,41,0,0,1312.36,0,0,0
HG06893,47,44400,1,0,1,West,High school or less,,5,24,3,0,1262.69,0,0,0
HG06894,56,73800,1,0,1,Midwest,High school or less,2020,10,27,1,0,987.75,0,0,0
HG06895,57,62900,4,0,1,Northeast,Some college/associate,1680,0,0,44,0,1022.88,0,0,0
HG06896,63,117100,1,0,1,Midwest,Graduate,1140,4,9,1,0,1005.84,1,0,0
HG06897,47,156900,1,0,0,South,Bachelor's,1120,4,7,3,0,1085.39,0,0,0
HG06898,40,100700,4,1,0,Midwest,Graduate,1410,8,17,10,0,1066.38,1,1,259.33
HG06899,31,41500,6,2,0,South,Some college/associate,2200,7,37,3,0,1202.1,0,0,0
HG06900,63,52000,1,0,1,Northeast,Some college/associate,1100,0,0,53,0,1202.36,1,0,0
HG06901,37,241300,2,0,1,West,Graduate,2020,14,42,1,0,1507.72,1,1,192.48
HG06902,39,161900,4,0,1,West,Some college/associate,1990,8,25,7,0,1254.82,0,0,0
HG06903,55,69900,1,0,1,Midwest,Graduate,1150,3,13,4,0,983.65,0,0,0
HG06904,56,95600,2,0,1,Midwest,Bachelor's,1190,6,24,1,0,1079.2,1,0,0
HG06905,56,115800,5,0,1,West,Some college/associate,4220,0,0,75,0,1511.96,0,0,0
HG06906,66,41200,1,0,0,West,High school or less,600,12,22,0,0,1046.57,1,1,172.81
HG06907,69,147000,2,1,1,West,Graduate,1660,6,31,7,0,1298.45,0,0,0
HG06908,38,39200,1,0,0,Midwest,High school or less,860,10,41,0,0,880.1,1,0,0
HG06909,51,221700,2,1,1,South,Graduate,2260,7,18,9,0.692307692,1329.93,1,0,0
HG06910,41,185000,3,1,1,South,Some college/associate,1380,5,21,3,0,1077.96,1,0,0
HG06911,40,40200,2,0,0,South,High school or less,1190,0,0,65,0,861.56,0,0,0
HG06912,44,350000,3,1,1,West,Some college/associate,3930,9,24,0,0,1760.77,1,0,0
HG06913,45,132600,4,1,0,Northeast,Graduate,2780,0,0,133,0,828.44,1,0,0
HG06914,79,89600,1,0,1,Midwest,Bachelor's,1450,0,0,67,0,1025.85,1,0,0
HG06915,49,64100,2,1,1,Midwest,Some college/associate,2240,0,0,56,0,848.88,0,0,0
HG06916,29,111600,4,3,1,Northeast,Graduate,1870,5,15,2,0,979.82,1,0,0
HG06917,47,79300,2,0,1,South,Some college/associate,1060,15,41,1,0,1042.83,1,0,0
HG06918,78,83600,2,0,0,South,Bachelor's,1420,10,15,4,0.461538462,1013.73,1,1,169.86
HG06919,68,84700,1,0,1,Northeast,Bachelor's,1240,3,10,2,0,868.87,0,0,0
HG06920,45,94700,2,1,1,Northeast,Bachelor's,2430,6,24,7,0.277777778,1119.44,1,0,0
HG06921,30,120000,1,0,0,Northeast,Bachelor's,1120,6,7,3,0,925.36,0,0,0
HG06922,61,60800,2,0,1,West,Some college/associate,1270,10,15,1,0,1337.99,1,1,96.78
HG06923,40,99200,1,0,0,South,Bachelor's,960,3,11,2,0,638.25,1,0,0
HG06924,42,55900,1,0,0,Northeast,High school or less,810,5,5,0,0.333333333,764.33,1,0,0
HG06925,48,91500,4,1,1,Midwest,Some college/associate,2440,6,22,0,0,1130.98,0,0,0
HG06926,29,57500,3,1,1,West,Bachelor's,1620,5,15,3,0,1088.6,1,0,0
HG06927,61,87600,6,1,1,Midwest,Bachelor's,1860,12,53,0,0,1075.42,0,0,0
HG06928,50,170900,3,2,0,South,Graduate,2130,12,51,1,0,1145.5,0,0,0
HG06929,33,56400,1,0,0,South,Bachelor's,980,9,24,2,0,574.99,0,0,0
HG06930,38,135700,2,0,1,South,Bachelor's,1530,15,41,1,0,961.83,1,0,0
HG06931,41,163100,2,1,1,South,Graduate,1730,10,16,2,0,1378.25,0,1,203.29
HG06932,55,100400,2,0,1,South,Bachelor's,1640,4,9,6,0,1328.88,1,0,0
HG06933,30,69200,2,1,0,West,Some college/associate,1240,13,35,1,0,768.48,1,0,0
HG06934,53,177900,6,1,1,South,Graduate,3460,13,30,1,0,1381.63,1,1,254
HG06935,36,72700,1,0,0,South,High school or less,1190,5,21,3,0,973.59,0,0,0
HG06936,77,85600,2,0,1,West,Bachelor's,1390,5,8,0,0,777.64,1,0,0
HG06937,43,102100,3,1,1,West,Some college/associate,3100,0,0,60,0,1039.06,0,0,0
HG06938,65,72700,2,0,0,Northeast,Bachelor's,1670,6,19,4,0.19047619,796.64,0,0,0
HG06939,46,105700,2,0,1,Northeast,Some college/associate,1600,0,0,93,0,1072.68,1,0,0
HG06940,24,90700,1,0,0,South,Bachelor's,1080,0,0,66,0,859.69,1,1,111.9
HG06941,32,94700,4,2,1,West,Bachelor's,1930,7,15,2,0,1101.06,0,0,0
HG06942,36,18200,5,1,0,Midwest,High school or less,1350,7,13,4,0,745.3,1,1,128.28
HG06943,57,97400,2,1,1,Midwest,Some college/associate,1080,12,34,2,0,808.15,1,0,0
HG06944,64,131400,3,0,0,Northeast,High school or less,3290,3,8,9,0.136363636,1083.4,1,0,0
HG06945,43,42300,1,0,1,South,High school or less,1290,8,14,4,0,904.63,0,0,0
HG06946,40,74500,3,1,1,South,Some college/associate,1420,6,33,1,0,876.83,1,0,0
HG06947,60,53800,1,0,1,South,Some college/associate,1280,6,13,5,0,1050.2,1,0,0
HG06948,34,88700,2,0,0,South,Some college/associate,1380,10,26,0,0,881.09,1,0,0
HG06949,51,56600,2,1,1,Northeast,High school or less,2030,0,0,88,0,1231.08,0,0,0
HG06950,41,65800,5,4,0,South,Some college/associate,1830,10,37,0,0,899.46,0,0,0
HG06951,58,175300,2,0,1,Midwest,Bachelor's,2140,25,81,4,0,1170.59,1,0,0
HG06952,61,63200,2,0,1,South,Some college/associate,3090,0,0,112,0,849.22,1,0,0
HG06953,30,55500,2,0,1,Northeast,High school or less,1420,9,31,2,0,913.32,1,1,80.33
HG06954,67,119900,1,0,1,South,Bachelor's,1270,5,12,4,0,1007.94,0,0,0
HG06955,59,57400,1,0,1,South,Some college/associate,1740,9,41,0,0.526315789,1085.97,0,0,0
HG06956,41,62200,1,0,1,Midwest,Some college/associate,2090,0,0,65,0,738.26,1,0,0
HG06957,63,94400,4,0,1,Northeast,Some college/associate,2210,11,41,2,0,1131.55,1,0,0
HG06958,28,85900,3,0,1,South,Bachelor's,1590,7,15,0,0,832.22,0,1,94.67
HG06959,20,41800,2,0,1,Midwest,Some college/associate,1670,0,0,48,0,693.56,0,0,0
HG06960,48,57700,1,0,1,Northeast,Bachelor's,930,5,25,2,0.25,580.12,0,0,0
HG06961,24,66400,2,0,1,Midwest,High school or less,910,17,23,7,0,817.28,0,0,0
HG06962,35,29600,5,2,1,West,High school or less,2180,0,0,71,0,960.13,0,0,0
HG06963,42,57200,4,3,1,South,Bachelor's,1210,7,35,7,0,1255.01,0,0,0
HG06964,59,75600,1,0,0,Midwest,Some college/associate,1460,3,13,6,0,876.87,1,1,69.85
HG06965,37,54800,2,0,1,Northeast,High school or less,1510,0,0,76,0,764.76,0,0,0
HG06966,53,46200,2,0,1,Northeast,High school or less,1530,5,25,3,0.391304348,1032.99,1,0,0
HG06967,34,89000,2,0,1,West,High school or less,1560,8,24,4,0,902.79,1,0,0
HG06968,43,42100,4,0,0,West,High school or less,1290,10,24,6,0,1095.44,0,1,98.34
HG06969,38,130000,2,0,1,Midwest,Some college/associate,1510,8,25,1,0,1161.93,1,0,0
HG06970,48,49400,2,1,1,South,High school or less,1450,11,49,3,0,967.93,0,1,111.77
HG06971,53,34500,3,1,1,Northeast,High school or less,1550,0,0,64,0,1037.49,1,0,0
HG06972,48,185500,3,0,1,Midwest,Graduate,2100,8,20,1,0,1217.45,0,1,293.98
HG06973,43,106000,2,0,0,Northeast,Graduate,1380,8,23,1,0,1117.01,1,0,0
HG06974,57,56800,1,0,1,West,High school or less,790,10,21,3,0,699.8,0,0,0
HG06975,52,86600,2,1,1,South,Bachelor's,,8,23,7,0,1076.31,0,0,0
HG06976,50,132400,2,1,1,West,Some college/associate,2020,13,30,2,0,904.47,0,1,124.77
HG06977,48,48300,1,0,1,West,High school or less,740,5,17,0,0.157894737,747.8,1,0,0
HG06978,23,114600,3,2,0,Midwest,Some college/associate,1820,8,28,3,0,973.22,0,0,0
HG06979,67,81400,2,0,1,South,Some college/associate,1120,3,13,14,0,1255.18,0,1,218.51
HG06980,50,69000,1,0,1,South,Bachelor's,1110,3,7,0,0,903.62,0,0,0
HG06981,46,75600,2,1,1,West,Some college/associate,1890,13,32,1,0,1067.38,1,0,0
HG06982,43,46100,1,0,1,West,Some college/associate,1120,8,23,0,0.307692308,872.99,1,0,0
HG06983,39,75000,3,1,0,South,Some college/associate,1960,0,0,54,0,819.94,1,0,0
HG06984,55,59200,1,0,1,Northeast,Some college/associate,1270,6,14,0,0,719.18,0,0,0
HG06985,35,116200,2,0,0,South,Bachelor's,1300,15,53,3,0,947.72,1,0,0
HG06986,45,59400,3,1,0,South,Bachelor's,1340,4,15,6,0,843.17,1,0,0
HG06987,51,206400,1,0,1,West,Graduate,1760,6,19,1,0,1170.27,1,0,0
HG06988,34,103700,4,1,0,West,Bachelor's,1850,4,21,0,0,1029.56,0,0,0
HG06989,51,148400,4,1,0,West,Bachelor's,1930,12,38,2,0.52173913,1006.06,1,0,0
HG06990,44,61200,1,0,1,South,High school or less,1200,6,30,1,0,659.5,0,0,0
HG06991,20,36800,1,0,1,South,High school or less,590,18,42,1,0,775.01,0,0,0
HG06992,39,106800,2,1,1,West,Bachelor's,1540,10,16,0,0,1098.5,0,0,0
HG06993,65,54300,1,0,0,Midwest,Some college/associate,1600,7,14,0,0,877.88,1,0,0
HG06994,26,228800,2,0,1,South,Bachelor's,2580,5,6,3,0,1495.26,0,0,0
HG06995,67,132800,4,0,1,West,Graduate,2350,4,7,12,0,1051.2,1,1,86.36
HG06996,69,70400,4,0,0,South,Bachelor's,2280,0,0,68,0,889.33,0,0,0
HG06997,43,40200,5,3,0,West,High school or less,1690,0,0,52,0,896.37,1,0,0
HG06998,36,72400,1,0,0,South,Some college/associate,1170,4,7,12,0,938.58,0,0,0
HG06999,47,117600,2,1,1,Midwest,Bachelor's,1310,7,10,2,0,1467.69,0,1,57.12
HG07000,75,69400,1,0,1,South,Bachelor's,940,2,5,0,0,970.81,0,1,75.03
HG07001,47,133700,2,0,1,West,Graduate,1880,9,33,0,0,1228.28,1,0,0
HG07002,50,163400,4,1,1,Midwest,Some college/associate,2840,5,10,1,0,1088.06,0,0,0
HG07003,33,55300,5,3,0,Midwest,Bachelor's,2200,0,0,69,0,898.57,1,0,0
HG07004,54,126700,1,0,1,Midwest,Graduate,1960,6,20,4,0,934.33,0,0,0
HG07005,30,110400,2,0,0,South,High school or less,1410,2,3,10,0,749.97,0,1,61.17
HG07006,20,29100,1,0,1,West,High school or less,1220,7,25,5,0.357142857,707.72,1,0,0
HG07007,38,71700,2,0,0,South,Bachelor's,1220,7,16,9,0,671.3,0,0,0
HG07008,44,208900,3,2,1,South,Graduate,2310,12,46,2,0,1540.37,0,0,0
HG07009,51,67600,2,0,0,South,High school or less,840,11,36,5,0,1112.07,1,1,115.27
HG07010,31,,1,0,1,South,Some college/associate,1330,5,12,19,0,928.72,1,0,0
HG07011,68,192400,5,1,1,West,Some college/associate,2380,5,9,3,0,1660.71,0,0,0
HG07012,50,154900,3,0,1,Northeast,Bachelor's,1770,18,52,0,0,1201.15,0,0,0
HG07013,39,69400,2,0,0,South,Bachelor's,1960,0,0,78,0,1108.59,0,0,0
HG07014,55,,1,0,1,South,Some college/associate,1870,4,8,1,0,1027.55,0,0,0
HG07015,50,52200,3,1,1,West,Some college/associate,1550,0,0,85,0,833.6,0,0,0
HG07016,27,106800,3,1,1,South,Bachelor's,1690,9,18,9,0,1196.16,1,1,126.69
HG07017,28,33300,2,0,0,Northeast,Some college/associate,1520,0,0,98,0,444.54,0,0,0
HG07018,51,62900,2,1,1,South,Some college/associate,1480,5,18,9,0,981.18,0,1,274.98
HG07019,24,126500,2,0,1,West,Bachelor's,1470,9,27,2,0,922.37,0,0,0
HG07020,60,97300,1,0,1,Northeast,Some college/associate,1960,7,17,11,0.571428571,1086.41,0,1,91.93
HG07021,32,73600,5,1,1,West,Bachelor's,2670,0,0,59,0,1059.98,0,0,0
HG07022,55,157400,1,0,1,Northeast,Bachelor's,1250,8,29,1,0,1049.02,0,0,0
HG07023,66,91200,2,0,0,West,High school or less,1900,8,18,1,0.411764706,1040.18,0,1,253.77
HG07024,54,66700,1,0,1,Northeast,High school or less,1070,4,13,5,0.272727273,869.58,1,0,0
HG07025,35,63400,4,2,1,South,Bachelor's,2660,11,29,1,0,1038.89,1,0,0
HG07026,74,129400,3,0,1,South,Bachelor's,2240,6,27,2,0,1233.69,0,0,0
HG07027,21,65300,2,1,0,Midwest,Some college/associate,1270,10,37,5,0,830.76,1,0,0
HG07028,44,228200,3,0,1,South,Bachelor's,2850,8,21,0,0,1353.58,1,1,174.09
HG07029,37,94000,1,0,0,West,Graduate,1220,5,18,4,0,1054.78,1,0,0
HG07030,52,71700,4,1,1,West,High school or less,2380,18,77,0,0,877.47,0,0,0
HG07031,67,68200,3,0,0,Midwest,Some college/associate,1510,6,17,4,0,878.2,0,0,0
HG07032,39,98400,2,1,0,Midwest,Bachelor's,,12,31,3,0,1242.64,1,1,217.51
HG07033,33,51500,3,0,0,South,Some college/associate,1660,0,0,62,0,1155.26,0,0,0
HG07034,46,128900,4,2,1,West,Bachelor's,2310,5,11,12,0,1342.73,0,0,0
HG07035,68,350000,3,0,1,Northeast,Graduate,2700,4,10,1,0,1747.25,0,0,0
HG07036,51,133700,2,1,1,West,Bachelor's,1800,3,8,4,0,1118.8,0,1,96.26
HG07037,51,50600,1,0,0,Midwest,High school or less,1300,5,9,0,0,853.99,1,0,0
HG07038,41,131100,1,0,1,Midwest,Some college/associate,1710,10,30,8,0,874.96,0,1,32.64
HG07039,45,72400,4,1,1,South,Bachelor's,,7,15,0,0,1063.55,1,0,0
HG07040,27,53200,2,0,0,South,Some college/associate,990,10,31,0,0,1000.62,0,1,128.9
HG07041,78,70700,1,0,0,South,High school or less,1340,4,21,5,0.285714286,675.33,1,0,0
HG07042,33,96200,1,0,0,Northeast,Bachelor's,1210,3,14,6,0,959.1,0,1,360.23
HG07043,56,30300,2,0,0,South,Some college/associate,,0,0,74,0,1000.77,1,0,0
HG07044,52,76000,1,0,1,Northeast,Some college/associate,1370,14,42,1,0.25,1049.16,1,1,42.07
HG07045,60,32000,2,0,1,Northeast,High school or less,1090,0,0,52,0,582.84,1,0,0
HG07046,46,43300,4,3,0,Midwest,High school or less,1860,0,0,62,0,938.66,1,0,0
HG07047,40,80200,4,1,0,Midwest,Graduate,2490,0,0,82,0,1129.76,0,0,0
HG07048,60,70300,1,0,1,South,High school or less,3000,0,0,52,0,1022.52,1,0,0
HG07049,51,56700,1,0,0,South,Bachelor's,760,3,15,0,0,513.34,1,0,0
HG07050,37,42100,5,2,0,South,High school or less,2210,0,0,49,0,748.8,1,0,0
HG07051,25,30900,2,1,0,South,High school or less,1230,0,0,70,0,795.42,1,1,73.37
HG07052,47,133300,3,0,1,South,Graduate,2510,0,0,72,0,1045.35,1,0,0
HG07053,29,52900,2,1,1,South,High school or less,1160,4,16,5,0,645.02,0,0,0
HG07054,58,60000,2,0,1,Northeast,Some college/associate,2000,0,0,49,0,962.74,0,0,0
HG07055,37,115800,3,0,1,West,Bachelor's,1470,14,31,1,0,1092.39,0,0,0
HG07056,51,46000,2,0,1,West,High school or less,1530,0,0,113,0,1344.33,0,0,0
HG07057,50,68200,4,1,0,Northeast,Bachelor's,1770,5,7,9,0,1087.62,0,0,0
HG07058,55,85900,5,0,1,South,Bachelor's,2640,3,16,2,0,1073.42,0,0,0
HG07059,70,56500,6,0,1,Northeast,Some college/associate,3230,3,15,20,0.238095238,1304.45,0,1,169.85
HG07060,64,133200,2,0,1,West,Graduate,1660,4,19,6,0,1169.18,0,0,0
HG07061,79,61900,2,0,0,Midwest,High school or less,1380,6,19,2,0,758.84,1,0,0
HG07062,32,74600,1,0,0,South,Bachelor's,830,7,20,0,0,722,0,0,0
HG07063,51,114300,1,0,1,West,Bachelor's,1910,3,12,3,0.25,949.95,0,0,0
HG07064,57,93300,2,0,0,Midwest,Some college/associate,1010,9,17,2,0.333333333,585.47,0,0,0
HG07065,38,28700,4,2,0,South,High school or less,2390,0,0,46,0,827.62,1,0,0
HG07066,68,176300,2,0,1,West,Graduate,2290,11,39,2,0,993.43,0,0,0
HG07067,66,74500,1,0,0,South,Some college/associate,,5,17,3,0,1034.97,1,0,0
HG07068,19,76600,3,0,0,South,Some college/associate,,17,51,0,0,773.89,0,0,0
HG07069,35,131200,3,1,0,South,Some college/associate,1280,15,25,2,0,1077.28,0,0,0
HG07070,22,90500,3,1,0,Northeast,Some college/associate,1190,6,15,5,0,1046.33,0,1,79.79
HG07071,51,110500,2,0,1,Midwest,Some college/associate,1610,11,37,0,0,1099.23,1,0,0
HG07072,53,54500,2,1,0,South,Bachelor's,840,14,38,1,0,763.9,0,0,0
HG07073,25,51100,2,0,0,South,Bachelor's,1060,10,30,3,0,672.86,1,1,15.6
HG07074,51,58600,5,3,0,South,Some college/associate,1850,3,7,3,0,1237.67,1,0,0
HG07075,22,151500,5,0,0,Northeast,Bachelor's,2650,12,25,0,0,1063.15,1,0,0
HG07076,37,60200,4,1,0,West,Some college/associate,1980,11,34,0,0,992.63,1,1,91.03
HG07077,46,32100,2,1,1,South,Bachelor's,1030,5,15,5,0,585.15,1,0,0
HG07078,73,73500,3,0,1,Midwest,High school or less,2340,0,0,66,0,1106.46,0,1,197.27
HG07079,57,72600,1,0,0,West,Some college/associate,1390,0,0,66,0,965.72,0,0,0
HG07080,58,95400,3,0,0,South,Some college/associate,2190,6,11,0,0,891.52,0,0,0
HG07081,44,88300,5,2,0,Northeast,Some college/associate,2230,10,33,3,0,1376.05,1,1,411.68
HG07082,48,75700,2,1,1,Northeast,Some college/associate,1470,7,7,0,0.5,889.59,1,0,0
HG07083,52,202500,4,1,0,South,Bachelor's,1950,18,31,3,0,1052.72,1,0,0
HG07084,53,50400,4,2,1,South,Some college/associate,1930,14,52,2,0,995.68,0,0,0
HG07085,38,204500,6,0,0,South,Bachelor's,1850,2,8,8,0,1359.32,0,1,48.36
HG07086,53,181100,2,0,1,South,Graduate,2390,10,38,0,0,1351.43,0,0,0
HG07087,24,26600,2,0,0,South,High school or less,830,4,8,1,0,947.76,1,0,0
HG07088,37,58500,2,0,1,Midwest,Some college/associate,1130,9,23,1,0,907.11,0,0,0
HG07089,36,90200,2,1,1,Northeast,Some college/associate,1950,6,28,5,0,973.23,1,0,0
HG07090,33,26600,3,1,0,Midwest,High school or less,1180,9,25,3,0,723.12,0,0,0
HG07091,48,63100,2,1,1,South,Bachelor's,1430,7,20,9,0,1126.75,0,0,0
HG07092,62,96900,2,1,1,West,High school or less,2310,6,19,2,0,1244.43,0,0,0
HG07093,61,105800,1,0,1,West,Bachelor's,1770,7,19,7,0,912.97,1,0,0
HG07094,42,60900,2,0,0,Midwest,Some college/associate,1550,15,32,2,0,886.52,0,0,0
HG07095,69,289700,2,0,1,West,Graduate,,13,33,0,0,1517.92,1,1,211.19
HG07096,47,33700,1,0,0,South,High school or less,760,8,19,1,0.333333333,771.01,0,0,0
HG07097,41,65500,1,0,1,West,Bachelor's,880,4,16,4,0,936.68,1,0,0
HG07098,24,19600,1,0,0,South,High school or less,880,15,49,0,0,905.45,0,0,0
HG07099,59,102800,2,0,1,West,Bachelor's,1270,11,40,2,0,1071.8,1,0,0
HG07100,71,99900,2,0,0,Northeast,Bachelor's,1260,6,22,2,0,1185.01,1,1,229.25
HG07101,30,131300,3,1,1,Northeast,Bachelor's,2360,7,17,0,0,929.63,0,0,0
HG07102,57,72900,3,1,1,South,Some college/associate,1960,3,10,24,0,986.17,1,0,0
HG07103,66,139500,1,0,0,South,Graduate,2200,1,4,26,0,1034.37,0,0,0
HG07104,42,144600,4,1,1,West,Bachelor's,2600,5,12,4,0,1339.16,1,1,113.64
HG07105,36,51700,2,0,1,South,Some college/associate,1590,9,30,2,0,796.66,1,0,0
HG07106,29,43800,1,0,1,Northeast,High school or less,1610,0,0,82,0,1024.24,0,0,0
HG07107,33,80400,2,0,1,Northeast,Some college/associate,2210,6,25,3,0.318181818,940.34,0,1,61.51
HG07108,40,34900,2,1,0,South,High school or less,860,10,27,4,0.416666667,992.03,1,1,91.2
HG07109,61,147600,5,1,1,Midwest,Graduate,3130,0,0,76,0,1056.73,0,0,0
HG07110,44,58600,4,3,1,Midwest,Graduate,2210,9,17,1,0,1073.48,1,0,0
HG07111,55,86600,6,1,0,South,Some college/associate,2700,0,0,46,0,1196.09,1,0,0
HG07112,35,88500,6,3,0,South,High school or less,2830,8,25,2,0,1045.17,1,0,0
HG07113,20,30600,4,1,0,Midwest,High school or less,1110,7,19,2,0,896.23,1,0,0
HG07114,60,313100,1,0,1,West,Graduate,1780,8,16,0,0,1327.71,1,0,0
HG07115,31,87900,3,1,1,South,Some college/associate,2180,4,6,7,0,1070.29,0,0,0
HG07116,45,105700,2,0,1,South,Bachelor's,1390,12,26,1,0,1217.05,0,0,0
HG07117,36,89300,1,0,0,Northeast,High school or less,1570,7,25,2,0.380952381,1092.02,1,0,0
HG07118,52,29500,2,0,1,West,Some college/associate,1690,0,0,78,0,776.74,0,0,0
HG07119,46,66400,4,1,1,Midwest,High school or less,1510,5,20,7,0,952.38,1,0,0
HG07120,54,203100,3,1,1,Midwest,Bachelor's,1760,7,11,4,0,1280.28,1,1,109.46
HG07121,30,38700,5,3,1,South,High school or less,1830,9,26,2,0,696.32,0,0,0
HG07122,41,52800,2,1,0,West,High school or less,1380,0,0,76,0,904.78,0,0,0
HG07123,44,110400,2,0,1,West,High school or less,1360,8,29,1,0,761.3,1,0,0
HG07124,64,82800,1,0,1,Northeast,Some college/associate,1650,2,6,7,0.2,983.99,1,0,0
HG07125,47,119200,2,0,1,South,Some college/associate,2830,17,39,1,0,1145.5,1,1,124.49
HG07126,66,252700,2,0,0,South,Some college/associate,1030,16,35,0,0,1395.16,1,1,57.75
HG07127,45,44600,2,1,0,South,High school or less,1760,0,0,46,0,915.92,1,0,0
HG07128,66,69000,1,0,1,Northeast,Some college/associate,1050,11,32,2,0.466666667,899.8,0,0,0
HG07129,47,93100,6,2,1,Midwest,Graduate,3300,0,0,51,0,1519.8,1,0,0
HG07130,29,83900,2,1,0,West,High school or less,1060,10,29,0,0,867.12,0,1,74.17
HG07131,46,57800,2,0,0,South,High school or less,1210,0,0,50,0,676.93,0,0,0
HG07132,52,75500,1,0,0,Midwest,Some college/associate,1650,0,0,58,0,843.15,1,0,0
HG07133,49,132900,2,1,0,South,Graduate,1850,3,10,16,0,1032.33,0,0,0
HG07134,48,52200,3,2,1,West,Graduate,1260,27,81,0,0,953.26,1,0,0
HG07135,37,65500,3,1,1,West,High school or less,,0,0,54,0,958.56,1,0,0
HG07136,41,122000,2,0,1,South,Some college/associate,2160,6,17,0,0,1112.13,0,1,93.2
HG07137,43,85500,3,2,1,Midwest,Some college/associate,1850,12,34,0,0,1203.45,0,0,0
HG07138,73,173900,1,0,1,Northeast,Graduate,1980,8,32,0,0.2,1219.3,0,0,0
HG07139,32,106200,2,0,1,Midwest,Graduate,2440,0,0,65,0,1103.35,0,0,0
HG07140,39,60100,2,0,1,West,Bachelor's,1520,5,16,0,0,892.02,0,0,0
HG07141,37,84200,2,0,0,South,Some college/associate,,3,3,6,0,943.39,1,0,0
HG07142,59,72600,3,0,1,Northeast,Some college/associate,1180,5,15,1,0.222222222,906.44,1,0,0
HG07143,57,47400,5,0,0,South,High school or less,2450,0,0,60,0,1000.33,1,0,0
HG07144,49,26100,4,3,1,South,High school or less,1720,0,0,88,0,1157.82,1,1,76.95
HG07145,53,85700,2,0,1,Midwest,Bachelor's,1900,5,15,1,0,985.71,0,0,0
HG07146,49,97900,2,0,0,South,High school or less,1500,6,13,3,0,1028.45,0,0,0
HG07147,19,61600,3,0,0,Midwest,Some college/associate,1080,10,22,5,0,479.59,0,1,21.25
HG07148,40,113400,2,0,1,Northeast,Bachelor's,1840,12,19,1,0,845.47,0,0,0
HG07149,40,225000,4,0,1,Northeast,Graduate,2490,7,24,1,0,1350,1,0,0
HG07150,55,137400,1,0,1,South,Graduate,1690,10,13,0,0,892.01,1,0,0
HG07151,74,56100,3,0,1,Northeast,High school or less,1750,6,26,5,0,1120.17,0,1,166.8
HG07152,42,50400,4,1,0,Northeast,Some college/associate,1180,5,5,6,0,979.81,1,1,71.46
HG07153,40,141900,3,2,1,Midwest,Some college/associate,2000,21,62,4,0,1250.6,0,0,0
HG07154,39,40400,2,0,1,South,Some college/associate,1300,0,0,49,0,682.46,1,0,0
HG07155,55,82400,4,1,1,South,Some college/associate,1390,24,65,1,0,1152.25,0,1,98.81
HG07156,40,194800,4,2,1,Midwest,Some college/associate,,10,22,2,0.304347826,1281.94,1,0,0
HG07157,59,39400,2,0,1,West,Bachelor's,2020,0,0,54,0,775.86,0,0,0
HG07158,65,141300,2,0,1,Midwest,Bachelor's,1920,7,24,1,0,1272.3,0,0,0
HG07159,41,93000,2,1,1,South,Some college/associate,1300,7,18,1,0,988.37,0,1,65.36
HG07160,42,72800,2,1,1,South,High school or less,1660,4,11,0,0,830.27,1,0,0
HG07161,48,171000,3,1,1,Northeast,Graduate,1930,12,41,1,0,1215.56,1,0,0
HG07162,43,63900,4,1,0,Midwest,Some college/associate,,0,0,65,0,902.7,1,0,0
HG07163,60,26500,3,0,0,South,High school or less,880,0,0,44,0,912.54,0,0,0
HG07164,42,67700,1,0,0,Midwest,High school or less,1110,6,21,5,0,908.19,1,0,0
HG07165,46,87800,2,0,1,South,Graduate,2140,0,0,112,0,1372.26,0,0,0
HG07166,54,111500,2,0,0,West,Graduate,1280,6,26,3,0,948.37,0,0,0
HG07167,29,39300,3,2,0,South,High school or less,1260,0,0,73,0,905.25,1,0,0
HG07168,28,74100,2,1,1,Northeast,High school or less,2240,8,29,1,0,900.79,1,0,0
HG07169,54,72300,3,0,1,South,High school or less,1770,5,15,4,0,1013.09,0,0,0
HG07170,63,80200,3,0,1,Midwest,High school or less,1960,0,0,120,0,882.12,0,0,0
HG07171,39,79500,1,0,1,South,Bachelor's,1660,8,23,3,0,1002.73,0,0,0
HG07172,35,33300,1,0,0,West,High school or less,1050,5,16,5,0,593.14,1,0,0
HG07173,54,69900,2,0,1,Midwest,Bachelor's,1090,9,43,1,0,844.32,1,0,0
HG07174,33,42100,2,0,0,West,High school or less,1050,7,24,2,0,844.45,0,0,0
HG07175,39,43100,1,0,1,South,High school or less,1190,8,34,0,0,744.59,0,0,0
HG07176,21,37200,4,0,0,West,High school or less,2320,0,0,60,0,1241.78,1,1,300.94
HG07177,33,27500,3,1,1,Midwest,High school or less,1890,0,0,48,0,827.96,1,0,0
HG07178,48,127000,1,0,0,South,Bachelor's,1110,6,17,3,0,797.79,1,0,0
HG07179,45,56800,1,0,1,Northeast,High school or less,1710,5,22,2,0,1019.99,1,0,0
HG07180,18,57400,2,0,0,South,Some college/associate,1320,5,14,7,0,657.62,0,0,0
HG07181,41,60300,2,0,0,West,Some college/associate,2130,7,22,8,0,805.42,0,0,0
HG07182,63,49700,5,1,1,Midwest,High school or less,1990,9,30,0,0.52173913,998.48,1,0,0
HG07183,52,,2,0,1,West,High school or less,2440,0,0,63,0,840.01,1,0,0
HG07184,30,89700,1,0,0,Midwest,High school or less,1290,11,29,6,0,916.95,0,0,0
HG07185,35,121700,3,1,1,West,Bachelor's,1920,7,17,5,0.411764706,768.11,1,0,0
HG07186,69,50500,4,0,1,Midwest,Some college/associate,1510,0,0,188,0,1094.77,1,0,0
HG07187,42,58500,4,1,0,West,Some college/associate,2240,0,0,74,0,907.88,0,0,0
HG07188,54,81500,2,0,1,South,High school or less,2100,9,34,11,0,1296.57,0,1,95.21
HG07189,50,91500,5,1,1,Midwest,Some college/associate,3160,5,17,6,0,1458.14,1,0,0
HG07190,61,61400,3,1,0,South,High school or less,2190,0,0,102,0,1054.62,0,0,0
HG07191,42,44200,3,1,0,Midwest,Bachelor's,1020,17,51,1,0,693.08,1,0,0
HG07192,55,114700,3,0,1,Midwest,Graduate,2490,0,0,68,0,1063.04,0,0,0
HG07193,18,67100,1,0,0,South,High school or less,830,3,5,0,0,415.78,1,0,0
HG07194,33,39300,2,0,0,West,High school or less,1210,12,51,0,0.476190476,681.38,1,1,84.08
HG07195,66,58700,2,0,0,Northeast,High school or less,1440,0,0,148,0,1036.9,1,1,422.34
HG07196,47,56200,1,0,1,Midwest,Some college/associate,1460,0,0,56,0,826.36,1,0,0
HG07197,54,71300,2,1,0,South,High school or less,1570,3,10,0,0,904.62,0,0,0
HG07198,58,71500,1,0,1,South,Some college/associate,1400,5,13,0,0.166666667,920.13,0,0,0
HG07199,48,65100,3,0,1,West,Some college/associate,1460,0,0,64,0,1082.42,1,0,0
HG07200,76,57300,1,0,1,Northeast,High school or less,1610,2,8,3,0.166666667,665.39,0,0,0
HG07201,21,28700,4,0,0,Midwest,High school or less,1270,0,0,46,0,819.02,0,0,0
HG07202,45,83000,3,1,1,South,Graduate,1370,19,53,0,0,1210.92,1,0,0
HG07203,33,55100,2,1,0,West,High school or less,1120,2,4,3,0,728.45,1,0,0
HG07204,40,95000,3,2,1,South,Some college/associate,1550,8,17,8,0,1162.74,1,1,219.67
HG07205,40,50400,2,0,0,South,Some college/associate,1620,0,0,80,0,978.14,0,1,126.11
HG07206,44,106600,1,0,1,Northeast,Graduate,1320,7,22,2,0.5,1025.39,0,1,235.56
HG07207,42,41800,4,1,1,West,Bachelor's,1550,0,0,66,0,892.92,0,1,96.55
HG07208,35,94100,2,0,1,West,Some college/associate,1460,7,14,3,0,885.07,1,0,0
HG07209,36,67100,1,0,1,West,Bachelor's,1770,0,0,53,0,1001.81,1,0,0
HG07210,51,117400,5,1,1,South,Some college/associate,2380,8,32,5,0,1296.5,0,0,0
HG07211,49,18300,1,0,1,Northeast,High school or less,1250,0,0,67,0,831.18,1,1,64.82
HG07212,53,120600,5,0,1,Northeast,Bachelor's,2610,9,25,9,0,1512.69,0,0,0
HG07213,44,205100,2,0,1,Northeast,Bachelor's,2800,14,37,3,0,1394.68,0,0,0
HG07214,56,72100,1,0,0,South,High school or less,1070,5,16,1,0.153846154,788.37,1,0,0
HG07215,45,122700,1,0,1,South,Some college/associate,1210,3,7,3,0,1021.48,0,1,61.58
HG07216,34,39200,1,0,1,West,High school or less,860,7,19,0,0,721.4,0,0,0
HG07217,51,107700,4,0,1,South,High school or less,1850,6,14,1,0,1187.51,0,0,0
HG07218,72,95700,4,0,0,South,Some college/associate,1430,3,14,5,0,1184.33,1,0,0
HG07219,59,64500,2,1,1,Northeast,High school or less,1250,13,40,0,0,930.43,1,0,0
HG07220,50,45300,2,0,1,Midwest,Some college/associate,1000,0,0,53,0,894.74,0,0,0
HG07221,51,89200,4,1,1,Northeast,Some college/associate,,4,9,2,0,1225.12,0,0,0
HG07222,66,71700,3,0,1,Midwest,Some college/associate,1690,9,31,0,0,957.04,0,0,0
HG07223,52,115300,4,1,1,Northeast,Bachelor's,2850,6,14,2,0,1238.11,1,1,207.14
HG07224,35,124100,4,2,1,West,Some college/associate,2770,10,24,0,0,1139.09,1,0,0
HG07225,56,84100,1,0,1,Northeast,Some college/associate,950,7,23,1,0.181818182,600.81,1,0,0
HG07226,38,49900,2,1,1,West,High school or less,2100,0,0,76,0,778.52,0,0,0
HG07227,34,52300,1,0,1,South,Some college/associate,1180,6,14,7,0,635.07,1,0,0
HG07228,44,61900,4,1,1,South,Some college/associate,2980,6,26,0,0,1235.83,0,1,234.22
HG07229,37,57600,1,0,1,West,High school or less,1120,5,20,6,0,946.75,0,0,0
HG07230,62,103400,2,0,1,West,Graduate,2080,3,3,1,0.25,1326.59,1,1,329
HG07231,41,70100,2,1,0,South,Bachelor's,1180,5,12,2,0,973.56,0,0,0
HG07232,50,135300,6,2,0,South,Some college/associate,2820,5,10,4,0,1188,1,0,0
HG07233,40,123800,1,0,1,West,Some college/associate,1330,8,30,1,0,868.17,0,0,0
HG07234,36,43000,2,0,1,Northeast,Some college/associate,900,13,36,1,0.230769231,850.78,0,0,0
HG07235,39,100500,2,0,1,South,High school or less,2190,12,30,7,0,995.9,0,1,60.23
HG07236,63,54500,2,0,1,Midwest,Some college/associate,1110,0,0,73,0,932.59,0,0,0
HG07237,42,66100,4,2,1,Northeast,Some college/associate,3350,0,0,60,0,1199.6,0,0,0
HG07238,47,111300,1,0,1,Midwest,Bachelor's,2000,9,36,1,0,922.73,1,0,0
HG07239,52,85600,4,0,1,South,Bachelor's,2550,7,22,0,0.625,1090.69,1,1,116.61
HG07240,23,73200,3,0,1,West,Some college/associate,2060,6,14,3,0,723.09,0,0,0
HG07241,42,40500,6,2,1,West,High school or less,3380,0,0,51,0,1129.56,0,1,108.9
HG07242,30,27800,1,0,0,South,High school or less,800,7,15,1,0,667.42,0,0,0
HG07243,40,56200,1,0,0,West,Some college/associate,1280,5,24,7,0,814.98,1,1,71.45
HG07244,30,56900,3,1,1,Northeast,High school or less,1100,10,30,0,0,885.89,0,0,0
HG07245,59,82900,4,1,1,South,High school or less,2120,8,14,4,0,1215.5,1,0,0
HG07246,43,69800,1,0,1,South,High school or less,1010,9,25,2,0,1106.73,0,1,163.02
HG07247,33,58900,4,0,0,South,Graduate,2590,0,0,76,0,850.4,1,0,0
HG07248,42,90500,6,2,1,South,Some college/associate,3850,0,0,46,0,1277.72,0,0,0
HG07249,34,,3,2,1,South,Bachelor's,1550,20,63,1,0,1334.29,1,1,194.92
HG07250,28,32600,1,0,1,South,Bachelor's,1580,0,0,109,0,808.99,1,0,0
HG07251,33,171800,2,0,1,Northeast,Graduate,1150,9,35,3,0,921.63,1,0,0
HG07252,46,164400,3,2,1,Midwest,Bachelor's,1850,1,3,25,0,1279.63,0,0,0
HG07253,35,108700,3,1,0,Northeast,Some college/associate,1840,11,26,0,0,961.69,1,0,0
HG07254,27,53000,3,2,0,West,Graduate,2020,0,0,54,0,754.66,0,0,0
HG07255,48,41200,4,2,1,Midwest,Bachelor's,2500,6,20,12,0.35,1174.5,0,0,0
HG07256,63,97600,4,2,1,South,Graduate,3640,0,0,149,0,1198.8,1,1,79.87
HG07257,46,194700,3,2,0,South,Bachelor's,1250,9,24,4,0.25,926.05,0,0,0
HG07258,42,160500,3,0,1,Midwest,Some college/associate,1630,20,68,0,0,1158.21,1,1,175.34
HG07259,51,76600,2,0,0,South,Bachelor's,1900,0,0,67,0,799.67,0,0,0
HG07260,52,170800,3,2,0,Midwest,Some college/associate,2170,12,49,1,0,1461.88,0,0,0
HG07261,31,134600,2,0,1,West,Some college/associate,1800,7,29,1,0,1123.91,0,0,0
HG07262,34,34300,2,0,0,South,Some college/associate,1190,0,0,56,0,815.83,0,0,0
HG07263,39,83900,1,0,1,Midwest,Some college/associate,1120,14,32,4,0,1058.89,0,1,259.01
HG07264,46,235700,3,1,1,West,Bachelor's,1990,6,8,0,0,1325.1,1,0,0
HG07265,46,117100,2,1,1,South,Graduate,1750,11,32,0,0,1148.96,0,0,0
HG07266,40,58200,2,1,0,Northeast,High school or less,1970,3,6,2,0,913.08,1,0,0
HG07267,45,117600,2,1,1,Midwest,Bachelor's,2350,7,16,7,0,1203.4,1,1,142
HG07268,49,65000,1,0,0,South,Some college/associate,880,2,6,20,0,1170.33,1,1,126.34
HG07269,32,27300,2,1,1,South,Some college/associate,1260,12,30,4,0.318181818,870.4,0,0,0
HG07270,53,141200,3,0,1,South,Bachelor's,1730,18,59,2,0,1123.63,0,0,0
HG07271,42,71100,3,1,1,South,High school or less,1780,16,59,1,0,879.18,0,0,0
HG07272,38,58500,2,0,0,Midwest,Graduate,860,8,24,7,0,1087.56,1,1,127.61
HG07273,47,160800,3,1,1,West,Graduate,2500,10,22,9,0,1359.96,1,0,0
HG07274,45,149600,4,2,0,South,Some college/associate,2020,18,64,1,0,1105.83,1,1,179.92
HG07275,54,132200,1,0,1,South,Graduate,2120,10,33,1,0,1123.17,1,0,0
HG07276,43,95400,1,0,0,Northeast,Bachelor's,1090,4,19,6,0.142857143,948.21,1,0,0
HG07277,43,103200,2,1,0,Midwest,Graduate,1690,11,32,0,0,857.86,0,0,0
HG07278,40,62100,3,2,1,West,Some college/associate,1960,8,27,4,0,815.69,0,0,0
HG07279,20,74300,3,2,1,Midwest,Some college/associate,1510,0,0,88,0,980.89,1,0,0
HG07280,25,60200,4,1,1,Midwest,Some college/associate,1250,0,0,67,0,1012.89,0,0,0
HG07281,32,47200,2,0,1,Midwest,Bachelor's,1080,7,12,3,0,661.85,0,0,0
HG07282,47,52000,3,2,1,Midwest,Some college/associate,1520,0,0,47,0,1191.89,1,0,0
HG07283,44,53900,1,0,1,West,High school or less,1410,5,20,0,0,868.47,1,1,51.2
HG07284,19,67700,4,1,1,South,Some college/associate,3140,3,10,7,0,976.45,0,0,0
HG07285,36,50300,1,0,0,South,Some college/associate,1250,5,15,8,0,990.1,1,0,0
HG07286,47,89200,6,1,0,South,Some college/associate,3240,9,27,0,0,1281.13,1,0,0
HG07287,51,90600,2,0,0,Midwest,Some college/associate,980,0,0,147,0,1152.9,0,0,0
HG07288,58,,1,0,0,South,Bachelor's,1760,5,9,5,0,1058.73,1,1,62.21
HG07289,72,105600,2,0,1,West,Bachelor's,1490,11,47,1,0,871.92,1,0,0
HG07290,40,48000,3,2,1,Northeast,High school or less,2180,0,0,70,0,772.39,0,0,0
HG07291,46,46200,2,0,1,South,High school or less,1080,7,23,2,0,564.76,1,0,0
HG07292,58,73300,1,0,1,Northeast,Some college/associate,1190,8,29,3,0,817.54,1,0,0
HG07293,22,135800,6,1,1,South,Some college/associate,3510,3,10,8,0,982.33,0,0,0
HG07294,42,31700,3,1,1,West,High school or less,1670,5,10,7,0,659.54,0,0,0
HG07295,27,35600,3,1,1,South,High school or less,2410,0,0,87,0,1052.52,0,0,0
HG07296,38,123500,4,1,1,South,Some college/associate,2100,10,18,5,0,1100.27,1,0,0
HG07297,38,138100,5,1,1,West,Bachelor's,2760,9,28,9,0,1264.43,1,1,240.68
HG07298,54,41000,3,0,1,South,High school or less,1550,0,0,66,0,1033.54,0,0,0
HG07299,41,65800,2,1,1,South,Bachelor's,1970,0,0,105,0,1205.38,0,0,0
HG07300,47,58800,1,0,1,West,High school or less,1370,10,46,2,0,1085.12,0,0,0
HG07301,57,93100,3,1,0,South,Bachelor's,1370,2,7,13,0,1050.12,0,1,214.57
HG07302,48,45700,3,1,0,Midwest,High school or less,1770,0,0,63,0,620.42,0,0,0
HG07303,31,98700,4,2,0,South,Bachelor's,1260,3,12,2,0,829.2,0,0,0
HG07304,36,68500,1,0,1,West,Some college/associate,1580,5,14,6,0,796.07,0,0,0
HG07305,37,72900,2,1,0,South,Bachelor's,1650,10,16,5,0,963.1,0,0,0
HG07306,35,65500,1,0,1,South,High school or less,1110,0,0,77,0,739.64,0,0,0
HG07307,32,49800,2,0,1,South,High school or less,830,4,15,2,0.166666667,911.31,1,0,0
HG07308,40,346500,2,0,0,Northeast,Some college/associate,2010,5,5,7,0,1448.88,0,0,0
HG07309,28,36000,4,2,0,Midwest,High school or less,2040,0,0,58,0,793.93,1,0,0
HG07310,48,200500,4,2,1,West,Bachelor's,1930,4,10,6,0,1016.11,0,0,0
HG07311,54,323400,3,0,1,West,Graduate,2330,7,27,4,0,1554.95,1,0,0
HG07312,31,173000,4,2,0,South,Bachelor's,1380,10,16,0,0,962.14,1,0,0
HG07313,39,109700,3,0,1,West,Graduate,1900,24,57,0,0,1235.04,0,0,0
HG07314,57,88300,2,0,1,South,Some college/associate,1430,12,56,2,0,1093.64,0,0,0
HG07315,47,68000,2,0,1,South,Graduate,1500,0,0,80,0,1007.91,1,0,0
HG07316,67,82900,2,0,0,Midwest,Some college/associate,1730,0,0,65,0,973.32,0,0,0
HG07317,52,38100,1,0,1,Midwest,High school or less,1160,8,26,0,0,891.3,0,0,0
HG07318,24,33700,2,0,0,Northeast,High school or less,1350,0,0,93,0,707.89,0,0,0
HG07319,23,182400,4,2,1,South,Bachelor's,1950,14,48,1,0,1231.73,1,0,0
HG07320,53,38000,2,0,1,Northeast,High school or less,1140,6,20,9,0,735.62,1,0,0
HG07321,24,98900,2,0,0,Northeast,Some college/associate,2120,15,64,1,0,876.23,0,0,0
HG07322,41,69600,3,1,1,Northeast,High school or less,1600,4,20,11,0,962.34,1,0,0
HG07323,41,51000,1,0,1,South,Bachelor's,1110,12,29,0,0,939.26,1,1,36.9
HG07324,33,86300,2,1,1,South,Bachelor's,2250,5,14,1,0,1042.96,1,0,0
HG07325,42,117500,1,0,1,West,High school or less,1800,6,24,2,0,1016.59,1,1,53.61
HG07326,54,138800,3,0,1,West,Graduate,1740,5,18,2,0,1210.58,0,0,0
HG07327,51,114400,2,1,1,South,Bachelor's,1420,8,28,0,0,1282.98,1,0,0
HG07328,61,218200,4,1,1,South,Graduate,2570,23,61,1,0,1277.01,1,1,100.05
HG07329,43,53400,1,0,1,West,High school or less,1290,4,20,4,0,1105.77,0,0,0
HG07330,37,124600,1,0,1,South,Bachelor's,1580,5,9,2,0,1027.2,1,0,0
HG07331,64,50900,2,0,1,Midwest,Bachelor's,1630,6,6,2,0,1039.96,0,0,0
HG07332,29,32500,6,2,1,West,High school or less,2610,0,0,99,0,1139.06,0,0,0
HG07333,35,145000,4,0,1,West,Some college/associate,2790,8,25,2,0,1015.53,1,0,0
HG07334,32,93500,1,0,1,Midwest,Some college/associate,2280,9,18,1,0,767.35,0,0,0
HG07335,34,51100,2,0,1,Midwest,High school or less,1060,0,0,61,0,861.95,1,0,0
HG07336,34,53700,3,1,0,West,Some college/associate,640,20,64,3,0,1289.78,0,1,308.17
HG07337,25,53000,6,0,0,South,High school or less,1710,10,25,3,0,1122.66,1,0,0
HG07338,32,63800,2,0,0,West,High school or less,1660,0,0,43,0,794.53,0,0,0
HG07339,39,101800,4,1,1,West,Some college/associate,3210,13,44,4,0,1049.52,0,0,0
HG07340,45,59000,1,0,0,Northeast,Some college/associate,1010,4,13,5,0.333333333,1106.83,1,1,52.98
HG07341,42,73500,2,0,1,Northeast,Graduate,1940,0,0,64,0,888.45,0,0,0
HG07342,55,118300,4,1,1,Midwest,Bachelor's,2640,6,14,4,0,1153.53,0,0,0
HG07343,71,96900,2,0,1,Northeast,Bachelor's,1510,0,0,74,0,1121.98,1,0,0
HG07344,56,72800,2,1,1,Midwest,Some college/associate,1690,4,19,3,0.454545455,1170.13,1,0,0
HG07345,40,72800,5,0,0,Midwest,High school or less,2310,25,59,0,0,1007.78,1,0,0
HG07346,42,53500,4,2,1,South,Some college/associate,2910,0,0,56,0,963.8,1,1,62.95
HG07347,41,179300,2,0,1,Midwest,Some college/associate,1870,8,25,9,0,1230.79,1,0,0
HG07348,49,210300,1,0,0,West,Bachelor's,2040,7,14,11,0,1201.3,0,1,88.02
HG07349,48,163000,2,1,1,South,Some college/associate,1730,7,23,3,0,940.35,1,0,0
HG07350,40,107800,2,0,1,Midwest,Bachelor's,1210,6,20,3,0,1051.8,1,0,0
HG07351,33,61100,3,2,1,South,Some college/associate,1820,0,0,67,0,842.21,1,0,0
HG07352,43,79700,2,0,1,South,Bachelor's,1500,4,12,8,0,1073.66,1,0,0
HG07353,27,19100,2,0,0,South,High school or less,960,13,19,1,0,554,1,0,0
HG07354,38,55900,2,0,1,South,High school or less,1920,2,13,6,0.058823529,983.63,1,1,79.39
HG07355,56,44500,3,2,1,South,High school or less,1940,0,0,49,0,930.24,1,0,0
HG07356,56,113100,5,0,1,West,Graduate,2720,1,8,24,0,1163.63,0,0,0
HG07357,66,84600,1,0,0,South,Some college/associate,1240,5,20,5,0,991.94,0,0,0
HG07358,28,124500,3,0,1,South,Some college/associate,2040,4,11,3,0,863.44,0,0,0
HG07359,60,73600,1,0,1,Northeast,Graduate,840,7,27,4,0.388888889,795.28,1,0,0
HG07360,51,242300,1,0,1,Northeast,Bachelor's,1510,9,22,5,0.2,1339.42,1,1,82.69
HG07361,30,100900,4,1,1,South,Bachelor's,2520,4,10,7,0,1000.5,0,0,0
HG07362,21,88000,3,0,0,South,Bachelor's,1450,5,15,6,0,1124.43,1,1,298.45
HG07363,50,197100,3,1,1,West,Some college/associate,1120,12,15,1,0,1294.12,0,0,0
HG07364,57,78700,1,0,1,Northeast,Graduate,1150,5,15,7,0.235294118,788.31,0,0,0
HG07365,36,97800,3,1,0,Midwest,Some college/associate,1730,23,88,0,0,1162.72,1,0,0
HG07366,48,152400,1,0,1,South,Graduate,1260,6,19,0,0.3125,1071.16,1,1,174
HG07367,22,63400,2,0,0,South,High school or less,1200,10,27,10,0,896.76,0,0,0
HG07368,45,37700,2,0,1,West,High school or less,1840,0,0,60,0,941.58,1,0,0
HG07369,41,18900,5,2,1,Northeast,High school or less,2150,0,0,45,0,874.09,1,0,0
HG07370,38,87100,3,0,1,Midwest,High school or less,1900,0,0,64,0,1083.54,1,0,0
HG07371,51,68000,2,0,1,Midwest,Some college/associate,1810,0,0,70,0,979.71,0,0,0
HG07372,65,98800,5,1,0,West,Bachelor's,3470,0,0,59,0,1246.04,0,0,0
HG07373,73,103900,3,0,1,Northeast,Bachelor's,1670,5,15,0,0,844.7,1,0,0
HG07374,42,66200,3,0,1,West,Some college/associate,2010,0,0,43,0,1244.72,0,0,0
HG07375,62,86000,2,0,1,Northeast,Bachelor's,2240,8,28,8,0.272727273,943.1,1,0,0
HG07376,43,80000,1,0,0,South,Some college/associate,1390,8,28,9,0.181818182,896.79,0,0,0
HG07377,47,75700,3,0,1,West,Some college/associate,1610,16,68,0,0,1016.12,0,0,0
HG07378,19,33100,2,0,0,West,High school or less,770,0,0,54,0,983.17,0,0,0
HG07379,72,113000,1,0,0,Northeast,Graduate,1280,11,45,5,0,1154.3,1,1,68.28
HG07380,51,48100,2,0,1,South,High school or less,2290,0,0,63,0,930.43,0,0,0
HG07381,46,80900,1,0,1,Northeast,Some college/associate,1020,6,15,6,0,581.24,0,1,29.43
HG07382,50,88700,2,0,1,South,Some college/associate,1210,11,27,0,0,780.11,1,0,0
HG07383,19,62000,4,0,0,West,Some college/associate,2190,8,45,0,0,855.18,1,1,73.27
HG07384,30,36400,2,1,0,South,High school or less,1520,0,0,55,0,735.02,0,0,0
HG07385,43,113500,4,0,1,South,Bachelor's,1630,13,45,2,0,1084.29,1,1,98.6
HG07386,23,27500,5,2,0,South,High school or less,2120,0,0,68,0,929.25,0,0,0
HG07387,58,70800,1,0,1,Midwest,Bachelor's,1380,3,13,0,0,927.32,1,1,250.96
HG07388,28,25900,4,1,1,Midwest,High school or less,1500,0,0,84,0,961.89,1,0,0
HG07389,65,69100,1,0,1,Northeast,High school or less,1100,2,6,15,0.5,722.69,0,0,0
HG07390,43,77200,3,0,0,Northeast,Some college/associate,1540,10,43,0,0,746.44,1,1,28.44
HG07391,47,158300,2,1,1,Midwest,Graduate,1950,5,12,2,0,1340.8,0,1,118.25
HG07392,52,44200,4,0,0,South,Some college/associate,1900,0,0,103,0,710.03,1,0,0
HG07393,45,216300,2,0,1,West,Bachelor's,2100,9,26,0,0,1024.24,0,0,0
HG07394,30,,1,0,1,West,High school or less,1130,5,17,2,0,658.91,1,1,44.16
HG07395,36,154000,2,1,0,South,Bachelor's,1350,10,37,6,0,1268.51,0,0,0
HG07396,58,58300,2,0,0,South,High school or less,1430,5,26,3,0,692.54,0,0,0
HG07397,37,48900,2,0,1,West,High school or less,2010,0,0,53,0,768.26,0,0,0
HG07398,37,71600,2,0,0,Midwest,High school or less,1260,9,24,3,0,799.89,1,0,0
HG07399,31,176100,5,2,0,Midwest,Bachelor's,2350,5,17,10,0,1392.08,0,0,0
HG07400,31,83900,4,2,0,West,Bachelor's,1760,21,61,1,0,883.03,0,0,0
HG07401,41,38100,2,1,0,South,Some college/associate,690,6,9,6,0,803.24,1,0,0
HG07402,30,22700,1,0,0,South,High school or less,1470,0,0,50,0,860.47,1,0,0
HG07403,21,59900,3,0,1,West,Some college/associate,1940,0,0,50,0,739.09,0,0,0
HG07404,38,,3,0,1,South,Some college/associate,970,6,26,2,0,985.79,1,0,0
HG07405,35,122400,2,0,1,South,Graduate,1850,10,27,0,0,917.75,0,0,0
HG07406,58,119700,1,0,1,Northeast,Bachelor's,2980,4,14,10,0,1015.99,0,0,0
HG07407,55,82600,5,0,1,Northeast,Bachelor's,3600,0,0,137,0,1078.63,1,0,0
HG07408,36,29100,2,1,0,Midwest,High school or less,1070,11,28,3,0,518.9,1,0,0
HG07409,34,101500,2,1,0,South,Some college/associate,1740,5,13,13,0,864.13,0,0,0
HG07410,45,42900,3,0,0,West,High school or less,1100,0,0,45,0,921.43,1,0,0
HG07411,47,100200,2,1,0,South,Some college/associate,870,12,33,2,0,1101.05,0,0,0
HG07412,65,107100,3,0,1,West,High school or less,990,13,31,2,0,1034.99,0,0,0
HG07413,33,81500,2,1,0,Midwest,Bachelor's,720,14,48,3,0,1169.42,1,0,0
HG07414,28,39400,2,1,1,Midwest,High school or less,1810,0,0,49,0,768.5,1,0,0
HG07415,66,98300,1,0,1,South,Bachelor's,1340,6,14,4,0,639.1,1,0,0
HG07416,43,209500,1,0,1,West,Graduate,2770,5,13,7,0,1092.02,1,0,0
HG07417,60,52500,1,0,1,West,High school or less,1290,5,18,4,0,1004.57,0,0,0
HG07418,59,102600,1,0,0,Northeast,Bachelor's,1190,4,16,1,0,741.25,1,0,0
HG07419,48,189200,4,1,1,West,High school or less,2480,10,32,5,0,1296.48,1,0,0
HG07420,20,51900,2,0,1,South,High school or less,1090,4,17,5,0.294117647,926.59,1,1,243.88
HG07421,47,159300,4,1,0,West,Some college/associate,2260,14,44,1,0,1119.95,1,1,201.8
HG07422,37,169200,3,0,1,Northeast,Bachelor's,1810,8,22,0,0,1506.81,1,1,377.44
HG07423,30,95300,1,0,0,South,Graduate,1350,0,0,110,0,962.13,0,0,0
HG07424,47,56600,1,0,0,Midwest,High school or less,920,6,29,1,0.25,1043.69,1,0,0
HG07425,53,43400,5,1,1,West,High school or less,3610,0,0,100,0,1399.89,1,0,0
HG07426,43,162000,1,0,1,South,Bachelor's,1330,14,32,0,0,1216.49,0,1,53.52
HG07427,41,24400,2,0,1,West,High school or less,1560,0,0,93,0,848.39,0,0,0
HG07428,23,150300,1,0,1,West,Bachelor's,1070,12,24,4,0,980.3,1,1,103.75
HG07429,38,116200,2,0,1,West,Graduate,2290,0,0,74,0,1088.83,0,0,0
HG07430,46,296900,3,1,0,West,Graduate,1350,10,23,0,0,1183.07,1,0,0
HG07431,59,54000,1,0,0,West,Some college/associate,1260,3,6,3,0.071428571,753.74,0,0,0
HG07432,35,63700,3,1,1,South,Some college/associate,1360,5,14,1,0,933.82,1,0,0
HG07433,25,40000,1,0,0,South,High school or less,730,5,15,1,0.391304348,833.23,0,0,0
HG07434,46,41300,3,1,0,West,High school or less,1670,5,12,3,0.416666667,944.04,1,0,0
HG07435,38,84300,4,2,0,West,High school or less,2280,14,50,3,0,883.53,0,0,0
HG07436,34,81200,2,1,1,South,Bachelor's,1830,0,0,84,0,975.14,0,0,0
HG07437,29,103800,1,0,1,West,High school or less,1420,4,21,4,0,897.15,0,0,0
HG07438,27,40200,2,0,1,South,High school or less,700,15,60,4,0,727,0,0,0
HG07439,52,,4,1,0,West,High school or less,1440,12,34,2,0,1041.44,0,0,0
HG07440,39,52800,1,0,1,Northeast,High school or less,1300,9,28,0,0,801.06,0,0,0
HG07441,48,111100,3,0,0,West,Graduate,1720,12,32,0,0,891.11,0,0,0
HG07442,40,46500,1,0,1,South,High school or less,980,3,7,9,0,430.8,1,0,0
HG07443,62,48700,1,0,0,South,Bachelor's,1260,10,36,1,0,727.07,1,0,0
HG07444,41,105200,3,0,0,South,Bachelor's,1990,12,25,0,0,833.93,1,0,0
HG07445,60,65100,1,0,1,Northeast,Some college/associate,1370,3,15,19,0,1093.57,1,0,0
HG07446,33,15000,3,2,0,Midwest,High school or less,1300,8,21,5,0,752.37,1,0,0
HG07447,60,65500,1,0,1,Northeast,Some college/associate,1290,9,20,1,0,1039.06,1,0,0
HG07448,62,71400,2,0,1,Midwest,Some college/associate,1470,0,0,80,0,914.53,0,0,0
HG07449,41,108600,2,1,1,South,Some college/associate,2120,10,27,2,0,985.53,0,1,147.12
HG07450,64,105300,4,0,1,South,Graduate,2140,7,22,3,0,1107.65,1,1,139.6
HG07451,50,91000,1,0,1,West,Some college/associate,1680,2,6,14,0,947.71,0,0,0
HG07452,45,84800,2,1,0,South,Some college/associate,1870,5,24,0,0,722.51,0,0,0
HG07453,45,135900,3,1,0,Northeast,Graduate,1900,10,34,0,0.363636364,1149.05,0,0,0
HG07454,65,152900,1,0,1,Midwest,Graduate,1960,5,16,1,0,1143.91,0,0,0
HG07455,23,28800,1,0,1,South,High school or less,790,4,15,0,0,689.3,1,0,0
HG07456,32,184300,2,1,1,Midwest,Bachelor's,1670,13,24,0,0.294117647,1294.08,0,0,0
HG07457,42,41700,1,0,0,Midwest,Some college/associate,1050,0,0,46,0,476.29,1,0,0
HG07458,34,84700,2,1,1,Midwest,Some college/associate,1690,23,65,1,0,859.43,0,1,51.13
HG07459,22,71300,1,0,0,Northeast,Some college/associate,1160,5,19,4,0.076923077,914.14,0,1,55.49
HG07460,58,59700,2,0,1,South,Some college/associate,1300,0,0,65,0,797.93,1,0,0
HG07461,55,58800,2,0,1,Northeast,Some college/associate,1280,10,20,4,0,803.45,1,0,0
HG07462,44,350000,2,0,0,South,Bachelor's,1990,8,33,2,0,1415.04,0,0,0
HG07463,28,126300,1,0,0,Midwest,High school or less,1640,7,18,0,0,855.03,0,0,0
HG07464,40,125900,4,2,0,West,Bachelor's,1360,20,59,0,0,1050.72,1,0,0
HG07465,68,172100,1,0,1,Midwest,Graduate,2050,5,21,0,0.294117647,1295.94,1,0,0
HG07466,47,69300,2,0,1,South,Bachelor's,1650,0,0,87,0,1002.19,0,0,0
HG07467,75,112400,1,0,1,Midwest,Bachelor's,1330,2,4,9,0,868.3,1,0,0
HG07468,78,57100,2,0,1,South,High school or less,1390,7,18,6,0,833.18,1,0,0
HG07469,29,72200,1,0,0,Midwest,Some college/associate,1750,11,54,1,0,847.93,0,0,0
HG07470,52,124400,1,0,1,West,Bachelor's,1950,4,10,0,0,1004.77,0,0,0
HG07471,58,39000,6,0,0,West,Some college/associate,4230,0,0,60,0,1007.51,1,0,0
HG07472,42,79400,4,0,1,West,Some college/associate,2340,4,8,3,0,905.75,0,0,0
HG07473,18,51600,3,0,0,Northeast,Some college/associate,1260,7,20,0,0,889.17,1,0,0
HG07474,37,274200,1,0,1,South,Bachelor's,2330,7,14,2,0,1070.85,1,0,0
HG07475,69,83500,6,1,1,Northeast,High school or less,2350,8,23,2,0.05,1424.23,0,0,0
HG07476,44,107500,2,0,0,South,Graduate,1430,5,25,0,0,1265.67,1,1,178.5
HG07477,47,28400,2,0,1,South,Graduate,1310,8,11,0,0,679.95,1,0,0
HG07478,61,136100,1,0,0,Northeast,Graduate,1120,2,5,1,0.333333333,901.92,1,0,0
HG07479,42,18100,2,1,1,West,High school or less,1660,0,0,75,0,778.73,0,0,0
HG07480,51,161600,3,1,1,South,Bachelor's,1820,7,12,2,0,1181.84,1,0,0
HG07481,43,122600,3,0,1,Northeast,Bachelor's,1950,8,37,11,0,1297.12,0,0,0
HG07482,44,63900,3,1,0,South,Some college/associate,2190,0,0,70,0,1178.29,1,0,0
HG07483,54,102500,5,1,1,West,Some college/associate,3000,0,0,49,0,1337.42,0,0,0
HG07484,47,170900,3,1,1,South,Graduate,2910,9,20,1,0,1297.52,0,0,0
HG07485,43,33300,2,1,1,South,High school or less,1130,0,0,44,0,1039.87,1,1,92.23
HG07486,67,98200,6,0,1,Northeast,Some college/associate,3880,2,9,22,0,1201.38,1,0,0
HG07487,60,88100,1,0,0,South,Some college/associate,1500,6,13,4,0,906.27,1,0,0
HG07488,41,64900,5,2,1,South,High school or less,2490,3,8,4,0,798.61,1,0,0
HG07489,40,262600,2,1,0,Northeast,Graduate,1620,4,7,0,0,1472.6,0,1,279.42
HG07490,43,172300,5,2,0,South,Bachelor's,2170,3,7,0,0,1434.83,0,1,140.3
HG07491,37,33200,1,0,0,Northeast,High school or less,530,4,11,9,0,625.35,0,0,0
HG07492,41,65400,3,1,1,South,Some college/associate,1790,4,7,0,0,893.83,0,0,0
HG07493,33,90500,3,1,0,South,Graduate,1910,6,17,1,0,961.15,0,0,0
HG07494,41,111200,2,0,0,Midwest,Some college/associate,1780,2,7,15,0,687.76,1,0,0
HG07495,53,63600,1,0,1,Northeast,Some college/associate,1780,3,16,22,0,827.83,1,0,0
HG07496,27,58400,1,0,0,Northeast,High school or less,1320,7,25,6,0,885.25,1,0,0
HG07497,62,115600,5,0,1,Midwest,Some college/associate,2570,16,27,1,0,1035.91,0,0,0
HG07498,46,112900,1,0,1,Northeast,Some college/associate,1220,10,36,5,0,760.59,0,0,0
HG07499,60,59800,3,0,1,Northeast,Bachelor's,2090,0,0,45,0,812.95,1,0,0
HG07500,48,148200,3,1,1,West,Bachelor's,2940,8,19,0,0,1041.97,0,0,0
HG07501,62,76200,2,1,1,West,Some college/associate,2010,5,9,8,0,1336.97,0,0,0
HG07502,22,64500,4,0,0,South,High school or less,1460,1,2,21,0,782.35,1,0,0
HG07503,38,122500,3,0,1,South,Some college/associate,2630,10,28,5,0,1187.54,0,0,0
HG07504,32,74000,3,1,1,West,Some college/associate,1880,6,18,10,0,951.93,0,1,61.76
HG07505,58,57200,6,0,1,Northeast,High school or less,2460,3,12,5,0.3,1131.89,1,0,0
HG07506,70,63900,1,0,0,Northeast,Bachelor's,1280,5,20,9,0.25,913.42,1,1,224.37
HG07507,59,98100,2,1,1,Midwest,High school or less,2170,3,16,4,0,1248.26,1,1,88.07
HG07508,44,287300,2,0,1,West,Graduate,3090,14,41,0,0.363636364,1459.52,0,0,0
HG07509,52,40800,2,1,1,Midwest,High school or less,1110,4,12,12,0.2,861.34,1,0,0
HG07510,29,47900,3,0,1,South,Some college/associate,1440,9,26,3,0.357142857,854.59,0,0,0
HG07511,42,177900,5,2,1,West,Bachelor's,3260,4,18,3,0,1404.49,0,0,0
HG07512,48,162400,2,1,1,Northeast,Some college/associate,1330,3,8,8,0.4,984.23,1,1,58.21
HG07513,34,,1,0,0,South,Bachelor's,780,2,11,6,0,931.47,1,0,0
HG07514,29,110300,1,0,1,South,High school or less,1840,3,9,12,0,707.48,1,1,138.11
HG07515,42,37700,3,0,1,Midwest,Some college/associate,1800,0,0,58,0,724.65,1,0,0
HG07516,45,31300,5,3,1,Midwest,High school or less,2470,0,0,58,0,1027.16,0,0,0
HG07517,44,58200,4,2,1,Northeast,High school or less,1900,16,42,0,0,873.92,0,0,0
HG07518,47,77500,3,0,1,South,Some college/associate,2260,12,20,2,0,1103.28,1,0,0
HG07519,37,108100,2,1,0,South,Some college/associate,1220,7,37,0,0,969.76,1,0,0
HG07520,47,106700,1,0,1,Midwest,Some college/associate,1690,7,28,5,0,705.88,1,0,0
HG07521,67,138200,2,1,1,South,Graduate,1740,9,31,4,0,1017.41,1,0,0
HG07522,54,114100,2,0,0,West,Bachelor's,1880,10,34,1,0,1061.24,0,0,0
HG07523,48,170600,5,1,1,Northeast,Bachelor's,,14,36,0,0,1460.42,1,1,401.25
HG07524,50,110700,2,1,0,Northeast,High school or less,900,11,32,3,0,1021.58,1,0,0
HG07525,48,48800,1,0,0,West,High school or less,830,5,16,3,0.363636364,740.31,0,0,0
HG07526,58,86800,4,0,1,Midwest,Graduate,1960,9,16,3,0,1352.91,1,1,100.33
HG07527,29,27100,1,0,1,Northeast,High school or less,1040,8,21,3,0,824.08,1,1,172.17
HG07528,47,26800,5,3,1,South,High school or less,1300,13,47,0,0.375,965.9,1,1,75.06
HG07529,33,93100,4,1,1,South,Some college/associate,1300,28,93,0,0,1161.56,1,0,0
HG07530,69,64100,2,0,1,South,Bachelor's,2450,0,0,62,0,906.2,1,0,0
HG07531,39,30800,1,0,1,South,High school or less,1400,5,13,1,0,968.75,1,1,268.8
HG07532,35,79200,2,0,0,West,Some college/associate,930,5,14,7,0,863.54,1,0,0
HG07533,57,37800,1,0,1,South,High school or less,1270,4,15,4,0,993.93,0,0,0
HG07534,80,69100,3,0,1,Midwest,High school or less,3580,0,0,66,0,1079.36,1,1,320.95
HG07535,56,41100,2,0,1,Northeast,High school or less,1730,5,19,4,0.117647059,995.58,1,0,0
HG07536,38,100300,2,0,1,South,Bachelor's,1720,15,42,0,0,762.03,1,0,0
HG07537,62,,1,0,1,Midwest,High school or less,1430,4,15,0,0.095238095,822.36,0,0,0
HG07538,43,87100,6,2,1,South,Some college/associate,4780,4,20,2,0,1326.36,0,0,0
HG07539,37,147500,4,0,0,West,Bachelor's,2720,14,42,0,0,1151.62,1,0,0
HG07540,28,229300,3,1,0,South,Graduate,2340,12,16,0,0,1242.68,1,0,0
HG07541,42,72500,4,3,0,Midwest,Some college/associate,2600,0,0,48,0,815.02,0,0,0
HG07542,37,26200,4,2,1,South,High school or less,2080,0,0,66,0,1036.1,1,0,0
HG07543,36,89600,1,0,1,Midwest,Bachelor's,,8,27,4,0,940.1,0,0,0
HG07544,32,42000,3,2,0,Northeast,Some college/associate,1540,6,24,0,0,901.7,1,0,0
HG07545,41,208300,1,0,1,South,Some college/associate,1910,9,28,0,0,1353.48,0,0,0
HG07546,35,141600,5,1,1,West,Graduate,2000,0,0,65,0,1105.9,1,0,0
HG07547,39,114700,4,1,0,South,Bachelor's,1670,6,11,3,0,1037.38,1,0,0
HG07548,31,93900,3,1,1,South,Some college/associate,1710,7,27,3,0,1066.68,0,0,0
HG07549,52,61600,1,0,1,Northeast,High school or less,1590,6,13,18,0.333333333,768.93,0,0,0
HG07550,65,67200,2,0,1,South,High school or less,1590,0,0,54,0,823.98,0,0,0
HG07551,37,122700,3,0,1,South,Some college/associate,2210,5,15,5,0,1098.48,0,0,0
HG07552,40,52300,4,2,0,South,High school or less,1270,11,35,0,0,930.36,1,0,0
HG07553,29,99500,1,0,0,Midwest,Some college/associate,1110,16,35,0,0,809.85,1,0,0
HG07554,43,258300,4,2,1,South,Graduate,3300,6,17,1,0,1341.66,0,1,70.94
HG07555,67,169100,5,0,1,Midwest,Graduate,4640,6,17,8,0,1382.3,0,0,0
HG07556,52,232000,4,3,1,South,Bachelor's,2930,11,31,4,0,1559.36,0,0,0
HG07557,44,87700,2,0,1,South,Some college/associate,1930,0,0,76,0,1098.81,0,0,0
HG07558,34,44600,1,0,1,Midwest,High school or less,1120,1,4,24,0.333333333,886.36,0,0,0
HG07559,33,18600,2,0,1,South,High school or less,620,22,50,0,0,683.73,0,0,0
HG07560,47,83100,2,1,0,Midwest,Some college/associate,1110,5,13,0,0,694.68,1,0,0
HG07561,43,46600,4,1,1,South,High school or less,1790,0,0,83,0,934.64,1,0,0
HG07562,42,133600,2,0,0,South,Bachelor's,1370,8,27,8,0,1182.67,1,1,113.24
HG07563,44,62500,4,1,1,West,Some college/associate,1930,5,17,2,0,960.31,1,0,0
HG07564,50,47300,2,1,1,West,High school or less,1700,0,0,46,0,896.12,0,0,0
HG07565,53,,4,1,1,South,Bachelor's,2900,6,30,3,0.142857143,1028.97,0,0,0
HG07566,45,29500,2,1,1,West,High school or less,1180,0,0,45,0,831.09,0,0,0
HG07567,58,68100,2,0,1,South,Some college/associate,1180,6,12,2,0,755.59,1,0,0
HG07568,39,79800,1,0,1,West,Some college/associate,1210,9,27,2,0,1208.26,1,1,364.55
HG07569,34,57600,2,1,1,Northeast,High school or less,1490,6,13,5,0,1124.84,1,0,0
HG07570,38,42300,1,0,1,Midwest,Some college/associate,1210,5,8,5,0,668.05,0,0,0
HG07571,57,50600,2,0,0,Midwest,High school or less,1130,6,23,5,0,538.78,1,0,0
HG07572,40,94500,2,1,1,Northeast,Bachelor's,1180,6,13,1,0,1080.17,1,0,0
HG07573,38,84600,3,2,0,South,Some college/associate,1310,17,53,0,0,1092.51,1,0,0
HG07574,50,145700,2,0,1,South,Bachelor's,1960,9,19,0,0,1007.83,1,0,0
HG07575,25,38400,2,0,1,Northeast,High school or less,1230,0,0,57,0,780.07,1,0,0
HG07576,44,122200,4,1,0,West,Graduate,2150,15,34,2,0.333333333,1082.3,0,0,0
HG07577,56,107900,1,0,1,South,Bachelor's,900,7,11,3,0,935.35,1,0,0
HG07578,31,36400,2,0,0,West,Some college/associate,1300,0,0,85,0,754.23,0,0,0
HG07579,61,41000,2,0,1,South,High school or less,870,16,41,2,0,997.47,1,0,0
HG07580,50,144100,4,2,1,West,Graduate,2790,0,0,65,0,1149.91,0,0,0
HG07581,46,222500,2,0,0,South,Bachelor's,2180,8,27,0,0,1145.44,1,0,0
HG07582,40,187400,3,1,1,Northeast,Bachelor's,1370,8,19,0,0,1303.31,1,1,158.91
HG07583,51,33200,2,0,0,South,Some college/associate,1220,0,0,79,0,865.54,1,0,0
HG07584,33,176500,1,0,1,South,Bachelor's,1610,6,17,9,0,1124.48,1,0,0
HG07585,36,195400,4,2,1,West,Graduate,2320,18,55,0,0,1197.29,1,0,0
HG07586,66,207900,2,0,1,Northeast,Graduate,2400,6,22,8,0.363636364,1423.92,0,1,289.13
HG07587,53,104600,1,0,1,South,Some college/associate,1230,5,16,13,0,1058.3,1,0,0
HG07588,27,27900,1,0,0,South,Some college/associate,1410,0,0,59,0,973.26,0,0,0
HG07589,42,168200,1,0,1,West,Graduate,2720,5,16,7,0,1016.66,1,0,0
HG07590,52,146600,4,2,1,West,Graduate,2540,3,19,3,0.272727273,1343.36,1,0,0
HG07591,51,95500,3,0,0,West,Graduate,2010,0,0,63,0,911.31,0,0,0
HG07592,41,110900,5,2,1,South,Bachelor's,2430,10,36,9,0,901.44,0,0,0
HG07593,51,97600,1,0,1,Northeast,Bachelor's,2050,0,0,76,0,1199.46,0,0,0
HG07594,35,61700,2,0,1,Midwest,High school or less,1450,0,0,51,0,875.35,1,0,0
HG07595,27,108700,2,1,0,South,Bachelor's,1890,8,22,0,0.294117647,1099.01,0,0,0
HG07596,39,68400,3,2,1,West,Some college/associate,2100,0,0,50,0,744.93,0,0,0
HG07597,50,,2,1,1,Northeast,Some college/associate,1120,0,0,116,0,784.97,0,0,0
HG07598,55,147900,3,0,0,Midwest,Graduate,2180,0,0,145,0,1183.62,1,1,100.82
HG07599,50,89000,3,2,1,West,Bachelor's,2940,0,0,43,0,1214.76,1,0,0
HG07600,43,45700,1,0,1,West,Some college/associate,1500,0,0,57,0,915.66,0,0,0
HG07601,22,129500,3,0,1,South,High school or less,1910,5,13,7,0,944.84,0,0,0
HG07602,38,56000,3,1,1,West,Some college/associate,1740,17,60,1,0,1076.4,1,0,0
HG07603,28,81100,3,2,1,Midwest,Bachelor's,1680,8,29,1,0,960.66,0,0,0
HG07604,42,47900,1,0,1,Northeast,High school or less,1260,3,14,4,0,868.62,0,0,0
HG07605,44,54800,4,2,1,West,Some college/associate,2560,0,0,73,0,1096.2,1,0,0
HG07606,35,139000,2,0,1,Midwest,Graduate,1680,5,3,0,0,1274.54,0,0,0
HG07607,52,50500,2,0,0,South,Some college/associate,1550,0,0,139,0,1042.46,1,1,67.78
HG07608,57,84100,2,0,1,South,Bachelor's,1210,5,6,5,0,1050.93,0,1,102.2
HG07609,66,281700,1,0,1,West,Graduate,1520,7,22,9,0,1599.68,0,0,0
HG07610,33,60300,3,0,1,Midwest,High school or less,1010,4,16,4,0,838,1,0,0
HG07611,59,43900,2,0,1,Northeast,High school or less,1450,10,31,0,0,1017.11,0,0,0
HG07612,38,27700,3,0,1,South,High school or less,,0,0,49,0,959.94,0,0,0
HG07613,43,132300,4,3,1,West,Some college/associate,2090,11,21,0,0,1304.06,0,0,0
HG07614,48,121300,1,0,1,South,Bachelor's,1000,14,35,0,0,899.35,0,0,0
HG07615,22,59100,2,0,1,South,High school or less,1610,10,24,4,0,912.76,0,0,0
HG07616,68,62600,1,0,1,Northeast,Some college/associate,1410,0,0,150,0,973.34,0,0,0
HG07617,61,66800,2,0,0,South,Some college/associate,1570,5,12,3,0,954.95,1,0,0
HG07618,59,65400,3,0,1,South,Some college/associate,2300,0,0,44,0,950.84,1,1,226.92
HG07619,31,80700,3,0,0,Northeast,Bachelor's,2250,0,0,44,0,806.4,1,0,0
HG07620,59,28800,4,1,1,West,High school or less,1870,7,24,5,0,1063.98,0,0,0
HG07621,42,111800,4,1,1,West,Graduate,2730,0,0,77,0,1227.79,1,1,382.47
HG07622,51,104100,5,2,1,West,Bachelor's,2800,3,16,0,0,1118.28,0,0,0
HG07623,60,244100,3,0,1,South,Bachelor's,1780,8,16,1,0,1546.23,0,0,0
HG07624,71,84400,2,0,1,South,Bachelor's,2590,9,26,0,0,1066.21,1,0,0
HG07625,51,178400,1,0,1,South,Graduate,1110,18,35,0,0,894.31,0,0,0
HG07626,39,77700,3,0,1,Midwest,High school or less,1160,20,63,0,0,833.45,0,0,0
HG07627,39,51500,1,0,1,Northeast,Bachelor's,1190,10,21,5,0.416666667,734.82,1,0,0
HG07628,39,100800,2,1,1,Northeast,Bachelor's,1510,6,16,8,0,901.16,0,0,0
HG07629,51,184200,1,0,1,South,Graduate,,4,10,2,0,1374.03,0,1,106.29
HG07630,53,142500,3,0,1,West,Bachelor's,1540,13,44,1,0,1243.33,0,0,0
HG07631,26,46600,5,3,0,Midwest,Some college/associate,2100,17,50,2,0,908.01,1,1,67.53
HG07632,61,131000,1,0,1,Midwest,Graduate,1470,6,23,1,0.166666667,1119.67,1,0,0
HG07633,41,100200,1,0,0,West,Bachelor's,1620,14,34,0,0,1036.48,1,1,197.23
HG07634,37,100400,3,1,1,South,Some college/associate,2180,15,33,0,0,1152.31,1,0,0
HG07635,53,146200,2,0,1,South,Some college/associate,2280,9,25,3,0,1229.22,0,0,0
HG07636,51,63500,1,0,0,South,Bachelor's,1050,3,11,1,0,695.07,1,0,0
HG07637,42,36200,2,1,0,South,Bachelor's,1320,0,0,63,0,676.4,0,0,0
HG07638,50,103800,3,1,1,Midwest,Bachelor's,2140,9,23,6,0,1130.49,1,1,114.17
HG07639,68,43500,1,0,1,Midwest,Some college/associate,1180,9,35,4,0,819.14,0,0,0
HG07640,56,74400,3,2,1,South,High school or less,,0,0,49,0,1040.54,0,0,0
HG07641,57,37200,2,0,1,Northeast,High school or less,1700,0,0,91,0,655.23,1,0,0
HG07642,78,117100,3,0,0,West,Bachelor's,1220,10,32,4,0.333333333,1132.54,1,0,0
HG07643,25,98200,1,0,1,South,Bachelor's,1900,7,42,2,0,878.95,0,0,0
HG07644,28,63900,2,0,1,Northeast,Bachelor's,1320,3,7,23,0,907.68,1,0,0
HG07645,55,46100,1,0,1,Midwest,High school or less,1140,3,16,10,0,614.35,0,0,0
HG07646,32,38600,5,1,0,Northeast,Bachelor's,2470,0,0,65,0.444444444,893.3,1,0,0
HG07647,62,37900,1,0,1,South,High school or less,1720,7,17,2,0.230769231,708.52,0,0,0
HG07648,65,92500,2,0,1,West,Bachelor's,2190,2,10,11,0.384615385,1061.48,1,1,89.5
HG07649,49,80900,2,1,0,Northeast,Some college/associate,1310,5,10,3,0.2,570.92,1,0,0
HG07650,28,41700,4,1,1,Midwest,High school or less,1890,6,15,4,0,648.02,1,0,0
HG07651,61,133900,1,0,0,South,Bachelor's,1500,3,13,10,0,991.79,0,0,0
HG07652,58,154400,2,0,0,South,Graduate,1710,0,0,53,0,1008.42,0,0,0
HG07653,57,126700,2,1,1,West,Graduate,2910,12,37,1,0,1335.77,1,0,0
HG07654,36,38200,2,0,0,South,High school or less,1920,0,0,54,0,1069.16,1,1,91.87
HG07655,36,40100,4,2,1,Midwest,Bachelor's,2500,0,0,48,0,920.68,0,0,0
HG07656,26,38600,2,1,1,Northeast,Some college/associate,1980,0,0,70,0,928.09,1,0,0
HG07657,26,81000,2,1,1,South,Some college/associate,1650,3,8,9,0,1109.05,0,0,0
HG07658,35,125700,2,0,1,South,Some college/associate,1710,13,31,1,0,942.35,1,0,0
HG07659,35,302900,2,1,0,Northeast,Some college/associate,2560,10,34,2,0,1361.12,0,0,0
HG07660,42,66000,2,1,0,South,Some college/associate,1350,0,0,48,0,792.45,1,0,0
HG07661,72,161800,2,0,1,Midwest,Graduate,1950,8,27,7,0,1186.65,0,0,0
HG07662,67,91700,6,0,1,South,Bachelor's,2590,7,36,1,0,1248.38,0,0,0
HG07663,51,103300,1,0,1,Midwest,Bachelor's,1910,3,6,7,0,1168.85,1,1,264.44
HG07664,62,168100,5,1,1,Midwest,Some college/associate,3160,10,32,1,0,1300,0,0,0
HG07665,65,141500,1,0,1,South,Some college/associate,840,4,16,3,0,1098.03,1,0,0
HG07666,39,154700,2,1,1,West,Graduate,1460,5,10,1,0,1313.61,0,0,0
HG07667,40,77400,2,1,1,South,Bachelor's,1100,18,44,0,0,1238.73,1,1,202.26
HG07668,32,79700,2,1,1,South,Bachelor's,2480,0,0,41,0,616.72,1,0,0
HG07669,74,75000,1,0,0,South,Some college/associate,990,4,15,18,0,1030.88,0,0,0
HG07670,35,166500,4,1,0,South,Graduate,2340,19,66,0,0,1279.97,1,1,241
HG07671,60,82200,4,0,1,Midwest,Some college/associate,2000,10,26,9,0,1183.51,0,0,0
HG07672,51,73700,2,0,0,South,Bachelor's,820,13,31,0,0,1055.33,0,0,0
HG07673,45,93600,1,0,0,Midwest,Bachelor's,1060,6,15,3,0,1131.69,1,1,116.83
HG07674,38,53700,3,0,1,West,High school or less,2500,0,0,93,0,804.25,1,0,0
HG07675,36,41200,1,0,1,Northeast,High school or less,1470,9,23,10,0.333333333,605.06,0,0,0
HG07676,46,77700,4,1,0,South,Some college/associate,1510,14,32,1,0,1054.81,0,0,0
HG07677,56,29500,1,0,1,Midwest,High school or less,1430,4,6,7,0,1091.93,0,1,59.68
HG07678,45,49700,1,0,0,Northeast,High school or less,960,3,8,16,0,808.82,0,0,0
HG07679,43,27000,2,0,0,West,Some college/associate,910,0,0,84,0,838.75,0,0,0
HG07680,32,68800,5,2,1,South,Graduate,2290,1,3,0,0,1185.64,1,0,0
HG07681,33,143900,1,0,1,South,Graduate,1440,11,49,2,0,800.44,0,0,0
HG07682,55,130300,3,0,1,Midwest,Bachelor's,1730,6,17,10,0,948.46,0,0,0
HG07683,66,83400,1,0,1,Northeast,High school or less,1780,9,38,2,0,954.79,1,0,0
HG07684,61,186600,3,1,1,South,Bachelor's,2250,5,22,5,0,1172.25,0,1,83.14
HG07685,28,75400,3,0,1,West,Some college/associate,1600,6,26,0,0,981.69,0,0,0
HG07686,60,145300,3,0,1,South,Some college/associate,2570,4,9,1,0,984.24,0,0,0
HG07687,66,91700,1,0,0,Northeast,High school or less,960,5,5,3,0.222222222,860.49,1,0,0
HG07688,51,159800,2,1,0,South,Some college/associate,1960,11,29,1,0,1079.44,1,0,0
HG07689,40,140900,4,2,0,South,Some college/associate,2840,4,12,0,0,1491.65,1,0,0
HG07690,43,126800,6,2,1,South,High school or less,2500,11,21,4,0,869.81,0,0,0
HG07691,39,78900,2,0,0,South,High school or less,,13,23,0,0,885.96,1,0,0
HG07692,48,99400,6,2,0,Midwest,Bachelor's,3820,8,30,3,0,1009.89,1,0,0
HG07693,39,100000,1,0,1,Northeast,Bachelor's,1760,6,16,5,0,1038.76,1,0,0
HG07694,35,105300,1,0,0,Northeast,Graduate,1440,0,0,71,0,929.13,1,0,0
HG07695,63,56900,2,0,0,Midwest,Some college/associate,1360,0,0,110,0,961.29,1,1,113.36
HG07696,46,94100,1,0,1,West,Some college/associate,1380,5,12,8,0,831.52,0,1,143.84
HG07697,50,160000,3,1,1,West,Graduate,2140,10,28,1,0,1150.77,1,1,23.36
HG07698,63,77900,6,1,0,South,Some college/associate,3520,0,0,40,0,1007.76,1,0,0
HG07699,38,86300,3,0,1,West,Bachelor's,1590,4,9,6,0,707.87,0,0,0
HG07700,51,113200,2,0,1,West,Some college/associate,1640,13,29,3,0,1134.58,1,0,0
HG07701,54,159400,6,2,1,West,Bachelor's,3580,10,28,5,0,1228.28,1,0,0
HG07702,59,138500,2,1,1,West,Bachelor's,1960,5,11,12,0,1253,1,0,0
HG07703,44,139200,2,1,1,South,Graduate,1350,5,16,3,0,1474.71,1,1,310.79
HG07704,40,129600,2,1,0,South,Bachelor's,820,5,12,2,0,1184.58,0,0,0
HG07705,56,68400,1,0,0,Northeast,High school or less,1120,3,9,10,0.1875,632.52,1,0,0
HG07706,32,64300,2,0,1,West,Some college/associate,1570,0,0,42,0,891.71,0,0,0
HG07707,36,244700,3,1,0,Midwest,Some college/associate,1480,4,11,18,0,1471.45,0,0,0
HG07708,48,238400,4,1,1,Northeast,Bachelor's,3190,12,35,1,0,1204,0,0,0
HG07709,54,45300,3,2,1,Northeast,High school or less,1640,0,0,50,0,889.54,1,0,0
HG07710,37,37200,2,0,1,Northeast,High school or less,1360,0,0,56,0,678.43,0,0,0
HG07711,30,174900,1,0,1,South,Bachelor's,1710,5,14,18,0,1112.11,0,0,0
HG07712,27,48500,4,1,1,Midwest,High school or less,2730,4,10,4,0,1211.54,1,0,0
HG07713,38,90300,2,1,0,South,Some college/associate,1310,11,42,1,0,1167.6,1,1,79.42
HG07714,70,208800,1,0,0,West,Graduate,1660,7,21,0,0,1521.58,0,0,0
HG07715,62,113500,2,0,1,Midwest,Graduate,1870,6,25,4,0,940.58,0,0,0
HG07716,62,72600,3,1,0,South,Some college/associate,1850,0,0,42,0,1238.9,0,0,0
HG07717,39,58000,4,1,1,South,High school or less,3520,0,0,50,0,1229.26,1,1,300.17
HG07718,50,77300,1,0,0,Northeast,Bachelor's,1120,6,25,1,0.083333333,917.99,0,0,0
HG07719,56,55500,1,0,1,West,High school or less,1540,0,0,54,0,709.88,1,0,0
HG07720,21,31300,4,0,1,South,High school or less,2330,0,0,112,0,867.14,1,0,0
HG07721,54,140000,5,1,0,South,Bachelor's,1740,4,15,1,0,1230.73,1,0,0
HG07722,22,43300,6,0,1,Midwest,High school or less,1940,16,38,3,0,968.29,1,0,0
HG07723,54,164500,1,0,0,Midwest,Graduate,1790,7,25,5,0.294117647,1019.07,0,0,0
HG07724,47,102500,1,0,1,South,Bachelor's,1130,10,48,9,0,1134.45,0,1,260.07
HG07725,65,76800,2,0,1,Northeast,High school or less,2640,4,10,8,0,871.65,0,0,0
HG07726,43,142900,3,1,1,Northeast,Graduate,2380,10,33,1,0.285714286,1277.65,1,1,356.97
HG07727,57,140400,1,0,1,West,Graduate,,7,25,2,0,1113.34,0,0,0
HG07728,52,130600,1,0,1,West,Graduate,1990,9,27,2,0.555555556,1226.8,1,1,63.33
HG07729,38,101100,3,0,1,South,Bachelor's,1800,9,34,3,0,926.5,1,0,0
HG07730,37,61400,1,0,0,South,Some college/associate,1480,4,5,8,0,947.99,1,0,0
HG07731,66,101700,2,0,1,South,Some college/associate,1350,0,0,42,0,1239.65,0,0,0
HG07732,56,156800,1,0,1,Midwest,Graduate,2120,7,35,0,0,854.17,0,0,0
HG07733,71,98500,2,0,0,South,Some college/associate,1810,6,17,3,0,736.03,1,0,0
HG07734,38,188400,2,0,1,Midwest,Bachelor's,2000,9,23,0,0,939.13,0,0,0
HG07735,38,67800,1,0,1,South,Some college/associate,2380,2,1,2,0,745.8,0,0,0
HG07736,32,62100,3,2,1,West,Bachelor's,2420,0,0,85,0,1051.45,1,0,0
HG07737,21,20700,2,0,1,South,High school or less,1390,0,0,79,0,631.18,0,0,0
HG07738,29,47300,2,1,0,South,Bachelor's,1510,8,24,1,0,958.25,1,0,0
HG07739,38,43100,1,0,0,South,High school or less,1290,0,0,65,0,1033.73,0,0,0
HG07740,37,46700,1,0,1,West,Some college/associate,1450,4,18,6,0,549.14,0,0,0
HG07741,63,106900,1,0,0,Midwest,Graduate,1150,3,19,11,0,871.13,0,1,126.16
HG07742,41,68700,3,2,1,South,Some college/associate,1030,3,10,14,0,804.3,1,0,0
HG07743,35,130300,2,1,1,West,Some college/associate,1810,2,7,25,0,1161.5,1,0,0
HG07744,42,130800,4,2,0,South,Bachelor's,1690,12,50,5,0,973.81,1,0,0
HG07745,32,39500,3,1,1,South,Some college/associate,1730,0,0,49,0,1088.85,1,0,0
HG07746,57,95000,2,0,1,Midwest,Bachelor's,1750,9,19,14,0,1079.04,0,1,58
HG07747,26,110900,2,0,1,South,Some college/associate,1870,7,11,3,0,906.91,1,1,250.71
HG07748,24,79400,3,0,1,South,Some college/associate,970,13,31,1,0,981.48,1,0,0
HG07749,42,143400,2,1,0,Northeast,Bachelor's,1720,11,35,0,0,1189.07,1,0,0
HG07750,35,92500,5,2,0,South,Graduate,3270,0,0,85,0,1293.07,1,0,0
HG07751,57,87900,1,0,1,South,Graduate,1300,7,23,4,0.545454545,945.4,1,0,0
HG07752,30,189800,1,0,1,Midwest,Bachelor's,1440,3,8,1,0,818.47,1,0,0
HG07753,47,60600,5,2,1,Midwest,Some college/associate,3550,0,0,83,0,1320.13,0,0,0
HG07754,36,65800,1,0,0,Northeast,High school or less,1110,14,38,3,0,990.01,1,0,0
HG07755,43,144500,2,0,0,South,Bachelor's,1280,12,45,1,0,813.18,0,1,66.98
HG07756,37,142000,2,1,0,South,High school or less,1940,3,16,0,0,1312.65,1,1,708.02
HG07757,43,88000,2,0,1,Northeast,High school or less,1810,9,32,5,0,996.88,1,1,54.77
HG07758,53,92300,2,0,1,West,Bachelor's,1770,7,34,0,0,938.58,0,0,0
HG07759,39,55800,2,0,0,South,High school or less,1210,16,49,3,0,799.82,1,0,0
HG07760,48,52900,4,1,0,Northeast,Bachelor's,1630,0,0,62,0,783.11,0,0,0
HG07761,27,79100,2,0,1,West,Bachelor's,1870,8,31,2,0,828.46,0,0,0
HG07762,56,70900,2,0,1,West,Bachelor's,1250,4,9,3,0,756.97,0,0,0
HG07763,59,67200,1,0,1,West,High school or less,1850,4,19,11,0,922.51,1,1,114.55
HG07764,28,103700,1,0,1,West,Bachelor's,2220,6,9,1,0,670.54,0,0,0
HG07765,32,72800,3,2,1,South,Bachelor's,1150,7,24,6,0,958.39,0,1,83.55
HG07766,44,130900,4,1,0,West,Bachelor's,2640,5,9,6,0,1204.26,0,0,0
HG07767,39,59600,1,0,1,Northeast,Some college/associate,1530,6,16,7,0,898.42,0,0,0
HG07768,46,57100,2,1,1,South,Bachelor's,2480,0,0,44,0,786.01,1,0,0
HG07769,36,63300,3,1,1,South,High school or less,2030,0,0,47,0.391304348,1174.17,0,1,100.41
HG07770,21,115500,2,0,1,Northeast,Some college/associate,2530,4,10,16,0,1089.83,1,1,63.56
HG07771,52,165800,2,0,0,Northeast,Bachelor's,1840,8,21,0,0,1453.46,1,1,250.53
HG07772,54,159200,1,0,1,West,Bachelor's,1640,12,38,4,0,1048.24,0,0,0
HG07773,45,161000,2,0,1,Midwest,Graduate,1310,13,39,0,0,864.38,1,0,0
HG07774,49,44000,3,1,0,South,High school or less,,6,23,1,0,824.17,0,0,0
HG07775,28,47000,3,1,0,West,Bachelor's,1210,11,28,5,0,733.73,0,0,0
HG07776,40,100900,2,0,1,Midwest,Bachelor's,1600,9,29,4,0,1129.54,0,1,69.82
HG07777,56,77600,4,0,1,Midwest,Some college/associate,2250,6,36,0,0,686.2,0,0,0
HG07778,39,72900,2,1,0,West,High school or less,1400,7,25,1,0,859.59,0,0,0
HG07779,45,82700,3,1,1,South,High school or less,1860,4,11,18,0.4,1016.08,0,1,71.73
HG07780,58,38400,1,0,1,South,Bachelor's,1090,0,0,45,0,943.87,1,0,0
HG07781,34,37900,2,0,0,South,High school or less,870,4,14,1,0.4,777.82,1,0,0
HG07782,42,119300,1,0,1,Midwest,Some college/associate,1240,6,17,5,0,780.76,1,1,218.86
HG07783,46,88900,1,0,0,Northeast,Bachelor's,1130,6,20,1,0,693.03,1,0,0
HG07784,65,75500,3,0,1,West,High school or less,1670,5,21,12,0,877.2,1,0,0
HG07785,63,55000,2,0,1,West,High school or less,1600,5,11,1,0,894.63,0,1,184.11
HG07786,32,69200,2,1,1,Northeast,Bachelor's,1380,7,23,1,0,847.33,1,0,0
HG07787,60,80900,1,0,1,West,Some college/associate,1680,8,23,6,0,948.58,0,0,0
HG07788,39,39000,3,1,1,South,High school or less,2400,0,0,52,0,1153.19,1,0,0
HG07789,56,167600,3,0,1,Midwest,Some college/associate,1530,11,19,3,0,1177.28,1,1,254.26
HG07790,79,103500,1,0,1,South,Bachelor's,1460,6,21,3,0,1281.03,0,0,0
HG07791,64,81000,1,0,1,West,Bachelor's,1420,7,25,1,0,910.14,0,0,0
HG07792,40,154700,3,0,0,South,Bachelor's,1640,27,60,0,0,1065.02,1,1,133.38
HG07793,38,48900,2,0,0,West,High school or less,1430,7,16,2,0,796.05,1,0,0
HG07794,62,108400,1,0,0,Midwest,Bachelor's,1290,8,35,2,0.333333333,1123.52,1,0,0
HG07795,37,21900,1,0,1,South,High school or less,1320,4,17,21,0,659.96,1,0,0
HG07796,63,,5,1,1,South,Graduate,2550,7,14,5,0,1459.98,1,1,148.11
HG07797,52,56400,2,1,1,Midwest,High school or less,2100,9,23,2,0,833.16,1,0,0
HG07798,43,104100,2,0,0,Northeast,Graduate,1660,8,22,8,0,896.46,1,0,0
HG07799,36,310400,2,0,1,West,Bachelor's,2800,16,46,4,0,1403.61,0,0,0
HG07800,42,304500,1,0,1,South,Graduate,1750,8,11,1,0,1372.7,0,0,0
HG07801,29,81600,2,0,0,West,Bachelor's,1010,10,24,5,0,891.22,0,0,0
HG07802,54,55700,1,0,0,Northeast,Bachelor's,940,2,9,14,0.2,1074.3,0,0,0
HG07803,44,74700,1,0,1,Midwest,High school or less,1410,3,10,8,0,800.89,0,0,0
HG07804,52,119600,6,3,1,South,Graduate,3370,13,29,3,0,1353.14,0,0,0
HG07805,64,116600,3,0,1,Northeast,Some college/associate,1660,12,35,0,0,853.43,0,0,0
HG07806,35,46100,2,1,0,South,Some college/associate,1840,0,0,52,0,747.27,0,1,82.75
HG07807,53,153300,2,0,1,West,Graduate,1250,15,45,5,0,1024.67,0,0,0
HG07808,43,50500,1,0,1,Northeast,High school or less,1820,0,0,103,0,1022.26,0,0,0
HG07809,53,63500,1,0,0,South,High school or less,1090,5,23,4,0,787.23,0,0,0
HG07810,62,138300,2,0,1,South,Some college/associate,1920,2,10,24,0,968.58,1,0,0
HG07811,47,84300,2,1,1,South,Some college/associate,2000,0,0,66,0,1067.27,0,0,0
HG07812,34,60400,3,0,1,South,Some college/associate,,14,41,0,0,598.66,1,0,0
HG07813,36,21700,5,3,0,West,Some college/associate,1070,12,38,0,0,992.94,0,1,45.88
HG07814,37,80100,1,0,1,Midwest,Some college/associate,1930,4,15,10,0.642857143,963.35,1,0,0
HG07815,56,299100,2,0,0,West,Graduate,2200,10,24,2,0,1473.71,1,0,0
HG07816,28,68900,2,0,0,Midwest,Bachelor's,1190,26,66,0,0,741.58,1,0,0
HG07817,76,150500,1,0,1,South,Bachelor's,1710,7,26,0,0,1156.84,1,0,0
HG07818,43,64500,1,0,1,South,Some college/associate,600,8,32,1,0,1100.1,0,0,0
HG07819,47,38900,4,1,1,South,High school or less,1710,0,0,102,0,671.55,1,0,0
HG07820,35,55500,2,1,1,South,Bachelor's,1090,9,15,2,0,1036.05,1,1,102.31
HG07821,43,47900,2,0,0,South,High school or less,1050,7,20,1,0,675.57,1,0,0
HG07822,39,22800,2,0,0,Midwest,High school or less,1190,5,17,1,0,679.01,1,0,0
HG07823,57,203400,1,0,1,South,Graduate,2470,7,20,2,0,1152.04,1,0,0
HG07824,44,65400,1,0,0,South,Bachelor's,1560,10,36,1,0,942.81,0,0,0
HG07825,42,63800,1,0,1,Northeast,Bachelor's,1160,4,10,4,0,743.95,0,0,0
HG07826,44,83600,2,1,1,South,Some college/associate,1700,9,27,1,0,1087.26,1,1,140
HG07827,57,93400,4,1,0,South,Some college/associate,1330,10,17,5,0,929.86,1,0,0
HG07828,57,168800,3,0,1,West,Graduate,2030,10,19,0,0,1194.8,0,0,0
HG07829,65,142400,4,0,1,Midwest,Bachelor's,1760,10,41,2,0,1393.01,0,1,79.98
HG07830,43,63200,4,1,1,Northeast,Graduate,2840,0,0,60,0,1064.63,1,0,0
HG07831,39,46500,3,2,1,West,Some college/associate,1600,10,33,2,0,951.43,1,0,0
HG07832,32,53100,3,1,1,West,High school or less,3100,0,0,99,0,899.5,0,0,0
HG07833,75,128700,3,0,1,Northeast,Some college/associate,2080,6,10,0,0,983.73,1,0,0
HG07834,51,159000,3,1,1,Northeast,High school or less,2650,9,24,2,0,1006.24,1,0,0
HG07835,80,88400,3,0,1,Northeast,Bachelor's,1590,12,45,5,0,1124.54,1,1,106.92
HG07836,46,118700,1,0,1,West,Graduate,2800,2,7,4,0,1011.75,0,0,0
HG07837,65,75800,3,0,1,South,High school or less,2290,0,0,40,0,1140.1,0,0,0
HG07838,65,158600,1,0,1,Northeast,Graduate,1090,6,21,0,0,1089.79,0,0,0
HG07839,64,75500,2,0,1,Midwest,Some college/associate,2550,0,0,50,0,1173.57,1,0,0
HG07840,29,75100,2,0,0,South,Bachelor's,1750,4,7,4,0,905.42,1,1,401.13
HG07841,34,93300,2,0,1,West,Some college/associate,1980,9,33,5,0,818.67,1,1,116.71
HG07842,33,88800,5,1,0,South,Some college/associate,2930,0,0,62,0,928.94,0,0,0
HG07843,54,200100,2,0,1,South,Graduate,2030,5,12,7,0,1245.49,1,0,0
HG07844,57,51100,1,0,1,Midwest,High school or less,1290,0,0,51,0,1022.62,0,0,0
HG07845,42,34800,5,2,0,West,High school or less,2890,0,0,67,0,1073.44,1,0,0
HG07846,41,193700,3,1,1,Northeast,High school or less,1970,4,13,2,0,1304.08,0,0,0
HG07847,40,53000,1,0,1,Northeast,Some college/associate,1200,0,0,63,0,629.55,1,0,0
HG07848,23,20600,1,0,0,Northeast,High school or less,1380,2,7,18,0,843.01,1,0,0
HG07849,53,51100,2,0,0,South,High school or less,1380,0,0,152,0,990.28,0,1,103.62
HG07850,35,66700,3,1,1,Northeast,High school or less,1500,11,31,3,0,943.1,0,0,0
HG07851,41,178700,2,1,1,South,Bachelor's,1560,13,44,6,0.333333333,1206.96,0,1,55.71
HG07852,59,173700,2,0,1,South,Graduate,2030,2,7,5,0,1172.56,0,1,38.13
HG07853,41,70800,3,0,1,Northeast,High school or less,1930,7,47,1,0,781.45,1,1,71.58
HG07854,37,153300,2,1,1,South,Some college/associate,2000,12,36,4,0,942.67,0,0,0
HG07855,22,114700,1,0,0,West,Bachelor's,800,6,12,0,0,1109.76,1,1,48.67
HG07856,38,84400,2,0,1,South,Bachelor's,1280,0,0,41,0,812.96,0,0,0
HG07857,33,183000,3,0,1,West,Some college/associate,1730,8,32,6,0,1050.99,0,1,112.19
HG07858,65,92000,2,0,1,West,Bachelor's,2170,7,43,9,0.416666667,1082.8,1,0,0
HG07859,68,134300,1,0,1,Midwest,Some college/associate,1810,3,11,5,0,989.68,0,1,90.95
HG07860,30,71400,4,1,0,West,High school or less,1990,2,6,0,0,921.65,1,0,0
HG07861,50,46000,2,0,0,South,High school or less,1260,6,14,8,0,690.77,1,0,0
HG07862,40,94200,4,1,1,West,Bachelor's,1420,11,24,4,0,1128.48,1,0,0
HG07863,57,92100,4,0,1,South,Bachelor's,2980,4,12,14,0,1088.06,0,0,0
HG07864,38,87200,3,1,1,South,Some college/associate,880,19,46,1,0,1009.57,1,1,114.17
HG07865,36,85100,1,0,0,South,Bachelor's,970,5,12,9,0,577.96,0,0,0
HG07866,59,97500,2,0,0,Northeast,High school or less,,3,11,0,0,789.1,0,0,0
HG07867,25,154400,1,0,1,Northeast,Graduate,1980,5,10,2,0,1367.54,0,0,0
HG07868,28,62000,1,0,0,South,High school or less,1010,4,18,6,0,883.81,1,1,158.55
HG07869,55,119100,1,0,1,South,Graduate,2220,1,0,23,0,953.8,1,0,0
HG07870,55,85700,3,1,1,Northeast,Some college/associate,2500,0,0,119,0,1061.32,1,1,127.58
HG07871,50,35300,4,2,0,South,High school or less,2140,0,0,64,0,877.58,1,0,0
HG07872,57,194100,4,0,1,Midwest,Graduate,2330,11,28,2,0,1255.82,1,0,0
HG07873,40,127500,2,0,0,South,Some college/associate,1780,11,47,2,0,646.08,0,0,0
HG07874,43,64600,4,3,1,South,Some college/associate,1760,8,32,11,0,1107.17,1,0,0
HG07875,62,131200,1,0,0,Midwest,Graduate,1430,0,0,53,0,998.73,0,0,0
HG07876,67,98600,1,0,1,Northeast,Some college/associate,1280,9,24,3,0.384615385,857.73,1,0,0
HG07877,42,49800,5,2,0,Northeast,Bachelor's,2210,0,0,52,0,914.85,0,0,0
HG07878,59,191300,1,0,0,West,Graduate,1730,8,37,1,0,1178.39,1,0,0
HG07879,24,90900,4,0,1,West,Bachelor's,2020,7,14,6,0,1035.36,1,1,120.66
HG07880,34,63800,2,1,0,South,Some college/associate,1280,8,26,7,0,687.25,1,1,113.03
HG07881,49,311300,4,2,0,South,Graduate,3700,7,23,0,0,1627.25,1,1,98.25
HG07882,51,101300,1,0,1,West,Bachelor's,1180,5,17,5,0,1082.16,1,1,59.56
HG07883,32,92300,2,1,1,Midwest,Some college/associate,1830,8,20,0,0.25,1130.99,0,0,0
HG07884,46,104200,1,0,1,Midwest,High school or less,1690,4,9,9,0,916.34,1,0,0
HG07885,43,75000,1,0,1,West,High school or less,1100,2,7,0,0,671.24,0,0,0
HG07886,30,129900,4,2,1,South,Some college/associate,2710,12,34,1,0,1320.21,1,1,83.82
HG07887,52,75300,2,1,1,West,High school or less,1600,5,17,5,0,993.21,0,0,0
HG07888,68,175600,3,0,0,Midwest,Graduate,2420,7,10,6,0,1229.99,1,0,0
HG07889,43,83100,3,1,1,South,Some college/associate,1470,7,28,6,0,1025.96,1,0,0
HG07890,43,39900,2,1,1,South,Graduate,1730,0,0,52,0,773.37,0,0,0
HG07891,36,28900,3,1,0,South,High school or less,1350,0,0,53,0,667.04,1,0,0
HG07892,40,,2,0,0,Northeast,High school or less,1990,0,0,59,0,759.56,1,0,0
HG07893,57,59500,1,0,1,West,High school or less,1090,2,7,22,0,932.2,1,0,0
HG07894,56,81200,1,0,0,West,Some college/associate,1020,6,28,4,0,978.18,1,0,0
HG07895,53,94000,1,0,1,West,High school or less,2570,1,3,10,0,793.14,1,0,0
HG07896,47,81200,1,0,0,West,Some college/associate,1060,2,3,13,0,923.73,0,0,0
HG07897,47,99800,1,0,1,West,Bachelor's,2830,0,0,88,0,1015.43,1,0,0
HG07898,28,98400,4,1,0,West,Graduate,1370,24,57,0,0,1017.75,0,1,510.46
HG07899,46,85100,2,1,1,West,Bachelor's,1560,4,14,4,0,1416.23,1,1,96.35
HG07900,39,15000,4,1,0,South,High school or less,1610,0,0,85,0,751.87,0,0,0
HG07901,41,35100,2,0,1,Northeast,High school or less,1280,0,0,92,0,799.42,0,0,0
HG07902,30,18800,6,4,0,West,High school or less,3220,0,0,55,0,1047.68,1,0,0
HG07903,44,116900,4,1,1,West,Some college/associate,2820,11,44,1,0,1134.83,0,0,0
HG07904,52,27400,3,1,1,Midwest,High school or less,870,4,13,8,0,1001.73,1,1,200.95
HG07905,35,117900,1,0,1,Northeast,Some college/associate,1600,5,11,3,0,899.23,0,0,0
HG07906,53,78400,1,0,1,West,Bachelor's,,0,0,121,0,1061.93,0,1,133.21
HG07907,36,133300,1,0,0,West,Bachelor's,1610,4,9,1,0,832.55,0,0,0
HG07908,31,,2,1,0,South,Graduate,1950,3,4,3,0,1015.3,0,0,0
HG07909,51,202000,2,0,0,Midwest,Bachelor's,2020,4,8,3,0,1608.32,0,0,0
HG07910,44,85800,1,0,1,South,Some college/associate,1360,4,21,0,0,583.01,1,1,59.36
HG07911,38,252400,2,0,0,Northeast,Graduate,1670,12,30,2,0,1278.23,0,0,0
HG07912,41,34400,4,1,0,South,High school or less,870,23,103,1,0,707.22,0,0,0
HG07913,54,88900,1,0,1,West,Some college/associate,1480,2,4,12,0,865.61,1,0,0
HG07914,63,206700,4,1,1,Northeast,Graduate,2930,6,16,2,0,1500.25,0,0,0
HG07915,40,44800,5,2,0,South,Some college/associate,2950,0,0,60,0,1147.31,0,0,0
HG07916,24,88400,6,1,1,Northeast,Bachelor's,5000,8,27,1,0,1008.5,0,0,0
HG07917,42,70500,3,1,1,South,High school or less,1870,13,33,1,0,1118.37,0,1,143.77
HG07918,59,79500,6,0,1,West,Some college/associate,3240,15,37,2,0.285714286,1273.54,0,0,0
HG07919,38,69900,1,0,1,West,High school or less,990,7,14,6,0,878.97,0,0,0
HG07920,32,58600,2,1,0,South,High school or less,1500,11,23,9,0,922.17,1,0,0
HG07921,52,96400,4,2,1,West,Bachelor's,2080,13,34,8,0,1305.21,1,1,136.25
HG07922,39,133500,1,0,1,Midwest,Bachelor's,2190,8,22,2,0,1133.56,0,0,0
HG07923,33,87800,3,1,0,Midwest,Graduate,1160,0,0,59,0,927.9,1,0,0
HG07924,27,87000,3,1,0,West,Bachelor's,1800,0,0,64,0,742.16,1,0,0
HG07925,43,47600,3,0,0,South,High school or less,1920,0,0,72,0,932.87,1,0,0
HG07926,51,233000,3,2,1,South,Graduate,2230,5,11,9,0,1399.13,1,0,0
HG07927,52,103400,2,0,1,Midwest,Some college/associate,2000,11,23,0,0,751.21,1,0,0
HG07928,59,47200,4,1,0,South,Some college/associate,1760,0,0,65,0,1170.88,0,0,0
HG07929,58,82800,1,0,1,South,Graduate,1720,0,0,77,0,917.68,0,0,0
HG07930,55,74200,1,0,0,Midwest,Some college/associate,1860,8,26,0,0.375,591.83,1,0,0
HG07931,51,33000,1,0,0,South,High school or less,1030,5,20,9,0,781.04,0,0,0
HG07932,41,31400,1,0,1,Northeast,High school or less,970,13,33,0,0,763.61,0,0,0
HG07933,66,135200,1,0,1,Northeast,Bachelor's,1700,7,34,4,0.222222222,1321.75,0,0,0
HG07934,67,100200,2,0,1,South,Bachelor's,2120,5,22,2,0,1339.5,1,0,0
HG07935,42,43300,1,0,0,Northeast,High school or less,1530,2,9,6,0,857.36,0,0,0
HG07936,53,51200,5,2,0,South,High school or less,1560,0,0,56,0,1067.26,0,0,0
HG07937,50,212100,2,0,1,South,Graduate,1380,8,20,4,0,1051.23,0,0,0
HG07938,55,73700,2,0,0,South,Some college/associate,1370,5,17,1,0,1018.88,0,0,0
HG07939,71,57600,1,0,1,Midwest,Bachelor's,1290,4,8,1,0.3,482.52,1,0,0
HG07940,69,96500,3,0,1,West,Some college/associate,2180,4,11,0,0,1376.41,0,1,108.46
HG07941,40,253700,3,0,1,Northeast,Bachelor's,3080,12,26,12,0,1558.54,0,1,655.23
HG07942,29,77100,3,1,1,Northeast,Bachelor's,2060,3,17,5,0,1025.09,1,1,35.85
HG07943,49,52900,1,0,1,Midwest,High school or less,1430,4,12,8,0,709.85,0,0,0
HG07944,57,186100,1,0,1,West,Graduate,1200,8,35,1,0,1157.42,1,0,0
HG07945,49,123600,4,1,0,West,Some college/associate,2190,15,47,0,0,1302.17,1,0,0
HG07946,62,45600,3,1,0,Midwest,High school or less,1510,3,15,5,0.238095238,1027.05,1,0,0
HG07947,42,146900,1,0,0,Midwest,Bachelor's,940,7,20,0,0,778.13,1,0,0
HG07948,50,88200,6,3,1,Northeast,Graduate,1710,24,38,0,0,1196.83,0,0,0
HG07949,70,56500,2,0,0,South,High school or less,1780,3,10,1,0,922.3,0,0,0
HG07950,41,92700,2,1,1,Midwest,High school or less,2340,0,0,81,0,950.32,1,0,0
HG07951,38,66300,4,2,0,South,Bachelor's,1610,6,9,1,0,914.36,1,1,66.85
HG07952,53,93800,1,0,0,Northeast,Some college/associate,1020,10,26,4,0,742.91,0,0,0
HG07953,63,65700,4,0,0,West,Some college/associate,1580,10,29,5,0,1076.31,0,0,0
HG07954,22,20200,3,1,0,South,High school or less,620,13,31,0,0,800.89,1,0,0
HG07955,52,95700,3,1,1,West,High school or less,1760,2,4,0,0,1075.27,0,0,0
HG07956,56,167700,4,0,1,Northeast,Graduate,3300,8,23,1,0,1320.54,0,0,0
HG07957,38,120700,2,0,1,West,High school or less,1250,10,28,4,0,1004.44,1,0,0
HG07958,57,86800,2,1,1,Northeast,Bachelor's,2040,0,0,168,0,1178.63,0,0,0
HG07959,57,61500,1,0,1,West,Some college/associate,1300,5,28,1,0,793.55,1,0,0
HG07960,43,177400,2,0,1,Northeast,Bachelor's,1780,18,45,0,0,1293.26,0,1,200.47
HG07961,39,186600,3,2,0,South,Some college/associate,3170,3,10,15,0,1225.94,0,0,0
HG07962,54,52600,6,1,1,Midwest,Some college/associate,3860,0,0,69,0,1011.62,0,0,0
HG07963,44,127400,1,0,1,South,Some college/associate,1340,10,28,2,0,1158.35,0,0,0
HG07964,62,65500,3,0,1,South,Some college/associate,1410,3,6,3,0,916.17,0,0,0
HG07965,26,64800,1,0,0,South,High school or less,1290,5,12,1,0,609.37,1,0,0
HG07966,30,43700,4,1,0,South,Graduate,3160,0,0,59,0,813.68,0,0,0
HG07967,47,130800,3,2,1,South,Bachelor's,1700,7,22,0,0,1325.83,1,1,244.02
HG07968,66,46500,1,0,1,South,Some college/associate,1010,11,32,0,0,845.79,1,0,0
HG07969,37,44700,1,0,1,Northeast,Some college/associate,990,12,27,2,0.3,579.13,0,0,0
HG07970,35,115200,2,0,0,South,Graduate,1710,11,38,0,0,814.72,0,0,0
HG07971,26,42200,1,0,0,Midwest,High school or less,1050,10,34,1,0,1087,1,0,0
HG07972,43,124100,1,0,0,Midwest,Bachelor's,1450,7,14,7,0,845.6,0,0,0
HG07973,40,61500,2,1,0,Northeast,Bachelor's,1790,0,0,61,0,1012.89,1,0,0
HG07974,23,53500,2,0,1,South,High school or less,1630,0,0,48,0,813.7,0,0,0
HG07975,31,45100,1,0,1,West,High school or less,1000,3,7,1,0,934.79,0,0,0
HG07976,51,49100,2,0,1,Midwest,Some college/associate,1090,0,0,78,0,780.53,1,0,0
HG07977,31,76600,4,0,0,South,High school or less,2180,6,19,4,0,699.74,0,0,0
HG07978,54,36800,4,0,1,Midwest,Some college/associate,1240,7,11,5,0.35,1048.84,1,0,0
HG07979,43,115100,4,3,0,South,Graduate,1840,13,27,7,0,907.11,1,0,0
HG07980,45,,2,0,1,West,Bachelor's,1050,7,20,14,0,964.2,1,0,0
HG07981,45,97600,2,0,1,West,High school or less,1020,22,44,0,0,1078.83,1,0,0
HG07982,49,63500,4,3,1,West,Some college/associate,2450,0,0,74,0,1088.74,0,0,0
HG07983,25,63300,3,0,0,West,Some college/associate,1160,8,26,4,0,812.88,0,0,0
HG07984,33,62300,3,1,1,South,Some college/associate,2810,0,0,107,0,828.69,0,0,0
HG07985,37,76700,1,0,0,Northeast,Some college/associate,900,5,22,21,0,860.93,1,0,0
HG07986,24,54700,5,2,1,Northeast,Some college/associate,3530,0,0,75,0,874.96,0,0,0
HG07987,32,38300,2,0,1,South,High school or less,1480,0,0,50,0,790.18,0,0,0
HG07988,34,141600,3,1,0,South,Bachelor's,1230,6,14,2,0,885.95,1,0,0
HG07989,43,34400,1,0,0,South,High school or less,610,12,36,4,0,303.56,1,0,0
HG07990,53,44500,1,0,0,South,Some college/associate,720,6,8,6,0,645.01,1,0,0
HG07991,44,102500,2,1,1,Northeast,Bachelor's,1680,6,14,8,0,1168.12,1,1,102.46
HG07992,33,74200,2,0,0,South,Some college/associate,1270,0,0,73,0,980.86,0,0,0
HG07993,74,129600,3,0,1,West,Bachelor's,,10,28,3,0,1271.47,0,0,0
HG07994,27,39100,6,4,0,Northeast,Some college/associate,2190,11,30,0,0,931.82,0,0,0
HG07995,45,36000,4,2,1,Northeast,Some college/associate,2190,0,0,104,0,1069.62,0,0,0
HG07996,24,23000,4,0,0,South,Some college/associate,1290,8,24,1,0.294117647,715.24,1,0,0
HG07997,49,68100,2,1,1,Midwest,Some college/associate,3650,0,0,71,0,908.66,1,0,0
HG07998,49,65500,3,1,1,Midwest,Bachelor's,2330,0,0,52,0,991.35,0,0,0
HG07999,55,144700,1,0,1,Northeast,Graduate,1650,5,13,3,0,1266.04,0,1,166.1
HG08000,48,88700,2,0,1,Midwest,Some college/associate,2550,0,0,130,0,941.94,0,0,0
HG08001,59,80800,2,0,1,Northeast,High school or less,1690,9,36,7,0,908.89,0,0,0
HG08002,22,79800,2,0,1,West,Some college/associate,1430,6,16,3,0,671.02,1,1,71.75
HG08003,44,111300,3,1,1,Northeast,Bachelor's,2290,8,24,0,0,922.91,1,1,94.4
HG08004,44,308600,5,0,0,South,Graduate,2750,10,27,0,0,1404.62,1,0,0
HG08005,41,137400,2,0,0,Midwest,Bachelor's,1450,17,62,1,0.272727273,1003.05,0,1,34.65
HG08006,58,122300,1,0,0,Midwest,Some college/associate,1810,4,9,5,0,898.99,1,0,0
HG08007,30,105900,2,0,0,Northeast,Graduate,1730,0,0,43,0,729.96,0,0,0
HG08008,53,49000,4,1,1,South,Some college/associate,3100,0,0,88,0,840.29,0,0,0
HG08009,49,50100,3,0,0,Midwest,High school or less,1870,0,0,68,0,1027.06,1,0,0
HG08010,48,76800,2,0,1,West,Bachelor's,1190,8,22,1,0,892.09,1,0,0
HG08011,60,83300,3,0,1,South,High school or less,3260,0,0,141,0,931.81,0,0,0
HG08012,63,44400,1,0,1,Midwest,Some college/associate,1430,0,0,53,0,914.55,0,0,0
HG08013,54,71700,3,2,0,South,Bachelor's,1170,11,33,1,0.333333333,895.73,1,0,0
HG08014,46,105100,3,0,1,Northeast,High school or less,1360,14,25,2,0,1038.69,0,0,0
HG08015,42,176600,1,0,1,South,High school or less,1960,7,17,6,0,1346.47,0,0,0
HG08016,51,99900,2,0,1,West,Bachelor's,2950,0,0,83,0,929.33,1,0,0
HG08017,44,44200,6,4,1,West,High school or less,3380,0,0,74,0,1250.01,0,0,0
HG08018,52,68100,4,0,1,Northeast,Bachelor's,3300,0,0,79,0,1041.98,1,0,0
HG08019,78,79800,1,0,1,South,High school or less,1580,6,22,5,0,1191.38,1,0,0
HG08020,39,66000,2,1,1,South,High school or less,850,14,34,1,0,483.38,1,0,0
HG08021,38,51100,3,1,1,Midwest,High school or less,1520,0,0,44,0,557.22,1,0,0
HG08022,48,107000,1,0,1,South,Graduate,1270,2,4,13,0,924.45,1,0,0
HG08023,38,82000,2,0,0,South,Some college/associate,1410,5,10,1,0,844.19,0,0,0
HG08024,44,138100,2,1,1,West,Graduate,2250,8,23,7,0,1028.68,0,1,97.28
HG08025,70,49500,6,0,0,Northeast,Some college/associate,,14,33,0,0,1166.16,1,0,0
HG08026,52,53000,2,0,0,South,High school or less,1220,0,0,59,0,921.09,0,0,0
HG08027,28,66700,2,0,0,Northeast,Graduate,1090,8,27,2,0,702.59,1,0,0
HG08028,27,49600,4,1,1,West,High school or less,1700,12,24,2,0,943.15,1,0,0
HG08029,19,81100,2,1,1,South,Some college/associate,1020,6,13,13,0,1143.35,0,0,0
HG08030,34,55000,2,0,0,South,Graduate,2150,0,0,51,0,959.65,1,0,0
HG08031,32,42000,4,2,1,Northeast,High school or less,1710,0,0,75,0,1270.29,1,0,0
HG08032,34,114900,4,3,1,South,Some college/associate,2840,11,23,0,0,1327.72,1,0,0
HG08033,22,93600,3,0,1,West,Bachelor's,2470,8,24,3,0,914.56,0,0,0
HG08034,51,147200,1,0,1,West,Bachelor's,1660,6,15,0,0,1332.71,1,1,104.02
HG08035,42,34500,3,1,1,Northeast,High school or less,1270,0,0,51,0,917.07,1,0,0
HG08036,48,132600,4,1,0,Northeast,Graduate,1350,10,32,1,0,1354.56,1,1,150.08
HG08037,59,110500,4,0,1,South,Bachelor's,1570,20,39,0,0,957.79,0,0,0
HG08038,53,70800,2,1,1,South,Bachelor's,1930,0,0,81,0,812.61,1,0,0
HG08039,40,16600,2,1,0,South,High school or less,1260,0,0,116,0,810.92,0,0,0
HG08040,28,50600,5,3,1,South,High school or less,1800,7,24,0,0,970.89,0,0,0
HG08041,45,94700,1,0,1,South,Some college/associate,2770,6,10,1,0,1137.49,1,0,0
HG08042,71,103500,1,0,1,South,Bachelor's,1850,4,13,7,0,1109.51,1,0,0
HG08043,60,162200,4,0,1,South,Graduate,2650,10,28,7,0,1332.83,0,0,0
HG08044,39,206000,1,0,1,West,Bachelor's,2010,11,21,0,0,1453.34,0,0,0
HG08045,56,53200,3,1,1,South,Some college/associate,1480,10,31,5,0,936.31,0,0,0
HG08046,60,77600,2,0,1,Midwest,Some college/associate,1230,6,29,0,0,1243.35,1,1,114.79
HG08047,26,87000,4,1,1,Midwest,Bachelor's,2230,6,14,4,0,1034.36,1,0,0
HG08048,37,96900,4,2,0,Midwest,Some college/associate,1800,12,40,1,0,754.26,0,0,0
HG08049,32,81800,2,0,1,South,Some college/associate,1800,13,37,0,0,1115.56,0,1,66.44
HG08050,61,93200,4,0,1,South,Some college/associate,1970,5,23,1,0,1038.89,1,0,0
HG08051,61,,1,0,0,Northeast,Bachelor's,1580,4,16,1,0.5,872.19,1,0,0
HG08052,32,52400,4,1,0,South,High school or less,2450,0,0,41,0,803.63,1,0,0
HG08053,75,87100,2,0,1,South,Some college/associate,1470,9,27,0,0,903.07,1,0,0
HG08054,42,143300,4,1,1,Northeast,Graduate,3440,0,0,90,0,1445.99,1,0,0
HG08055,41,162400,4,1,0,South,Bachelor's,2300,7,27,3,0,1055.31,1,0,0
HG08056,47,154000,1,0,0,West,Some college/associate,1610,10,33,1,0,1105.53,1,0,0
HG08057,28,60500,2,1,0,West,High school or less,640,16,43,1,0,514.99,0,0,0
HG08058,39,182500,1,0,0,Midwest,Bachelor's,1680,7,19,5,0,1353.38,1,1,56.21
HG08059,30,64300,2,0,0,South,Bachelor's,1390,4,13,9,0,578.64,0,0,0
HG08060,23,106000,2,1,0,Midwest,Bachelor's,1230,10,21,0,0,812.66,0,0,0
HG08061,59,105800,1,0,1,South,Graduate,1050,0,0,82,0,1063.02,0,0,0
HG08062,59,83200,4,1,1,Midwest,Some college/associate,1430,7,19,2,0.307692308,1118.27,1,1,250.37
HG08063,52,149200,2,0,1,West,Some college/associate,1980,0,0,122,0,847.09,0,0,0
HG08064,42,56700,1,0,1,West,High school or less,1470,0,0,66,0,775.44,0,0,0
HG08065,58,53100,2,0,1,South,Bachelor's,2180,5,15,3,0,826.53,0,0,0
HG08066,61,62100,1,0,0,South,Some college/associate,1210,4,23,1,0,770.25,0,0,0
HG08067,55,38200,4,0,1,Midwest,High school or less,2830,0,0,78,0,845.44,1,0,0
HG08068,38,86000,1,0,0,Midwest,Graduate,880,4,7,4,0,755.45,0,0,0
HG08069,40,49700,2,1,0,Midwest,High school or less,1210,0,0,67,0,824,0,0,0
HG08070,42,63100,2,1,0,South,High school or less,1680,0,0,57,0,1213.63,0,1,291.54
HG08071,51,67300,2,0,1,South,Some college/associate,1210,14,43,1,0,854.8,0,1,131.82
HG08072,29,221300,5,2,0,West,Graduate,4020,6,19,13,0,1379.18,1,1,136.58
HG08073,38,68900,1,0,0,South,Some college/associate,840,4,18,12,0,768.59,0,0,0
HG08074,47,82400,2,0,1,South,Bachelor's,2520,0,0,93,0,1003.76,0,0,0
HG08075,58,33800,4,0,0,Northeast,High school or less,1980,0,0,54,0,932.99,1,0,0
HG08076,29,43400,1,0,1,South,High school or less,940,4,7,14,0,546.36,0,0,0
HG08077,39,43200,2,0,1,West,High school or less,1610,13,39,4,0,876.33,1,0,0
HG08078,22,55400,5,0,0,West,Bachelor's,2340,0,0,56,0,1076.87,1,0,0
HG08079,41,79500,2,0,1,Midwest,Some college/associate,2160,8,18,7,0,1079.03,1,1,40.65
HG08080,56,94900,1,0,1,Northeast,Graduate,1190,9,30,4,0.227272727,853.23,0,0,0
HG08081,32,34700,4,2,1,South,High school or less,2240,0,0,101,0,1033.01,0,0,0
HG08082,50,138300,4,3,0,West,Bachelor's,2450,8,12,2,0,1304.41,1,1,104.8
HG08083,22,30100,5,1,0,South,High school or less,1370,0,0,55,0,995.8,0,0,0
HG08084,41,240800,2,0,1,Midwest,Graduate,2300,7,11,0,0,1429.14,0,1,83.82
HG08085,67,72500,1,0,1,West,Bachelor's,2030,8,35,1,0,1255.5,1,1,86.06
HG08086,57,95200,3,1,1,Northeast,Bachelor's,1830,11,36,4,0,1054.89,1,0,0
HG08087,53,53900,2,0,0,South,High school or less,2150,0,0,43,0,1057.4,0,0,0
HG08088,37,71600,2,1,0,West,Graduate,1650,3,6,10,0.352941176,779.85,0,0,0
HG08089,28,93800,2,0,1,South,Graduate,1720,0,0,43,0,889.01,1,0,0
HG08090,42,55200,3,1,1,South,Some college/associate,2060,0,0,58,0,899.64,0,0,0
HG08091,25,48000,2,1,0,Northeast,High school or less,1400,4,16,9,0,608.37,0,0,0
HG08092,44,61600,2,0,1,South,Some college/associate,1410,13,65,5,0,814.99,1,1,356.84
HG08093,61,100400,4,0,1,Midwest,High school or less,2590,0,0,134,0,1175.33,1,1,45.19
HG08094,35,34500,1,0,0,West,High school or less,1130,5,16,2,0,645.39,0,0,0
HG08095,67,192700,2,1,1,West,Bachelor's,2080,4,14,1,0,1164.25,1,0,0
HG08096,47,153200,5,2,1,South,Graduate,2960,16,47,0,0,1446.43,0,0,0
HG08097,61,69500,3,1,1,Midwest,Some college/associate,1630,6,28,7,0,1189.35,0,0,0
HG08098,50,38700,3,1,1,South,High school or less,1510,12,34,1,0,908.92,1,1,38.44
HG08099,38,89300,1,0,0,South,Bachelor's,1520,6,17,14,0,970.41,0,0,0
HG08100,49,99300,2,1,1,South,Bachelor's,2020,16,42,1,0,825.72,0,0,0
HG08101,47,220300,4,1,0,West,Some college/associate,1950,12,37,5,0,1246.86,1,0,0
HG08102,34,30800,1,0,1,South,High school or less,1150,3,7,8,0,760.89,0,0,0
HG08103,61,303700,2,0,0,Northeast,Graduate,2430,7,19,2,0,1214.74,0,0,0
HG08104,49,180200,3,1,0,Northeast,Graduate,1140,14,47,0,0,1121.73,1,0,0
HG08105,52,75200,2,0,1,South,Some college/associate,,10,24,0,0,933.66,1,1,124.78
HG08106,45,133700,1,0,0,South,Bachelor's,1300,7,21,5,0,871.12,0,0,0
HG08107,28,33400,2,0,0,West,High school or less,980,7,21,2,0,780.69,1,0,0
HG08108,41,124600,4,0,1,Midwest,Bachelor's,4640,6,24,2,0,1397.59,0,0,0
HG08109,27,83000,2,1,1,West,Some college/associate,1010,16,39,0,0,904.93,0,0,0
HG08110,49,,4,1,0,South,High school or less,2170,0,0,47,0,827,0,0,0
HG08111,75,102000,2,0,1,West,Some college/associate,2210,3,17,6,0,1146.55,1,0,0
HG08112,27,93900,3,1,0,West,Graduate,2260,0,0,77,0,1027.56,0,0,0
HG08113,59,95800,2,0,1,South,Some college/associate,1570,0,0,53,0,985.35,1,0,0
HG08114,28,62900,3,0,1,Midwest,Bachelor's,2350,0,0,114,0,767.08,0,0,0
HG08115,53,35100,1,0,1,Northeast,High school or less,740,8,21,2,0.380952381,850.44,1,0,0
HG08116,47,153200,5,2,1,South,Bachelor's,2760,9,42,0,0,1553.44,0,0,0
HG08117,55,125900,2,0,1,West,Some college/associate,2420,5,17,13,0,1255.96,0,0,0
HG08118,45,53100,3,1,1,South,High school or less,1870,0,0,60,0,1184.97,1,1,195.69
HG08119,30,71800,1,0,0,West,High school or less,1210,6,15,2,0,817.06,0,0,0
HG08120,55,51200,1,0,0,Northeast,Some college/associate,1220,0,0,57,0,902.88,1,1,125.87
HG08121,29,114100,6,2,1,Midwest,Bachelor's,2890,5,13,10,0,972.53,0,0,0
HG08122,28,33100,2,1,1,West,High school or less,1900,5,13,10,0,882.12,0,0,0
HG08123,58,146700,6,1,1,Northeast,Graduate,5000,7,14,0,0.294117647,1580.44,1,1,252.54
HG08124,30,82800,5,2,1,South,Some college/associate,2580,10,19,2,0,1190.34,1,0,0
HG08125,45,49900,1,0,0,Midwest,Some college/associate,1250,5,22,1,0,595.86,1,1,28.76
HG08126,63,53600,2,1,1,Midwest,High school or less,1440,5,17,7,0,855.26,1,0,0
HG08127,66,66700,1,0,1,Northeast,Bachelor's,2020,0,0,46,0,859.02,0,1,57.83
HG08128,37,192800,5,1,1,Midwest,Bachelor's,5000,10,18,1,0,1673.41,1,1,257.43
HG08129,80,137100,1,0,0,South,Bachelor's,1630,5,16,8,0.444444444,863.17,0,0,0
HG08130,61,34000,5,0,1,Northeast,Some college/associate,1640,8,29,4,0,1220.84,0,1,128.74
HG08131,25,57800,4,1,1,West,High school or less,1850,7,30,0,0,937.58,0,1,209.42
HG08132,61,132300,2,0,1,South,Graduate,1850,0,0,55,0,1096.82,0,0,0
HG08133,22,34100,2,1,1,South,High school or less,1230,8,23,2,0,1045.24,1,0,0
HG08134,67,147400,1,0,1,South,Graduate,1800,7,19,0,0,1058.29,1,0,0
HG08135,43,93700,2,1,1,Midwest,Some college/associate,2100,5,12,3,0,1122.51,1,1,171.39
HG08136,45,121000,3,1,0,Midwest,Some college/associate,1360,12,28,3,0,1169.31,0,0,0
HG08137,37,102100,4,3,1,Midwest,High school or less,3640,5,15,2,0,1094.85,0,0,0
HG08138,54,100400,4,1,1,West,Bachelor's,,0,0,79,0,1273.61,0,0,0
HG08139,64,32400,1,0,1,Northeast,High school or less,770,6,9,2,0,677.6,0,0,0
HG08140,29,45000,1,0,1,Northeast,High school or less,1540,5,13,1,0,1025.38,0,0,0
HG08141,54,67300,3,0,1,South,Bachelor's,2870,0,0,58,0,1095.38,0,0,0
HG08142,50,58100,2,0,1,Northeast,High school or less,1970,5,8,2,0.272727273,1019.79,1,1,139.02
HG08143,56,,3,0,0,West,High school or less,2090,0,0,57,0,712.62,0,0,0
HG08144,49,44700,1,0,1,Northeast,High school or less,1450,5,15,6,0,662.96,0,0,0
HG08145,22,125000,4,2,0,South,Bachelor's,1540,17,41,0,0,1379.05,1,0,0
HG08146,51,73800,2,0,1,West,Some college/associate,2050,7,19,10,0.217391304,865.05,0,1,132.47
HG08147,60,88500,3,2,1,South,Some college/associate,1730,10,25,1,0,1336.11,1,1,120.61
HG08148,33,39300,2,1,1,West,High school or less,2220,0,0,87,0,839,1,0,0
HG08149,27,39900,1,0,0,South,High school or less,1360,5,12,3,0,780.92,1,0,0
HG08150,47,85400,1,0,1,West,Bachelor's,1130,4,12,7,0,1133.76,1,1,363.07
HG08151,41,60600,3,2,0,West,High school or less,1350,0,0,114,0,1090.81,0,0,0
HG08152,58,63300,1,0,1,Midwest,High school or less,1430,2,10,8,0,844.14,1,0,0
HG08153,38,49400,2,1,1,Midwest,Some college/associate,1750,0,0,68,0,817.29,1,0,0
HG08154,35,60200,5,1,1,South,Some college/associate,2040,9,20,0,0,760.9,0,0,0
HG08155,43,117200,3,1,1,West,High school or less,2030,8,18,0,0,763.07,1,0,0
HG08156,46,139200,4,2,1,West,Bachelor's,2030,6,19,3,0,1271.75,1,0,0
HG08157,50,155000,1,0,1,West,Bachelor's,1950,10,24,0,0,844.34,1,0,0
HG08158,59,135600,1,0,1,South,Bachelor's,1460,5,21,0,0,1223.1,0,1,92.05
HG08159,51,38300,2,1,0,West,High school or less,1420,0,0,60,0,630.09,1,0,0
HG08160,25,54500,1,0,1,South,Bachelor's,1360,7,19,1,0,1034.06,0,0,0
HG08161,54,114200,4,1,0,South,Some college/associate,2780,0,0,162,0,1088.8,0,0,0
HG08162,42,176200,3,1,1,South,Bachelor's,1570,5,17,1,0,1377.66,0,1,411.59
HG08163,60,350000,2,0,1,Midwest,Graduate,2950,9,25,1,0,1589.43,1,0,0
HG08164,60,112700,1,0,0,South,Bachelor's,1550,6,18,0,0,923.93,1,0,0
HG08165,60,185600,1,0,1,West,Graduate,1450,5,9,2,0.5,821.87,0,1,43.44
HG08166,45,75900,2,0,1,Midwest,Some college/associate,1820,9,14,1,0,1052.88,1,1,61.69
HG08167,46,146100,2,0,0,South,Bachelor's,1400,10,21,1,0,1005.19,0,1,76.17
HG08168,42,134400,3,0,1,Midwest,Bachelor's,2240,8,20,6,0,958.05,0,0,0
HG08169,23,72500,3,0,0,South,High school or less,2490,7,11,1,0,1102.46,1,0,0
HG08170,47,84500,1,0,1,South,Some college/associate,1080,9,21,1,0,968.99,0,0,0
HG08171,55,54100,4,2,1,Midwest,High school or less,2450,0,0,46,0,1240.16,1,0,0
HG08172,53,104600,2,0,1,Northeast,Bachelor's,2040,8,34,10,0.181818182,1186.27,1,0,0
HG08173,39,97100,3,1,1,Northeast,Some college/associate,1940,3,9,6,0,853.19,0,0,0
HG08174,57,61900,1,0,0,South,High school or less,890,5,17,13,0,595.14,0,0,0
HG08175,51,55900,1,0,0,West,High school or less,790,10,45,6,0,980.06,0,1,87.01
HG08176,44,35400,1,0,1,South,High school or less,1100,7,26,2,0,1006.73,1,1,43.62
HG08177,44,65400,1,0,1,South,High school or less,990,6,18,8,0,661.01,0,0,0
HG08178,47,105900,3,1,1,West,Bachelor's,1490,6,14,2,0,1094.44,0,0,0
HG08179,49,192300,1,0,0,Midwest,Graduate,1470,5,17,5,0,1354.87,1,0,0
HG08180,55,207500,3,0,1,South,Bachelor's,2180,16,60,2,0,1223.04,0,0,0
HG08181,40,48500,2,1,1,West,High school or less,1810,8,19,3,0,754.47,0,0,0
HG08182,63,175700,2,0,1,Midwest,Bachelor's,1640,19,37,1,0,1264.62,1,1,320.64
HG08183,26,56000,2,1,0,West,High school or less,1240,4,12,7,0,1083.26,0,0,0
HG08184,46,68400,1,0,0,Northeast,Bachelor's,1750,5,21,2,0.1,870.95,1,0,0
HG08185,70,106900,1,0,1,Midwest,Some college/associate,2260,5,5,2,0,861.22,1,1,42.76
HG08186,64,63800,1,0,1,Midwest,High school or less,1540,12,61,0,0,951.71,0,0,0
HG08187,31,71900,2,0,1,Midwest,Bachelor's,1330,5,9,7,0,1101.65,0,0,0
HG08188,49,76900,5,3,1,Midwest,Some college/associate,2300,6,10,0,0,1065.16,1,1,182.88
HG08189,44,71200,2,1,1,West,Graduate,1560,0,0,104,0,941.61,0,0,0
HG08190,65,51300,1,0,0,West,Some college/associate,1390,6,16,2,0,1031.64,0,0,0
HG08191,47,,3,1,1,Midwest,Graduate,1780,9,16,2,0.285714286,1077.88,0,0,0
HG08192,31,75500,5,2,1,Midwest,Some college/associate,2200,8,26,7,0,1071.13,0,0,0
HG08193,55,80500,3,1,0,West,Some college/associate,1140,6,15,0,0,897.78,0,0,0
HG08194,74,81300,2,0,1,South,Bachelor's,1260,9,32,1,0.333333333,715.28,0,0,0
HG08195,63,67900,2,0,0,West,Bachelor's,1470,3,5,12,0,875.99,0,0,0
HG08196,44,142400,3,2,1,South,Bachelor's,2360,12,50,4,0,1005.59,0,0,0
HG08197,57,102400,4,0,1,South,Bachelor's,2060,19,61,0,0,665.64,1,0,0
HG08198,43,139300,4,2,1,West,Some college/associate,2760,7,12,5,0,1246.17,0,1,121
HG08199,42,47300,1,0,1,Midwest,High school or less,840,6,28,0,0,878.98,1,0,0
HG08200,55,69300,1,0,0,Midwest,Some college/associate,1080,4,20,7,0.3125,785.53,1,0,0
HG08201,35,59100,4,1,1,West,High school or less,1510,5,26,0,0,975.31,1,1,82.51
HG08202,35,25700,1,0,1,South,High school or less,1310,8,15,6,0.368421053,789.45,1,0,0
HG08203,51,96700,1,0,0,West,Some college/associate,1870,0,0,35,0,811.11,1,0,0
HG08204,30,63200,3,2,0,West,Some college/associate,1050,11,38,6,0,979.55,0,0,0
HG08205,66,137600,1,0,1,Northeast,Bachelor's,1690,7,25,2,0,1046.13,1,0,0
HG08206,34,59200,2,0,0,Midwest,High school or less,1590,6,27,0,0,670,0,0,0
HG08207,28,52200,6,1,1,Midwest,High school or less,2760,3,14,2,0,847.33,0,0,0
HG08208,21,137200,2,1,1,Midwest,Some college/associate,1820,7,13,1,0,862.39,0,0,0
HG08209,57,175100,1,0,1,Midwest,Graduate,2250,4,7,1,0,1240.25,1,0,0
HG08210,39,84700,4,0,0,South,High school or less,2030,3,11,17,0,817.83,1,1,112.52
HG08211,38,75700,1,0,1,West,Bachelor's,730,6,10,6,0,755.19,1,0,0
HG08212,34,129100,1,0,0,West,Some college/associate,1070,8,29,2,0,885.62,0,0,0
HG08213,46,,4,1,1,Midwest,Bachelor's,2760,11,33,0,0,1380.91,1,0,0
HG08214,69,60000,4,0,1,Northeast,Some college/associate,2750,0,0,75,0,1287.08,1,1,1226.85
HG08215,63,234500,3,1,1,West,Graduate,2850,6,18,12,0,1523.93,0,0,0
HG08216,18,97000,3,0,0,Northeast,Some college/associate,1510,12,32,0,0,1071.65,0,0,0
HG08217,48,42400,1,0,0,West,High school or less,1380,0,0,45,0,952.95,1,0,0
HG08218,56,350000,4,2,1,Northeast,Graduate,4030,5,16,1,0,2020.92,0,1,358.82
HG08219,25,48400,4,0,0,South,Some college/associate,1440,9,30,1,0,865.54,0,0,0
HG08220,35,55500,4,2,1,West,Some college/associate,1810,0,0,117,0,830,1,0,0
HG08221,58,80400,1,0,1,South,Bachelor's,1580,13,79,0,0.25,941.1,0,1,104.3
HG08222,67,94600,5,1,1,South,Bachelor's,3200,0,0,72,0,1522.58,0,0,0
HG08223,71,60000,2,0,1,South,Some college/associate,2430,5,21,0,0.45,1152.17,0,0,0
HG08224,45,66300,4,2,0,Midwest,Bachelor's,1940,7,17,5,0,1060.03,1,0,0
HG08225,43,49900,5,1,1,Midwest,High school or less,2600,0,0,101,0,991.96,0,0,0
HG08226,63,227600,2,1,0,South,Bachelor's,2330,4,10,11,0,1386.44,1,0,0
HG08227,50,157500,2,1,1,South,Bachelor's,1480,9,23,0,0,1190.1,1,0,0
HG08228,31,84400,5,0,0,West,Some college/associate,2060,11,26,1,0,1323.47,0,1,148.56
HG08229,41,33500,3,1,1,Midwest,High school or less,1470,0,0,106,0,1049.28,0,0,0
HG08230,59,65800,1,0,1,South,Some college/associate,1210,1,2,10,0,1311.65,1,0,0
HG08231,41,101200,6,4,1,West,Some college/associate,2800,9,29,1,0.363636364,1137.71,1,0,0
HG08232,43,80600,2,1,1,Midwest,Some college/associate,1030,14,39,4,0,1081.42,0,0,0
HG08233,44,91700,2,1,1,South,Some college/associate,1940,0,0,66,0,861.67,1,0,0
HG08234,52,90100,1,0,1,Northeast,Bachelor's,2440,0,0,82,0,1140.6,0,0,0
HG08235,60,180600,6,0,1,South,Some college/associate,3840,9,21,2,0,1595.46,1,1,234.6
HG08236,28,45600,2,0,0,South,High school or less,1350,7,19,4,0,619.08,1,0,0
HG08237,51,117200,2,1,1,Northeast,Graduate,1540,6,23,2,0.4,1048.21,0,1,72.57
HG08238,52,84800,2,0,0,South,Some college/associate,1380,7,28,0,0,1324.23,1,1,114.91
HG08239,51,45000,3,1,1,Northeast,High school or less,1840,6,19,0,0,1102.71,1,1,75.78
HG08240,57,65200,4,1,1,Northeast,Graduate,2700,6,10,5,0,1128.17,1,1,39.59
HG08241,63,87800,6,1,1,South,Some college/associate,1900,6,19,3,0,1656.09,0,1,250.22
HG08242,44,67500,2,1,1,Northeast,Some college/associate,1890,5,26,6,0,827.78,0,0,0
HG08243,23,49700,2,0,0,South,High school or less,1420,0,0,73,0,634.73,1,0,0
HG08244,23,172300,4,3,1,South,Bachelor's,2220,8,13,4,0,1375.12,0,0,0
HG08245,42,23500,3,1,1,Midwest,Some college/associate,1060,17,29,1,0,954.72,0,0,0
HG08246,52,72300,3,1,1,Midwest,Bachelor's,1550,13,50,0,0,1043.43,0,0,0
HG08247,49,73700,1,0,1,South,Some college/associate,1380,0,0,78,0,885.93,1,0,0
HG08248,46,92800,3,1,1,South,Bachelor's,1750,14,36,4,0,1128.67,0,0,0
HG08249,47,62000,1,0,1,South,High school or less,1400,0,0,45,0,854.51,1,0,0
HG08250,38,121800,4,2,0,Midwest,High school or less,2460,10,34,1,0,1169.44,1,1,136.13
HG08251,52,99700,2,1,0,South,High school or less,1750,10,26,6,0,965.19,1,0,0
HG08252,45,62900,3,1,1,Midwest,Graduate,1840,0,0,64,0,629.17,1,0,0
HG08253,34,,2,1,1,West,High school or less,770,13,45,0,0,1031.66,1,1,178.2
HG08254,35,118700,5,2,0,Midwest,Some college/associate,2290,10,24,0,0,1150.55,0,1,184.19
HG08255,56,57300,1,0,0,Northeast,High school or less,1140,7,35,2,0,922.42,1,0,0
HG08256,41,53800,2,0,0,Northeast,Some college/associate,1050,3,13,0,0,941.42,1,1,89.82
HG08257,27,110500,2,0,0,Northeast,Graduate,1370,2,5,4,0,850.64,0,0,0
HG08258,53,79000,2,0,1,South,Some college/associate,1860,2,11,0,0,886.21,1,1,386.62
HG08259,51,112300,6,2,1,South,Bachelor's,2520,14,58,2,0,1185.28,0,0,0
HG08260,23,75300,3,0,0,Midwest,High school or less,1450,12,27,2,0,811.46,0,0,0
HG08261,36,159300,1,0,1,South,Some college/associate,1980,7,13,12,0,1250.19,0,0,0
HG08262,27,38200,1,0,0,Northeast,High school or less,1280,6,22,0,0.461538462,625.12,0,1,103.18
HG08263,42,84800,4,2,1,West,Bachelor's,1930,7,21,4,0,1108.89,1,1,133.54
HG08264,37,118500,2,0,1,Midwest,Bachelor's,2370,6,15,13,0,929.92,0,0,0
HG08265,57,85400,1,0,1,South,Bachelor's,1530,1,1,4,0,878.73,0,0,0
HG08266,39,49100,4,1,0,Midwest,Some college/associate,1730,0,0,55,0,959.22,0,0,0
HG08267,27,107600,2,1,0,Northeast,Some college/associate,1130,10,36,1,0,744.72,1,1,44.77
HG08268,29,53600,2,0,0,Midwest,High school or less,1280,12,40,5,0,622.74,1,0,0
HG08269,54,60300,1,0,0,South,High school or less,1210,5,32,0,0,722.33,1,0,0
HG08270,27,58300,3,2,0,South,Graduate,960,11,27,1,0,911.35,0,0,0
HG08271,43,127000,4,0,1,South,Some college/associate,2240,9,19,2,0,872.77,1,0,0
HG08272,25,32300,1,0,1,Northeast,High school or less,1290,4,9,15,0,772.22,0,0,0
HG08273,39,55900,3,1,1,South,Graduate,2200,14,35,0,0,985.66,0,0,0
HG08274,43,255300,1,0,1,Northeast,Graduate,1610,4,13,13,0,1336.97,0,0,0
HG08275,31,48100,2,0,0,Midwest,High school or less,1090,4,12,0,0,999.76,1,0,0
HG08276,25,83600,2,0,0,Midwest,Some college/associate,1010,6,24,0,0,593.36,1,0,0
HG08277,50,106900,1,0,1,West,Graduate,1370,5,29,3,0,802.52,1,0,0
HG08278,40,124500,2,0,0,South,Bachelor's,1710,10,19,0,0,813.13,1,0,0
HG08279,67,97700,2,0,1,South,Bachelor's,1130,29,90,0,0,707.92,0,0,0
HG08280,73,68500,1,0,1,South,Some college/associate,1740,0,0,64,0,909.93,1,0,0
HG08281,43,74900,4,2,0,Northeast,Graduate,2090,0,0,69,0,1091.92,0,0,0
HG08282,33,112700,1,0,1,South,Bachelor's,1300,3,12,4,0,1105.44,1,0,0
HG08283,36,22200,5,1,1,South,High school or less,2450,11,30,4,0.391304348,847.22,0,1,45.45
HG08284,40,30900,2,1,0,South,Bachelor's,1500,0,0,94,0,646.47,1,0,0
HG08285,51,68500,2,1,0,Midwest,Some college/associate,1130,9,27,2,0,922.98,0,0,0
HG08286,50,122200,1,0,1,Northeast,Graduate,1060,14,25,2,0,920.4,0,0,0
HG08287,45,62400,2,1,0,South,Some college/associate,1850,0,0,89,0,769.22,0,0,0
HG08288,33,,2,0,1,Northeast,Some college/associate,1380,5,14,0,0,848.63,1,0,0
HG08289,65,111600,2,0,1,South,Bachelor's,1990,0,0,82,0,1185.5,0,0,0
HG08290,49,76500,5,1,1,West,Some college/associate,2140,10,30,0,0.3125,1252.81,1,1,188.6
HG08291,39,73300,1,0,1,South,High school or less,1750,10,37,2,0,641.79,1,0,0
HG08292,52,29600,2,1,1,South,High school or less,1510,0,0,75,0,755.86,0,0,0
HG08293,43,264100,2,1,1,South,Graduate,2780,11,26,2,0,1860.62,1,0,0
HG08294,26,100700,3,2,1,West,Some college/associate,2190,4,14,6,0,1223.19,1,1,187.29
HG08295,24,102700,4,0,1,South,Bachelor's,1650,10,23,6,0,1049.31,0,0,0
HG08296,46,47200,2,0,1,South,High school or less,2030,5,14,2,0,943.83,0,0,0
HG08297,36,29700,2,0,1,South,High school or less,1510,0,0,81,0,716.62,1,0,0
HG08298,62,77800,2,1,0,West,High school or less,1100,6,21,1,0,971.46,1,1,266.6
HG08299,63,63700,2,0,1,South,Some college/associate,1730,6,12,3,0,1067.89,1,0,0
HG08300,54,229500,3,1,1,South,Graduate,2640,10,18,6,0,1579.92,0,1,188.17
HG08301,47,59900,4,0,0,West,High school or less,1730,6,11,1,0,982.72,0,0,0
HG08302,49,177600,2,0,1,Midwest,Bachelor's,2590,1,7,5,0,1027.73,0,0,0
HG08303,23,54300,2,0,0,Northeast,High school or less,1260,5,10,5,0,872.17,1,0,0
HG08304,44,50900,1,0,0,Northeast,High school or less,2200,5,17,13,0.565217391,705.11,0,0,0
HG08305,57,51700,2,0,0,South,Some college/associate,1290,11,41,3,0,1162.07,0,0,0
HG08306,23,74800,6,1,1,South,Some college/associate,2210,6,23,0,0,984.93,1,1,231.84
HG08307,52,59700,1,0,0,Midwest,Some college/associate,1020,7,27,2,0.058823529,656.03,0,0,0
HG08308,77,55100,1,0,1,South,Some college/associate,1430,6,22,2,0,1061.06,0,0,0
HG08309,58,172000,4,1,1,South,Graduate,2270,13,40,1,0,1299.39,0,1,139.5
HG08310,40,109000,1,0,1,West,Bachelor's,1710,8,23,2,0,731.34,0,0,0
HG08311,38,48900,4,1,0,South,High school or less,3780,0,0,68,0,803.33,1,1,40.64
HG08312,53,49200,4,2,1,Midwest,High school or less,1990,0,0,141,0,1072.4,0,1,112.61
HG08313,43,51300,5,2,1,South,High school or less,2480,5,17,9,0,933.45,1,0,0
HG08314,34,134000,3,0,0,South,Bachelor's,1350,10,31,0,0,1130.74,1,0,0
HG08315,35,350000,2,0,0,South,Graduate,1550,7,25,1,0,1471.17,0,0,0
HG08316,52,115100,4,1,1,Midwest,Some college/associate,2200,7,16,3,0,1273.8,1,0,0
HG08317,43,47000,2,1,1,Midwest,High school or less,1360,0,0,55,0,738.22,0,0,0
HG08318,28,21500,1,0,0,South,Some college/associate,1010,0,0,71,0,736.47,0,0,0
HG08319,50,61000,1,0,0,Midwest,High school or less,1270,5,12,6,0,959.85,0,1,103.55
HG08320,70,157800,1,0,1,Northeast,Graduate,1610,3,13,4,0.333333333,1484.94,0,0,0
HG08321,42,15900,2,0,0,Midwest,High school or less,1700,1,2,9,0,632.3,1,0,0
HG08322,52,56700,5,2,0,South,High school or less,2370,0,0,83,0,1198,0,0,0
HG08323,45,60100,2,0,1,West,High school or less,1140,0,0,45,0,779.33,0,0,0
HG08324,75,191400,3,0,0,Midwest,Graduate,1810,5,26,12,0,902.15,0,0,0
HG08325,49,116300,3,1,0,Midwest,Some college/associate,1570,23,74,0,0,959.65,0,0,0
HG08326,49,350000,5,0,1,Midwest,Graduate,2710,28,80,1,0,1512.6,0,0,0
HG08327,53,267700,4,0,1,West,Some college/associate,3000,21,41,2,0,1486.99,1,0,0
HG08328,56,164600,3,2,1,Midwest,Bachelor's,2160,6,22,1,0,1228.35,1,0,0
HG08329,36,95700,1,0,1,West,Graduate,1820,5,16,0,0,782.27,0,0,0
HG08330,54,93400,3,0,1,South,Bachelor's,1700,10,27,0,0,1064.66,1,0,0
HG08331,37,32600,2,0,1,Northeast,High school or less,1220,7,17,4,0,617.38,1,0,0
HG08332,53,,1,0,0,Midwest,High school or less,1690,4,9,4,0.357142857,841.02,1,0,0
HG08333,45,,1,0,0,South,Bachelor's,1020,6,11,0,0,1193.67,1,1,80.17
HG08334,53,75400,2,0,1,Midwest,Bachelor's,1370,0,0,221,0,947.12,0,0,0
HG08335,45,152400,5,2,1,Midwest,Bachelor's,1820,13,44,1,0,1278.88,0,0,0
HG08336,54,67200,1,0,1,South,Bachelor's,920,6,23,0,0,763.89,1,0,0
HG08337,30,68800,2,0,0,Northeast,Some college/associate,1300,13,29,2,0,1019.85,1,1,141.62
HG08338,52,115300,2,1,1,Northeast,High school or less,1330,9,17,3,0,1259.94,1,1,766.39
HG08339,27,45900,1,0,1,Midwest,High school or less,1520,7,10,5,0,648.25,0,0,0
HG08340,43,78000,1,0,0,South,Graduate,1110,6,26,6,0,931.38,1,0,0
HG08341,55,62600,1,0,1,South,Bachelor's,960,9,29,4,0,778.96,0,0,0
HG08342,48,52800,1,0,0,South,High school or less,,5,11,0,0,621.49,1,0,0
HG08343,39,174800,5,1,0,Northeast,Bachelor's,2370,5,18,2,0,1281.15,0,0,0
HG08344,40,24300,2,1,0,South,High school or less,730,4,8,19,0,744.51,0,0,0
HG08345,42,175400,3,1,1,South,Graduate,3680,0,0,62,0,978.51,0,0,0
HG08346,52,26300,2,0,0,West,High school or less,1090,0,0,62,0,685.57,0,0,0
HG08347,21,105700,5,2,0,West,Bachelor's,2380,13,38,0,0,1138.65,1,0,0
HG08348,71,144700,2,0,1,Northeast,Bachelor's,2200,7,16,1,0.333333333,1300.26,1,1,75.52
HG08349,59,58500,1,0,0,Northeast,Some college/associate,1410,5,17,10,0,779.97,0,0,0
HG08350,34,71500,1,0,1,South,High school or less,630,15,43,1,0,879.64,0,0,0
HG08351,43,63600,2,0,1,Midwest,Graduate,1170,10,27,1,0,791.04,0,0,0
HG08352,62,56900,1,0,1,South,High school or less,1820,6,21,4,0,904.92,0,0,0
HG08353,29,59800,1,0,0,West,Some college/associate,1520,4,4,0,0,801.03,0,0,0
HG08354,47,110900,4,3,1,South,Graduate,1420,14,45,1,0,1337.44,1,1,58.53
HG08355,69,83100,1,0,1,Northeast,Bachelor's,1900,0,0,52,0,1085.11,0,0,0
HG08356,58,293500,1,0,1,West,Graduate,1560,8,19,3,0,1493.9,0,0,0
HG08357,53,288500,3,1,1,West,Graduate,2310,8,13,4,0,1496.15,1,0,0
HG08358,32,82400,4,2,1,Midwest,High school or less,1440,7,21,0,0,985.86,1,0,0
HG08359,41,38600,3,1,1,Northeast,High school or less,3050,0,0,70,0,867.9,0,0,0
HG08360,58,98800,2,0,1,South,High school or less,2490,0,0,206,0,1160.07,1,0,0
HG08361,51,55300,4,0,1,West,High school or less,1920,8,29,1,0,1209.79,1,1,61.39
HG08362,29,35000,4,1,0,South,High school or less,2860,0,0,77,0,1029,1,1,68.29
HG08363,61,66700,1,0,1,Northeast,Some college/associate,1320,4,13,0,0,912.22,1,0,0
HG08364,61,162100,3,0,1,Northeast,Graduate,1830,7,21,11,0,1247.24,0,0,0
HG08365,47,121200,2,1,1,South,Some college/associate,1330,17,36,1,0,1029.61,0,0,0
HG08366,39,42700,4,3,1,South,High school or less,2420,0,0,56,0,1020.61,1,0,0
HG08367,34,58200,3,0,0,Midwest,Graduate,1790,0,0,59,0,983.97,0,0,0
HG08368,50,139900,2,1,0,West,Bachelor's,1050,7,29,4,0,973.86,1,0,0
HG08369,27,57300,2,0,1,Northeast,Some college/associate,950,11,36,1,0,890.35,0,0,0
HG08370,65,106000,2,1,1,South,Some college/associate,1660,6,14,1,0,870.94,1,0,0
HG08371,60,65200,1,0,1,Midwest,Some college/associate,1660,5,9,5,0,1039.2,0,0,0
HG08372,30,94300,1,0,1,South,Bachelor's,1350,5,10,1,0,1007.1,1,0,0
HG08373,30,82400,3,0,1,South,Some college/associate,2780,0,0,95,0,1242.43,0,0,0
HG08374,51,88300,2,1,0,Northeast,Bachelor's,850,18,47,0,0,991.08,0,0,0
HG08375,48,35300,3,1,1,South,High school or less,1670,15,41,6,0,698.04,1,0,0
HG08376,59,181300,1,0,1,Midwest,Graduate,1450,9,29,1,0,1045.89,0,0,0
HG08377,47,126300,1,0,1,West,Bachelor's,1570,8,13,3,0,1022.76,1,1,98.73
HG08378,60,67200,2,0,1,Midwest,Graduate,1730,10,24,1,0,1236.25,0,0,0
HG08379,30,125300,6,1,1,West,Graduate,4410,0,0,50,0,1402.35,1,0,0
HG08380,60,82100,5,1,1,South,Some college/associate,2300,0,0,57,0,1054.17,0,0,0
HG08381,46,142200,1,0,0,West,Graduate,1240,5,14,8,0,746.6,0,0,0
HG08382,59,116600,2,0,1,South,Bachelor's,1930,0,0,56,0,990.59,0,0,0
HG08383,44,133600,4,1,1,Northeast,Bachelor's,2080,8,23,0,0,1234.54,1,1,59.44
HG08384,22,54800,5,1,0,Midwest,High school or less,1560,0,0,102,0,450.4,1,0,0
HG08385,53,123400,2,0,0,West,Bachelor's,1420,13,32,2,0,989.42,0,0,0
HG08386,38,65400,2,1,1,West,High school or less,1360,7,24,2,0,1042.46,1,1,85.29
HG08387,29,52000,1,0,0,South,Some college/associate,1340,0,0,46,0,651.13,0,0,0
HG08388,43,67800,4,2,1,South,Some college/associate,2450,0,0,75,0,849.18,0,0,0
HG08389,68,59100,1,0,1,West,High school or less,1510,5,21,5,0,1041.21,1,0,0
HG08390,73,117200,3,0,0,South,Graduate,,3,7,10,0,1089.07,0,0,0
HG08391,32,102800,2,0,1,West,Graduate,1200,8,16,0,0,972.73,0,1,229.69
HG08392,50,118000,3,0,0,Northeast,Graduate,1870,0,0,86,0,970.69,0,0,0
HG08393,32,32100,2,0,1,South,High school or less,1780,0,0,81,0,730.41,0,0,0
HG08394,45,35500,2,1,0,Northeast,High school or less,1820,0,0,56,0,808.48,0,0,0
HG08395,40,25600,2,1,1,South,Some college/associate,1670,0,0,48,0,778,1,0,0
HG08396,64,78300,1,0,1,Northeast,Some college/associate,1510,9,33,2,0.19047619,1134.89,0,0,0
HG08397,58,96500,2,0,0,West,Bachelor's,1580,6,25,5,0,780.48,1,0,0
HG08398,48,86800,2,1,1,Midwest,High school or less,1260,3,12,7,0.384615385,850.64,0,0,0
HG08399,47,105700,4,0,1,Midwest,Some college/associate,2490,7,12,5,0,1136.36,1,0,0
HG08400,37,97300,5,2,1,Midwest,Bachelor's,2790,0,0,75,0,1178.67,0,0,0
HG08401,63,130700,1,0,1,West,Bachelor's,1190,10,27,2,0,1013.03,0,0,0
HG08402,22,79300,2,1,0,Midwest,Some college/associate,1040,8,38,2,0,1149.41,1,0,0
HG08403,58,91000,2,0,0,Northeast,Graduate,1580,0,0,49,0,713.37,1,0,0
HG08404,50,152400,6,2,1,South,Graduate,3760,4,16,4,0,1289.25,1,0,0
HG08405,58,96400,2,0,1,West,Bachelor's,1340,9,23,0,0,798.89,1,0,0
HG08406,28,70900,2,1,1,Midwest,Some college/associate,1490,8,24,1,0,727.03,0,0,0
HG08407,36,39700,2,0,0,Northeast,High school or less,1280,4,10,3,0,757.01,1,0,0
HG08408,35,50200,3,1,0,West,High school or less,1030,12,20,1,0,609.46,1,0,0
HG08409,37,59800,1,0,0,South,High school or less,870,9,28,0,0,431.75,1,0,0
HG08410,34,54300,3,2,0,South,Bachelor's,1210,10,27,0,0,725.84,0,0,0
HG08411,67,76300,2,0,0,Northeast,Some college/associate,1370,2,11,10,0.444444444,853.72,0,0,0
HG08412,19,47800,3,0,0,West,High school or less,1870,0,0,72,0,727.61,1,0,0
HG08413,32,38400,2,0,0,West,Some college/associate,1490,0,0,64,0,784.27,1,0,0
HG08414,42,101600,1,0,1,South,Bachelor's,2010,7,15,0,0,1130.17,1,0,0
HG08415,39,62700,1,0,1,Midwest,High school or less,1120,5,23,5,0,778.13,1,0,0
HG08416,22,94200,2,1,0,West,Some college/associate,1320,6,13,10,0,961.52,1,0,0
HG08417,35,181700,4,0,0,West,Bachelor's,1450,8,19,1,0,1107.4,1,1,75.27
HG08418,40,124700,3,2,1,West,Bachelor's,1790,4,11,0,0,1190.46,1,0,0
HG08419,51,94700,2,1,1,South,Bachelor's,1800,0,0,96,0,1061.17,0,1,53.71
HG08420,18,35300,3,0,1,South,High school or less,2210,0,0,64,0,1200.95,0,0,0
HG08421,73,68800,5,0,1,Midwest,High school or less,2850,13,76,0,0.266666667,1171.79,0,0,0
HG08422,75,135300,1,0,1,Midwest,Bachelor's,1550,2,7,2,0.235294118,1162.28,0,1,51.79
HG08423,49,39300,2,0,1,South,High school or less,820,7,12,8,0,1036.61,0,0,0
HG08424,50,103300,4,2,0,South,Bachelor's,2490,7,20,1,0,1112.73,1,0,0
HG08425,39,139900,1,0,1,South,Some college/associate,1920,12,37,0,0,1085.82,1,1,161.92
HG08426,53,137700,3,0,1,South,Bachelor's,1590,9,24,9,0,1124.14,0,0,0
HG08427,34,37000,2,0,0,South,Some college/associate,1470,0,0,50,0,700.87,1,1,38.76
HG08428,69,103000,3,0,0,South,Bachelor's,1210,13,35,2,0,941.28,0,0,0
HG08429,27,19300,6,2,0,West,High school or less,2430,0,0,63,0,679.98,0,0,0
HG08430,47,58000,4,3,0,Midwest,High school or less,1690,0,0,37,0,1084.3,1,0,0
HG08431,25,74800,1,0,0,South,Some college/associate,1160,13,26,1,0,798.66,1,1,141.35
HG08432,35,143100,2,0,0,West,Bachelor's,1480,10,22,5,0,1084.82,1,0,0
HG08433,49,78900,2,0,1,West,Bachelor's,1410,12,42,1,0,784.11,0,0,0
HG08434,64,36700,4,1,1,West,Some college/associate,2980,0,0,58,0,1010.69,1,1,99.18
HG08435,45,168600,4,1,1,Midwest,Some college/associate,2860,7,20,5,0,1132.11,0,0,0
HG08436,48,100100,1,0,1,South,Bachelor's,2370,0,0,74,0,835.32,0,0,0
HG08437,50,158200,3,1,1,South,Bachelor's,2970,8,20,10,0,1311.86,0,0,0
HG08438,41,36500,4,1,0,South,High school or less,1610,11,29,6,0,974.39,0,1,119.19
HG08439,25,29800,5,0,1,Northeast,High school or less,2750,0,0,57,0,1014.74,1,0,0
HG08440,63,99100,1,0,0,South,Graduate,1320,5,14,2,0,882.74,1,0,0
HG08441,27,52900,2,0,0,Midwest,High school or less,1870,0,0,46,0,936.1,1,0,0
HG08442,44,102900,3,1,1,Northeast,Graduate,2940,0,0,45,0,1334.78,1,0,0
HG08443,45,36100,4,1,1,Northeast,High school or less,2270,0,0,52,0,1154.33,1,0,0
HG08444,48,40100,4,1,1,South,High school or less,3460,0,0,80,0,1000.49,1,1,60.99
HG08445,37,159700,2,1,0,Northeast,Bachelor's,1470,7,22,5,0,978.17,0,0,0
HG08446,40,76300,4,1,1,West,Some college/associate,1940,18,50,3,0,982.31,1,1,146.89
HG08447,39,70800,2,1,0,Northeast,Some college/associate,1200,22,39,2,0,1012.07,1,0,0
HG08448,51,80000,4,2,1,South,Graduate,,0,0,70,0,1048.83,0,0,0
HG08449,38,55400,3,0,0,South,High school or less,1870,0,0,63,0,800.57,1,0,0
HG08450,49,34700,2,1,1,West,Some college/associate,1200,0,0,54,0,1168.61,1,0,0
HG08451,27,39900,3,2,1,Midwest,High school or less,2740,0,0,52,0,751.67,0,0,0
HG08452,50,47600,1,0,0,Northeast,High school or less,820,14,45,2,0.421052632,771.43,1,1,33.07
HG08453,48,66300,1,0,0,West,High school or less,980,3,11,2,0,766.93,1,0,0
HG08454,58,85900,1,0,1,West,High school or less,2030,4,8,3,0,1217.02,1,1,210.09
HG08455,28,84100,3,1,0,West,Bachelor's,2060,0,0,53,0,1217,1,0,0
HG08456,59,65300,2,0,1,Northeast,High school or less,1560,7,25,6,0,857.75,1,0,0
HG08457,63,83200,3,0,1,West,High school or less,2100,0,0,46,0,866.09,1,0,0
HG08458,43,85700,2,0,1,West,Some college/associate,1860,5,19,2,0,1149.05,1,1,108.79
HG08459,66,73900,4,0,1,Midwest,Some college/associate,1930,0,0,46,0,813.61,1,1,72.21
HG08460,48,49200,5,1,1,South,Some college/associate,3860,0,0,41,0,973.62,1,0,0
HG08461,38,108000,1,0,0,Northeast,Graduate,1270,13,28,0,0.375,1030.79,1,1,208.75
HG08462,47,103000,4,0,1,South,Bachelor's,3970,0,0,73,0,1158.13,0,1,430.21
HG08463,31,226800,4,1,0,Midwest,Bachelor's,3090,11,34,1,0,1350.04,1,0,0
HG08464,26,72700,1,0,1,South,High school or less,1270,3,9,0,0,944.6,1,0,0
HG08465,34,60900,3,2,0,West,Bachelor's,1670,0,0,65,0,680.37,0,0,0
HG08466,55,53700,4,0,1,Midwest,Some college/associate,2230,0,0,75,0,849.44,0,0,0
HG08467,49,206200,3,0,1,South,Graduate,2300,6,23,9,0,1306.67,0,0,0
HG08468,42,95200,1,0,1,South,Bachelor's,1360,4,10,9,0,750.26,0,0,0
HG08469,48,35800,3,1,0,South,Some college/associate,1520,0,0,76,0,806.54,1,0,0
HG08470,37,46800,3,1,1,Midwest,Some college/associate,2200,10,24,4,0,1082.26,0,0,0
HG08471,37,149300,3,2,1,Midwest,Some college/associate,2170,5,9,1,0,935.19,0,0,0
HG08472,58,138300,2,1,1,South,Bachelor's,2740,3,9,8,0,1181.59,0,0,0
HG08473,28,88100,4,2,0,South,Some college/associate,1940,13,36,0,0,1092.73,0,1,58.7
HG08474,20,73800,4,1,1,Northeast,High school or less,2360,5,11,5,0,996.98,1,0,0
HG08475,63,119000,3,0,1,Midwest,Bachelor's,1670,9,31,1,0,897.34,1,0,0
HG08476,53,29400,3,1,1,West,High school or less,1860,0,0,84,0,836.19,0,0,0
HG08477,67,62200,1,0,1,Midwest,Some college/associate,1550,5,14,2,0.153846154,794.14,1,0,0
HG08478,40,120600,4,0,1,South,Some college/associate,2320,8,44,12,0,961.82,0,1,76.11
HG08479,42,210100,1,0,0,South,Graduate,1370,3,9,4,0,1196.17,1,1,328.47
HG08480,44,,4,1,0,West,Bachelor's,2130,13,59,2,0,1259.94,0,0,0
HG08481,40,104300,3,1,0,South,Bachelor's,,18,55,1,0,664.8,0,0,0
HG08482,65,156700,1,0,1,Northeast,Graduate,2060,0,0,51,0,1503.4,1,0,0
HG08483,53,120900,1,0,1,Midwest,Bachelor's,1560,6,15,2,0,1030.89,1,0,0
HG08484,60,67600,1,0,1,South,Some college/associate,1730,8,20,0,0,998.04,0,0,0
HG08485,45,107400,4,3,0,Midwest,Bachelor's,2000,14,29,0,0,1015.97,1,0,0
HG08486,34,31600,2,0,1,Northeast,High school or less,1610,0,0,80,0,706.7,1,0,0
HG08487,39,41700,4,1,0,South,High school or less,2100,0,0,78,0,1058.85,1,0,0
HG08488,56,50500,1,0,0,Midwest,High school or less,,3,8,1,0,632.47,1,0,0
HG08489,55,94900,1,0,1,South,Some college/associate,1580,7,23,4,0,1014.17,0,0,0
HG08490,59,174200,6,0,1,South,Bachelor's,3470,9,25,2,0,1430.35,1,1,411.63
HG08491,45,32700,2,1,0,Northeast,High school or less,1200,0,0,68,0,855.27,1,0,0
HG08492,45,56300,2,1,1,West,High school or less,1630,0,0,51,0,790.48,1,0,0
HG08493,32,52700,4,1,1,West,High school or less,2210,0,0,68,0,1141.66,1,1,43.87
HG08494,56,120800,4,1,1,South,High school or less,4100,0,0,82,0,1347.31,0,0,0
HG08495,41,64100,1,0,0,South,High school or less,850,9,30,3,0,712.06,1,0,0
HG08496,31,35900,4,0,1,South,High school or less,3040,0,0,79,0,1173.52,0,0,0
HG08497,27,39900,5,1,0,South,High school or less,,0,0,54,0,824.29,1,0,0
HG08498,45,167500,1,0,1,South,Graduate,2500,4,13,4,0,1178.29,1,0,0
HG08499,33,40600,3,1,1,South,Some college/associate,2070,9,31,4,0,713.01,1,0,0
HG08500,61,67100,2,0,1,Northeast,Bachelor's,1380,5,9,1,0.555555556,1035.16,0,0,0
HG08501,57,159500,2,1,1,West,Graduate,,12,41,6,0.363636364,1421.1,1,1,115.45
HG08502,32,131300,2,1,0,South,Bachelor's,1440,10,29,0,0,1021.35,1,0,0
HG08503,27,78500,4,0,1,South,Some college/associate,2340,6,11,0,0,1007.84,1,0,0
HG08504,55,56300,3,1,1,West,Some college/associate,2230,0,0,51,0,1116.64,0,0,0
HG08505,54,,1,0,1,Northeast,High school or less,1150,1,4,10,0.416666667,743.75,0,0,0
HG08506,51,290300,2,0,1,West,Graduate,1590,8,32,0,0,1526.22,1,1,81
HG08507,67,78300,1,0,1,Midwest,Some college/associate,1880,10,43,2,0,828.02,0,1,30.45
HG08508,62,84800,2,1,0,West,Some college/associate,,8,23,1,0.272727273,1176.26,0,0,0
HG08509,60,128800,2,0,0,Northeast,Bachelor's,1970,5,27,9,0.304347826,881.13,0,0,0
HG08510,45,24500,3,0,0,West,High school or less,1440,0,0,41,0,814.68,1,0,0
HG08511,53,56200,3,0,1,South,Some college/associate,1010,16,50,2,0,1020.45,1,0,0
HG08512,55,78800,2,0,1,Northeast,Some college/associate,1520,0,0,73,0,964.63,1,0,0
HG08513,48,,1,0,0,Northeast,High school or less,,0,0,54,0,982.11,1,1,66.15
HG08514,58,114600,1,0,1,West,Bachelor's,1050,9,46,3,0,1140.65,1,1,114.74
HG08515,45,240600,2,0,1,Midwest,Graduate,1750,13,44,4,0,1441.57,0,1,1184.54
HG08516,44,50500,1,0,1,West,High school or less,700,10,33,2,0,763.84,0,0,0
HG08517,40,177200,3,0,1,Northeast,Bachelor's,2200,14,42,1,0,1287.71,0,0,0
HG08518,33,88700,2,0,0,West,Bachelor's,2510,0,0,59,0,873.82,0,0,0
HG08519,37,35000,4,3,0,West,High school or less,1390,0,0,57,0,978.28,1,0,0
HG08520,38,27700,2,0,1,South,High school or less,1070,6,19,2,0,866.2,0,1,85.54
HG08521,56,176800,4,0,1,Midwest,Bachelor's,3060,11,32,1,0,1187.87,0,1,51.33
HG08522,44,69300,1,0,1,South,Some college/associate,1500,4,20,13,0,1012.78,0,0,0
HG08523,33,165900,1,0,0,Midwest,Some college/associate,2240,6,22,3,0,1091.56,0,0,0
HG08524,50,68700,1,0,0,South,Some college/associate,1170,12,34,5,0,756.97,0,0,0
HG08525,37,42700,3,1,0,West,High school or less,2070,0,0,103,0,929.72,1,0,0
HG08526,60,54500,1,0,0,West,High school or less,1430,6,18,5,0,963.89,0,0,0
HG08527,55,47200,1,0,1,West,Bachelor's,1170,5,11,1,0,1159.17,1,1,83.03
HG08528,18,25800,2,1,1,Midwest,High school or less,1040,0,0,65,0,815.35,0,0,0
HG08529,32,114900,2,1,1,South,Some college/associate,1180,7,16,0,0,954.55,1,0,0
HG08530,39,86200,1,0,0,South,Bachelor's,1040,8,16,4,0,900.95,1,1,77.65
HG08531,38,19000,6,2,1,South,High school or less,2790,12,38,1,0,1134.56,0,0,0
HG08532,58,45400,6,1,1,Northeast,Some college/associate,,5,17,4,0.285714286,1120.21,0,0,0
HG08533,57,56500,2,0,1,South,High school or less,1970,0,0,51,0,790.05,1,0,0
HG08534,50,122500,1,0,1,Midwest,Some college/associate,1180,6,14,2,0,1044.98,1,0,0
HG08535,79,65600,2,0,1,West,Some college/associate,1560,9,31,1,0.333333333,959.41,0,0,0
HG08536,32,40100,4,0,0,South,Some college/associate,2220,0,0,48,0,991.21,0,0,0
HG08537,76,90900,5,0,1,Midwest,Some college/associate,2810,20,66,0,0,1220.51,1,1,98.29
HG08538,38,46400,4,1,0,West,High school or less,,0,0,73,0,981.58,0,0,0
HG08539,54,232400,3,1,1,Midwest,Graduate,2310,8,31,1,0,1578.52,0,0,0
HG08540,44,211200,3,2,1,West,Bachelor's,1780,7,35,5,0,1559.47,1,1,282.4
HG08541,37,58600,2,1,1,West,High school or less,1740,9,27,0,0,1022.44,1,0,0
HG08542,29,27300,6,2,1,South,High school or less,2320,0,0,58,0,1144.67,1,0,0
HG08543,35,,2,0,1,Northeast,Some college/associate,3760,4,9,14,0.291666667,1219.65,1,0,0
HG08544,46,59300,3,0,0,Midwest,Some college/associate,1410,5,18,11,0.391304348,532.48,0,0,0
HG08545,41,117100,3,2,1,Midwest,High school or less,1580,10,29,3,0,1143.09,0,0,0
HG08546,35,32900,2,1,0,South,High school or less,,0,0,57,0,703.33,1,0,0
HG08547,24,106500,2,0,1,Midwest,Some college/associate,1410,10,33,0,0,934.76,1,0,0
HG08548,25,68900,4,0,0,Midwest,Some college/associate,2260,7,17,0,0,697.19,0,0,0
HG08549,39,125800,1,0,1,West,Graduate,1310,8,21,1,0,951.67,0,0,0
HG08550,37,86000,1,0,1,Northeast,Bachelor's,940,16,31,0,0,851.26,0,0,0
HG08551,69,80800,2,0,1,Midwest,Graduate,1740,4,13,0,0,1231.93,1,0,0
HG08552,44,34200,1,0,1,West,Some college/associate,840,4,21,9,0,686.94,0,0,0
HG08553,23,60000,2,0,1,West,High school or less,880,9,32,14,0,837.16,0,0,0
HG08554,50,133800,1,0,0,West,Graduate,910,6,18,7,0,1098.52,0,0,0
HG08555,34,60700,4,1,0,South,Some college/associate,880,6,25,0,0,902.82,0,0,0
HG08556,42,117000,2,0,1,Northeast,Bachelor's,2280,8,16,0,0,860.56,1,1,120.14
HG08557,47,75800,1,0,0,South,Some college/associate,1290,4,11,2,0.222222222,721.69,1,0,0
HG08558,59,128800,1,0,1,Northeast,Graduate,1500,6,15,16,0.210526316,1136.93,0,0,0
HG08559,42,70800,2,0,0,Midwest,Some college/associate,1120,17,38,1,0,747.69,1,1,57.66
HG08560,47,59100,4,2,1,Northeast,High school or less,2040,9,23,1,0.272727273,853.09,1,1,39.15
HG08561,63,71600,2,0,0,South,Some college/associate,1460,9,48,8,0,862.92,1,1,416.93
HG08562,34,70300,2,0,1,South,Some college/associate,1420,12,35,0,0,816.94,0,0,0
HG08563,49,85700,3,1,0,South,Some college/associate,1710,4,15,4,0,1108.95,0,0,0
HG08564,52,80900,3,1,1,South,Some college/associate,1760,9,21,3,0,1213.3,1,0,0
HG08565,39,289100,2,1,1,Midwest,Graduate,2140,14,51,4,0,1539.65,1,1,190.09
HG08566,50,71300,1,0,0,West,High school or less,1260,5,22,1,0,545.36,0,0,0
HG08567,61,92900,1,0,1,South,Bachelor's,1460,5,18,10,0,1137.97,0,0,0
HG08568,40,52600,4,2,1,West,Some college/associate,2740,0,0,45,0,918.82,1,0,0
HG08569,58,186400,4,0,1,South,Bachelor's,2440,3,6,7,0,1084.41,0,0,0
HG08570,53,158200,2,0,1,West,Bachelor's,2540,7,16,6,0,1355.09,1,0,0
HG08571,48,44000,3,0,1,Northeast,Some college/associate,2660,0,0,78,0,939.37,1,0,0
HG08572,28,67200,1,0,0,South,Bachelor's,620,7,17,1,0,1029.22,0,0,0
HG08573,41,48600,3,1,0,South,High school or less,1140,6,21,0,0,1053.8,0,0,0
HG08574,67,58400,2,0,1,South,Bachelor's,1410,9,23,4,0,974.22,1,1,80.08
HG08575,35,82100,4,1,0,Midwest,Graduate,,0,0,54,0,972.76,0,0,0
HG08576,21,31500,3,1,0,West,High school or less,1790,0,0,67,0,929.44,1,0,0
HG08577,45,77900,1,0,0,South,Some college/associate,910,5,14,0,0.375,943.06,1,0,0
HG08578,31,50700,2,1,0,West,High school or less,940,8,28,2,0,902.18,0,0,0
HG08579,31,26400,1,0,1,Midwest,High school or less,1090,0,0,82,0,381.36,1,0,0
HG08580,30,77800,2,1,0,South,Bachelor's,,7,18,3,0,864.39,0,1,133.42
HG08581,61,87700,1,0,1,South,Bachelor's,930,6,23,2,0,941.76,1,0,0
HG08582,25,86900,2,1,0,Midwest,High school or less,760,11,18,1,0,897.93,1,0,0
HG08583,49,69500,2,0,0,Northeast,Some college/associate,1340,8,28,2,0.5,1027.05,0,0,0
HG08584,48,44900,2,0,1,Northeast,Some college/associate,1650,4,16,10,0.35,1124.27,1,0,0
HG08585,46,70200,1,0,1,Northeast,Some college/associate,1330,6,18,2,0.625,1001.46,0,0,0
HG08586,58,92500,2,0,1,South,Bachelor's,1660,0,0,42,0,1034.3,1,0,0
HG08587,65,70500,1,0,1,West,Bachelor's,1190,3,6,6,0,939.84,1,0,0
HG08588,30,25700,5,4,1,South,High school or less,2650,0,0,77,0,1092.37,0,0,0
HG08589,71,108100,2,0,1,West,Bachelor's,2150,4,7,0,0,980.22,1,0,0
HG08590,27,52400,6,4,0,West,Some college/associate,2280,7,18,3,0,836.07,1,0,0
HG08591,65,45400,2,0,0,Midwest,High school or less,1430,0,0,190,0,1037.72,0,0,0
HG08592,43,75000,2,0,0,Midwest,High school or less,1430,7,24,4,0,935.17,1,0,0
HG08593,45,217400,4,1,1,Midwest,Graduate,2170,8,13,9,0,1346.62,0,0,0
HG08594,47,96200,2,1,0,Midwest,High school or less,1320,4,15,13,0,1079.73,1,1,46.79
HG08595,55,155800,1,0,0,South,Bachelor's,1350,4,7,11,0,794.6,0,0,0
HG08596,45,144600,1,0,1,South,Graduate,2270,4,15,2,0,1249.49,0,0,0
HG08597,54,81600,2,0,0,West,Some college/associate,1350,5,25,1,0,969.82,0,0,0
HG08598,44,122900,1,0,1,South,Bachelor's,1740,4,10,7,0,875.26,1,0,0
HG08599,60,49200,2,1,0,Northeast,High school or less,920,11,26,1,0,979.11,0,0,0
HG08600,62,58800,1,0,1,Northeast,Some college/associate,1150,4,14,4,0.473684211,607.22,0,0,0
HG08601,46,182900,4,0,0,Midwest,Graduate,1590,4,9,0,0,1384.13,1,1,33.06
HG08602,38,43100,4,1,0,Midwest,High school or less,1710,11,37,0,0,844.23,0,0,0
HG08603,58,64600,4,0,0,South,High school or less,1670,7,13,0,0,807.38,1,0,0
HG08604,28,83700,2,0,1,West,Graduate,2560,4,24,9,0,877.71,0,0,0
HG08605,40,40900,2,1,0,West,High school or less,860,11,31,0,0,791.3,1,1,80.46
HG08606,41,107200,2,1,1,South,Bachelor's,2380,5,8,1,0,1153.19,0,0,0
HG08607,26,52200,3,0,0,South,High school or less,1750,8,23,3,0,779.35,0,1,87.01
HG08608,61,55300,1,0,0,West,Some college/associate,1070,3,12,3,0,567.44,1,0,0
HG08609,62,67100,1,0,1,Northeast,High school or less,1390,0,0,101,0,1061,0,0,0
HG08610,51,42000,2,0,0,Northeast,High school or less,990,7,26,0,0.2,1029.24,0,0,0
HG08611,57,59000,3,1,1,South,Graduate,2360,0,0,82,0,1137,0,0,0
HG08612,52,91400,2,0,0,West,Bachelor's,1730,0,0,51,0,876.97,1,0,0
HG08613,44,,1,0,1,South,High school or less,1590,8,43,0,0.3,929.15,1,0,0
HG08614,55,66800,1,0,0,Midwest,Bachelor's,1180,2,13,8,0,796.82,1,0,0
HG08615,71,90800,2,0,0,South,Bachelor's,1470,7,20,5,0,735.15,1,0,0
HG08616,31,218000,2,1,0,West,Bachelor's,2080,6,32,2,0,1201.52,1,0,0
HG08617,47,35900,2,0,1,West,High school or less,1720,0,0,69,0,1018.44,0,0,0
HG08618,52,57600,2,0,1,South,Bachelor's,1430,3,7,2,0,1025.83,0,0,0
HG08619,19,39000,1,0,1,South,High school or less,1140,6,20,7,0.25,830.25,0,0,0
HG08620,40,124800,5,2,1,South,Bachelor's,3250,15,31,0,0,1241.77,0,0,0
HG08621,57,350000,2,1,1,South,Graduate,2610,5,12,0,0,1922.22,0,0,0
HG08622,50,34200,4,0,0,Midwest,High school or less,2790,0,0,91,0,803.25,0,0,0
HG08623,50,38600,4,1,1,West,Bachelor's,2150,0,0,57,0,999.17,0,0,0
HG08624,28,99300,2,0,0,Northeast,Bachelor's,1380,12,45,1,0,983.84,0,1,285.98
HG08625,28,112000,2,1,1,Midwest,Some college/associate,1650,10,9,0,0,744.41,1,0,0
HG08626,44,55300,1,0,1,West,High school or less,1510,6,11,3,0,540.84,0,0,0
HG08627,49,341700,1,0,1,South,Graduate,2440,9,23,3,0,1621.26,0,0,0
HG08628,33,46600,5,1,0,South,Bachelor's,3620,0,0,64,0,824.51,1,0,0
HG08629,67,60500,1,0,1,Midwest,High school or less,2200,6,21,7,0,1027.25,1,0,0
HG08630,41,38900,4,2,1,Northeast,High school or less,3710,0,0,77,0,859.28,0,0,0
HG08631,38,129400,2,1,0,South,Bachelor's,1540,3,8,8,0,1102.68,0,1,380.15
HG08632,59,45200,5,1,1,Midwest,Graduate,2640,0,0,102,0,1221.93,0,0,0
HG08633,56,192000,6,3,0,South,Bachelor's,2730,5,10,3,0,1592.83,1,0,0
HG08634,45,204300,2,1,0,South,Bachelor's,1800,2,5,5,0,949.84,0,0,0
HG08635,51,,3,0,1,South,Graduate,2250,4,13,0,0,889.53,1,0,0
HG08636,40,89000,2,0,0,Midwest,Some college/associate,1410,0,0,57,0,657.32,1,0,0
HG08637,32,157900,4,2,0,Midwest,Bachelor's,2190,7,17,1,0,1106.9,1,1,98.07
HG08638,57,52000,1,0,1,South,Some college/associate,1240,10,25,3,0,1018.63,0,0,0
HG08639,52,49700,4,1,1,Northeast,High school or less,2910,0,0,48,0,892.7,0,0,0
HG08640,41,143600,3,1,1,Northeast,High school or less,2370,10,38,1,0.263157895,1198.64,0,0,0
HG08641,45,110800,2,0,1,Northeast,Some college/associate,1540,4,19,9,0,1129.42,0,0,0
HG08642,48,127100,2,1,1,Northeast,Bachelor's,1110,3,5,8,0,1009.66,1,1,200.4
HG08643,42,31700,2,0,1,South,Some college/associate,1200,7,14,0,0,982.84,0,1,144.38
HG08644,64,39600,1,0,1,West,High school or less,1010,4,5,1,0,965.33,1,1,15.34
HG08645,40,71200,1,0,0,Northeast,High school or less,1670,0,0,52,0,834.46,0,0,0
HG08646,50,55500,2,0,1,Northeast,Some college/associate,1480,7,25,0,0,1056.11,1,0,0
HG08647,32,52800,5,1,1,Midwest,High school or less,4940,0,0,75,0,1145.28,1,1,105.03
HG08648,45,87600,1,0,1,Northeast,High school or less,1470,3,7,11,0,826.42,0,0,0
HG08649,65,81400,2,0,1,South,High school or less,2030,6,19,3,0,1042.74,0,0,0
HG08650,38,130200,3,1,1,South,Bachelor's,1820,9,19,0,0,913.49,1,0,0
HG08651,59,127000,2,0,0,South,Bachelor's,2570,3,9,7,0,1171.93,0,0,0
HG08652,32,91900,3,1,1,South,Some college/associate,2610,9,31,6,0,905.14,0,1,59.5
HG08653,63,89700,2,1,1,South,Graduate,3040,1,2,18,0,1203.09,0,0,0
HG08654,34,28400,2,1,0,Midwest,High school or less,1530,0,0,112,0,426.66,1,0,0
HG08655,27,33700,1,0,1,South,High school or less,1120,8,24,2,0,717.06,1,1,36.36
HG08656,29,97300,3,0,0,Midwest,Bachelor's,1470,14,43,4,0,943.03,1,0,0
HG08657,55,53400,3,0,0,Northeast,High school or less,1580,3,6,12,0,731.78,1,0,0
HG08658,43,48000,1,0,0,West,Some college/associate,890,0,0,84,0,809.64,1,0,0
HG08659,29,32900,1,0,1,West,High school or less,970,7,16,3,0,813.63,0,0,0
HG08660,48,60000,2,1,1,Midwest,Some college/associate,1750,0,0,45,0,779.29,1,0,0
HG08661,62,160300,2,1,1,South,Graduate,1830,17,40,0,0,1122.16,1,1,159.27
HG08662,42,99300,1,0,1,South,Some college/associate,950,6,14,14,0,820.92,1,0,0
HG08663,52,121600,2,0,1,Midwest,Graduate,2240,10,26,6,0,1200.9,1,0,0
HG08664,26,89000,3,0,0,Midwest,High school or less,1060,16,31,2,0,752.37,0,0,0
HG08665,61,118800,4,0,1,Northeast,Graduate,2360,10,28,0,0,1239.12,0,0,0
HG08666,49,162100,3,1,1,West,Graduate,1940,6,17,1,0,1205.28,1,0,0
HG08667,27,190400,5,3,1,Northeast,Some college/associate,4000,12,30,0,0,1491.85,1,1,152.97
HG08668,49,91200,4,2,0,Northeast,Some college/associate,1290,7,12,6,0,961.35,1,0,0
HG08669,54,52500,2,0,0,South,Some college/associate,910,6,10,0,0,706.62,1,0,0
HG08670,42,29600,2,0,0,South,High school or less,1170,0,0,67,0,610.15,1,0,0
HG08671,52,117700,2,0,1,Midwest,Bachelor's,2160,5,7,4,0,1264.01,1,0,0
HG08672,37,50800,1,0,1,Northeast,High school or less,1070,1,3,22,0,830.32,0,0,0
HG08673,55,66100,3,1,0,West,Some college/associate,3190,0,0,68,0,1030.42,1,0,0
HG08674,61,350000,4,1,1,West,Graduate,2550,16,41,6,0,1505.9,1,0,0
HG08675,46,79100,1,0,0,Midwest,Some college/associate,1180,3,8,4,0,920.06,1,0,0
HG08676,38,48900,3,0,0,Midwest,High school or less,2070,0,0,63,0,815.45,1,0,0
HG08677,60,81700,1,0,0,Northeast,Some college/associate,1310,5,13,3,0.1,991.41,0,0,0
HG08678,40,51600,2,0,0,West,Some college/associate,2800,0,0,45,0,1108.78,0,0,0
HG08679,43,92000,2,0,0,South,Some college/associate,1450,10,33,0,0,1030.72,0,0,0
HG08680,32,73000,2,1,1,Midwest,High school or less,1490,18,43,2,0,849.15,1,0,0
HG08681,61,49200,3,0,1,South,High school or less,2980,4,11,12,0.238095238,993.97,0,0,0
HG08682,53,120200,1,0,1,South,Graduate,1410,6,9,5,0,1216.13,1,0,0
HG08683,59,123100,1,0,1,Midwest,Some college/associate,1870,7,27,6,0,744.57,1,0,0
HG08684,30,39000,2,0,0,South,High school or less,1750,0,0,71,0,1001.32,0,1,155.53
HG08685,51,35100,1,0,0,West,High school or less,1070,12,46,0,0.235294118,758.74,1,0,0
HG08686,34,55200,1,0,1,South,High school or less,2260,5,12,18,0,831.37,1,0,0
HG08687,40,128600,6,2,1,Northeast,Bachelor's,3150,11,39,10,0,1082.27,1,0,0
HG08688,39,140500,4,1,1,Midwest,Bachelor's,2860,17,67,2,0,1306.3,0,0,0
HG08689,23,22300,2,1,0,Midwest,Some college/associate,,0,0,61,0,841.46,0,0,0
HG08690,25,49300,6,0,0,South,High school or less,1890,0,0,66,0,909.5,1,0,0
HG08691,33,77200,3,2,1,West,Graduate,2350,0,0,69,0,975.35,0,0,0
HG08692,23,54300,1,0,0,Midwest,High school or less,1880,5,9,2,0,507.55,0,0,0
HG08693,22,29500,3,0,0,South,Some college/associate,1960,6,19,4,0,1059.44,0,1,89.7
HG08694,25,72200,2,0,0,Northeast,Some college/associate,1390,8,30,1,0,794.7,1,0,0
HG08695,33,75400,6,4,0,West,Some college/associate,3150,13,53,3,0,1262.09,0,0,0
HG08696,23,86700,4,0,0,South,Some college/associate,1410,9,24,2,0,872.18,0,0,0
HG08697,65,56600,2,0,1,South,Some college/associate,1140,0,0,59,0,833.94,0,0,0
HG08698,37,36800,2,1,1,Midwest,High school or less,2070,0,0,90,0,833.16,1,0,0
HG08699,70,62400,1,0,1,Northeast,Some college/associate,1160,0,0,172,0,1139.68,0,0,0
HG08700,69,145500,4,0,1,Midwest,Bachelor's,5000,0,0,56,0,1417.06,1,0,0
HG08701,35,108700,2,0,1,Northeast,Some college/associate,1730,7,20,0,0,916,1,0,0
HG08702,50,27200,2,0,1,South,Bachelor's,1020,10,22,3,0,1005.65,1,1,31.9
HG08703,59,91100,4,0,0,West,Bachelor's,1220,13,32,0,0,1002.63,0,0,0
HG08704,29,65700,5,0,1,South,High school or less,1610,10,14,0,0,934.32,0,1,198.34
HG08705,64,76800,3,0,1,West,Graduate,1800,6,20,0,0.409090909,711.84,0,0,0
HG08706,59,59200,1,0,0,Northeast,High school or less,1150,5,24,3,0,1018.82,1,1,51.79
HG08707,34,44200,6,4,0,Northeast,High school or less,2270,0,0,55,0,1017.89,1,0,0
HG08708,46,55400,1,0,1,Midwest,High school or less,1270,3,10,13,0,689.74,0,0,0
HG08709,42,139600,4,2,1,West,Some college/associate,3190,8,23,1,0,1257.52,0,0,0
HG08710,40,115200,1,0,1,Midwest,Bachelor's,1620,7,21,1,0,953.79,0,1,45.52
HG08711,73,159400,1,0,1,South,Graduate,1580,0,0,175,0,1026.28,0,0,0
HG08712,36,125800,4,1,1,Northeast,Graduate,4120,0,0,48,0,1136.7,1,0,0
HG08713,36,91600,2,0,1,South,Bachelor's,1480,13,34,2,0,1236.41,1,0,0
HG08714,28,47700,2,1,0,Midwest,Some college/associate,1440,0,0,70,0,758.15,0,0,0
HG08715,32,68100,2,0,1,Midwest,Some college/associate,1700,10,61,0,0,929.08,0,0,0
HG08716,32,37900,2,0,0,South,High school or less,1010,8,20,1,0,726.81,1,0,0
HG08717,36,94800,3,1,1,South,High school or less,1530,10,24,1,0,1098.95,1,0,0
HG08718,64,73100,2,0,1,West,Some college/associate,1290,0,0,88,0,1143.13,0,1,246.82
HG08719,47,218400,4,1,1,South,Bachelor's,2470,8,26,1,0,1403.9,0,0,0
HG08720,68,122900,5,0,0,South,Some college/associate,3300,0,0,58,0,1146.93,1,1,88.58
HG08721,24,44000,2,1,0,Northeast,High school or less,900,7,25,0,0.1875,699.43,1,0,0
HG08722,42,105200,1,0,1,Northeast,Bachelor's,1430,7,18,0,0,801.16,1,0,0
HG08723,36,143300,2,1,1,South,Some college/associate,2270,0,0,52,0,937.57,0,0,0
HG08724,34,96900,2,0,0,South,Graduate,,2,7,13,0.5,601.11,0,0,0
HG08725,44,47400,3,1,1,West,High school or less,830,16,72,5,0,1069.71,1,0,0
HG08726,47,116300,6,2,0,West,Some college/associate,2540,13,47,0,0,1288.83,1,0,0
HG08727,54,144000,2,0,1,South,Graduate,1240,6,18,3,0,938.29,0,0,0
HG08728,59,56600,1,0,0,Northeast,Some college/associate,1300,3,6,13,0,766.09,0,0,0
HG08729,53,158400,2,0,1,South,Graduate,1850,13,48,4,0,1041.58,0,0,0
HG08730,50,57300,2,1,0,Northeast,Some college/associate,790,2,8,0,0,1100.6,1,1,481.14
HG08731,32,25400,1,0,0,South,High school or less,,0,0,74,0,493.87,1,0,0
HG08732,37,21900,2,0,1,Northeast,High school or less,1210,8,28,2,0,886.32,0,0,0
HG08733,19,71300,3,0,0,West,High school or less,1270,12,32,0,0,763.7,0,0,0
HG08734,43,113800,1,0,0,Midwest,Graduate,1480,8,27,3,0,1054.31,0,0,0
HG08735,59,52000,1,0,1,South,High school or less,1100,7,26,2,0,1022.98,0,1,235.22
HG08736,63,38900,4,0,1,South,Some college/associate,2180,0,0,72,0,972.26,0,1,45.88
HG08737,26,49500,3,1,1,Northeast,High school or less,1970,0,0,67,0,971.75,0,0,0
HG08738,56,70200,2,0,0,South,Some college/associate,1240,0,0,133,0,859.94,1,0,0
HG08739,58,89900,4,0,0,Midwest,Bachelor's,2240,0,0,152,0,833.93,1,0,0
HG08740,48,95500,1,0,0,Midwest,Some college/associate,720,26,80,0,0,854.84,1,0,0
HG08741,26,,2,1,0,Northeast,High school or less,1370,7,20,1,0,748.52,1,0,0
HG08742,61,270600,1,0,1,Northeast,Bachelor's,1590,14,53,1,0,1197.08,0,0,0
HG08743,31,73300,3,0,1,West,Some college/associate,1530,4,12,1,0,938.16,0,0,0
HG08744,43,123200,4,2,0,South,Some college/associate,1380,4,12,2,0,935.2,0,0,0
HG08745,47,171500,1,0,1,Midwest,Bachelor's,1610,5,17,4,0,1119.19,1,0,0
HG08746,38,58200,1,0,1,Midwest,Some college/associate,1440,0,0,116,0,884.52,0,1,72.51
HG08747,28,66100,4,1,1,Northeast,Some college/associate,2110,6,19,5,0,1045.91,0,1,162.31
HG08748,46,72200,2,1,0,Northeast,Graduate,1500,0,0,43,0,1001.49,0,0,0
HG08749,40,153500,3,0,1,South,Graduate,2180,23,55,2,0,1016.95,0,0,0
HG08750,58,109800,1,0,1,South,Some college/associate,1790,10,47,4,0.318181818,1267.89,0,0,0
HG08751,51,83600,2,1,1,South,Some college/associate,1590,4,6,8,0,710.06,1,0,0
HG08752,52,156200,2,0,1,Midwest,Graduate,3360,8,15,0,0,1365.48,1,1,445.12
HG08753,49,103600,3,2,0,Midwest,Bachelor's,1260,0,0,94,0,1191.02,1,0,0
HG08754,47,,3,2,1,Midwest,Some college/associate,1280,7,25,2,0,1366.4,0,0,0
HG08755,27,38000,1,0,1,West,High school or less,1670,2,4,4,0.388888889,768.97,1,0,0
HG08756,55,53200,4,1,0,Midwest,Bachelor's,2450,0,0,57,0,773.21,0,0,0
HG08757,33,34500,2,1,0,South,High school or less,1670,0,0,74,0,783.9,1,0,0
HG08758,34,167400,3,0,0,South,Graduate,1750,12,24,4,0,1058.81,1,0,0
HG08759,50,70000,2,1,1,Midwest,Bachelor's,2440,0,0,97,0,821.63,1,0,0
HG08760,47,149400,2,0,0,South,Graduate,1880,0,0,74,0,1163.85,0,0,0
HG08761,29,83400,5,2,0,Midwest,Some college/associate,2510,0,0,71,0,969.73,1,0,0
HG08762,29,123500,2,1,1,West,High school or less,1600,5,12,4,0,949.49,1,0,0
HG08763,29,187300,2,1,1,South,Bachelor's,2050,10,24,4,0,1207.02,1,0,0
HG08764,58,211800,3,1,1,Northeast,Graduate,3300,9,37,3,0,1164.33,1,0,0
HG08765,48,111600,2,1,0,Midwest,Bachelor's,1290,0,0,96,0,958.35,1,0,0
HG08766,37,27800,1,0,1,West,Some college/associate,890,4,11,9,0,470.39,1,0,0
HG08767,48,80300,3,1,0,West,Some college/associate,2480,0,0,71,0,1063.95,0,0,0
HG08768,32,77900,2,0,1,Midwest,Bachelor's,1380,7,26,0,0,705.64,1,1,60.77
HG08769,45,238900,4,2,1,West,Graduate,2960,13,33,3,0,1461.72,0,0,0
HG08770,48,152200,2,0,1,Midwest,Graduate,1310,4,13,3,0,1011.68,1,0,0
HG08771,44,113600,4,3,0,Midwest,Some college/associate,1400,4,15,1,0,922.53,1,0,0
HG08772,29,86200,4,2,0,South,High school or less,1260,15,31,1,0,1048.28,1,1,199.65
HG08773,43,69500,2,0,1,Midwest,Some college/associate,980,10,27,1,0,669.28,1,0,0
HG08774,26,85200,2,1,1,West,High school or less,1470,5,11,23,0,826.92,1,0,0
HG08775,31,33400,4,3,0,Midwest,High school or less,1600,0,0,51,0,807.77,1,0,0
HG08776,41,37800,3,1,1,Midwest,High school or less,2200,0,0,99,0,805.7,0,0,0
HG08777,33,36600,3,2,1,South,Some college/associate,2230,0,0,52,0,1161.31,1,0,0
HG08778,26,30800,4,2,0,Northeast,Some college/associate,1580,0,0,67,0,627.67,1,0,0
HG08779,43,72100,4,1,0,South,High school or less,2680,0,0,72,0,1075.14,0,0,0
HG08780,20,98000,3,1,0,South,Some college/associate,1610,7,12,2,0,749.45,0,0,0
HG08781,74,187500,4,0,1,Midwest,Bachelor's,4010,5,13,5,0,1116.05,1,0,0
HG08782,21,,2,0,1,West,Bachelor's,1350,13,48,4,0,865.43,0,0,0
HG08783,60,49900,3,0,0,Northeast,Some college/associate,1890,0,0,72,0,1026,0,0,0
HG08784,42,273300,2,0,1,West,Bachelor's,1100,9,32,0,0,1357.95,1,1,137.25
HG08785,53,166300,2,0,0,West,Bachelor's,1330,3,8,6,0,1190.29,0,0,0
HG08786,41,58000,1,0,1,West,Graduate,1140,6,20,7,0,1024.84,1,0,0
HG08787,51,40900,5,2,1,Northeast,High school or less,2440,10,20,4,0,1183.67,1,1,278.52
HG08788,45,125000,3,1,1,Midwest,Some college/associate,2580,6,11,5,0.266666667,1181.28,1,0,0
HG08789,39,41600,2,1,1,West,High school or less,2200,0,0,42,0,742.22,1,1,36.03
HG08790,29,21700,2,0,1,Midwest,High school or less,1100,0,0,84,0,778.47,0,0,0
HG08791,52,50000,2,0,1,South,Graduate,1420,3,8,0,0,1069.81,0,0,0
HG08792,31,24700,2,1,1,South,High school or less,1430,0,0,76,0,714.55,1,0,0
HG08793,70,61400,3,0,1,South,High school or less,1420,5,12,1,0.352941176,1147.87,1,0,0
HG08794,45,86300,3,1,1,West,Bachelor's,3250,9,25,5,0,971.85,0,0,0
HG08795,67,111600,1,0,1,Midwest,Some college/associate,1190,2,8,3,0,837.95,0,0,0
HG08796,42,37400,6,4,0,Northeast,High school or less,2300,0,0,68,0,1061.97,1,0,0
HG08797,39,83900,1,0,1,Northeast,Some college/associate,1110,5,15,5,0,938.37,0,0,0
HG08798,35,46000,4,2,1,Northeast,Some college/associate,1220,12,32,0,0,1015.88,1,1,939.1
HG08799,45,73400,4,1,1,West,Bachelor's,2940,0,0,52,0,1279.3,0,1,102.74
HG08800,39,274700,2,0,0,Midwest,Graduate,2840,6,23,2,0,1504.55,1,1,321.18
HG08801,48,32500,4,2,1,West,High school or less,2560,0,0,59,0,730.52,0,0,0
HG08802,43,136700,1,0,0,Midwest,Bachelor's,1630,9,17,0,0,976.32,1,0,0
HG08803,48,148200,4,2,1,Northeast,Graduate,1440,13,46,2,0,907.76,1,0,0
HG08804,49,54200,1,0,0,Northeast,High school or less,1300,8,25,0,0,922.97,0,1,38.45
HG08805,25,79700,3,0,0,Northeast,Bachelor's,2850,0,0,50,0,907.09,0,0,0
HG08806,54,86300,3,1,0,Northeast,Bachelor's,1280,5,11,1,0,918.54,0,0,0
HG08807,30,86700,1,0,1,Northeast,Bachelor's,1440,5,13,2,0,961.57,0,0,0
HG08808,37,86700,2,0,0,Northeast,Some college/associate,1530,7,18,1,0,906.73,0,0,0
HG08809,76,59400,3,1,1,Northeast,Some college/associate,2500,2,4,24,0,977.1,0,0,0
HG08810,29,93700,4,1,1,South,Bachelor's,2560,6,25,0,0,1124.94,1,0,0
HG08811,32,46000,1,0,1,West,High school or less,1230,3,5,0,0.47826087,863.13,0,0,0
HG08812,65,101300,1,0,1,Northeast,Bachelor's,1660,4,14,1,0.363636364,1091.92,0,0,0
HG08813,78,85700,1,0,1,South,Some college/associate,2440,5,18,2,0.5,1023.74,1,0,0
HG08814,48,108100,2,1,0,South,Graduate,1650,6,23,4,0,1174.11,1,0,0
HG08815,57,63000,1,0,1,Midwest,High school or less,1180,7,19,0,0.227272727,850.87,0,0,0
HG08816,43,27600,3,1,0,South,Some college/associate,1580,0,0,55,0,1078.12,0,1,164.57
HG08817,45,237000,4,1,0,Midwest,Some college/associate,1720,11,31,0,0,1275.01,0,0,0
HG08818,45,103000,2,1,1,West,Graduate,1870,5,24,4,0,1005.84,1,0,0
HG08819,30,174900,4,2,0,Midwest,Bachelor's,3310,11,35,2,0,1374.79,1,0,0
HG08820,39,51900,6,2,1,West,High school or less,3530,3,13,14,0,1264.02,1,0,0
HG08821,44,85100,4,0,1,Northeast,Some college/associate,2610,5,9,14,0,1080.47,1,1,92.54
HG08822,58,78800,3,1,0,Northeast,Some college/associate,1180,13,29,2,0,788.09,1,0,0
HG08823,61,96300,3,0,1,South,Some college/associate,2640,0,0,161,0,969.98,1,0,0
HG08824,38,103900,2,0,1,West,Graduate,1240,5,9,1,0,854.89,0,0,0
HG08825,28,51400,1,0,1,Midwest,High school or less,1330,3,7,1,0.333333333,633.18,1,0,0
HG08826,47,40500,2,1,0,West,High school or less,650,14,46,0,0,791.95,0,0,0
HG08827,35,57200,4,1,1,Northeast,Some college/associate,1160,13,39,5,0,904.13,0,1,79.69
HG08828,52,51300,3,1,1,Midwest,High school or less,1340,0,0,67,0,837.76,1,0,0
HG08829,50,97400,3,0,1,Northeast,Some college/associate,2390,0,0,62,0,1165.55,1,0,0
HG08830,44,225400,3,0,1,West,Graduate,1740,5,20,0,0,1051.59,1,0,0
HG08831,34,23100,2,0,0,Midwest,Some college/associate,1280,0,0,47,0,853.55,0,0,0
HG08832,50,283900,2,0,1,West,Graduate,2160,22,69,1,0,1251.31,1,0,0
HG08833,58,141100,4,1,1,Northeast,Bachelor's,2230,17,58,3,0,1474.53,1,1,311.73
HG08834,36,32000,4,2,0,Northeast,High school or less,2420,0,0,65,0,893.82,1,0,0
HG08835,41,52600,4,1,1,Midwest,Some college/associate,1700,4,13,14,0.272727273,587.66,0,0,0
HG08836,38,44600,4,2,1,South,Some college/associate,1890,0,0,75,0,976.1,0,0,0
HG08837,18,74600,3,0,1,West,Some college/associate,,10,33,1,0.333333333,1069.59,1,0,0
HG08838,54,51200,1,0,0,Northeast,Some college/associate,680,10,22,0,0,824.11,1,0,0
HG08839,53,57600,1,0,0,West,High school or less,1050,3,11,3,0,497.84,1,1,52.38
HG08840,52,51000,4,0,0,West,Some college/associate,1760,4,3,16,0,836.7,0,0,0
HG08841,45,67300,3,1,0,West,Some college/associate,1440,8,30,3,0,940.35,0,0,0
HG08842,49,137800,2,0,0,West,Bachelor's,1420,15,36,0,0,995.27,1,0,0
HG08843,33,54700,4,2,1,South,High school or less,2400,19,56,2,0.210526316,1031.55,0,0,0
HG08844,31,169600,2,0,0,Northeast,Bachelor's,1330,12,34,2,0,983.96,0,0,0
HG08845,50,113100,2,1,0,South,Graduate,1390,9,37,2,0,835.28,1,0,0
HG08846,51,74300,2,1,1,West,High school or less,2010,0,0,60,0,851.79,1,0,0
HG08847,47,74800,3,0,1,South,High school or less,1700,13,57,2,0.222222222,963.94,1,0,0
HG08848,35,89000,4,1,0,Midwest,Bachelor's,1450,15,40,0,0,947.48,1,0,0
HG08849,31,137800,4,2,1,South,Bachelor's,2190,5,11,3,0,1220.57,1,0,0
HG08850,33,109700,2,0,0,West,Some college/associate,1210,7,22,6,0,871.39,0,0,0
HG08851,27,59100,1,0,1,Northeast,High school or less,1530,9,30,0,0,1218.11,0,0,0
HG08852,41,36300,3,1,1,West,Some college/associate,2090,0,0,81,0,778.96,0,0,0
HG08853,61,183100,1,0,1,West,Graduate,2080,6,24,0,0,1384.02,0,0,0
HG08854,44,108300,1,0,1,South,Bachelor's,2130,8,22,11,0,891.33,0,0,0
HG08855,45,,1,0,0,South,High school or less,1080,8,29,5,0.235294118,796.39,0,0,0
HG08856,25,,4,1,0,West,Bachelor's,1250,15,37,1,0,988.58,0,0,0
HG08857,70,276600,3,0,1,South,Graduate,1770,13,46,2,0,1337.3,1,0,0
HG08858,75,86100,1,0,1,Midwest,Some college/associate,1700,6,30,1,0,1051.41,1,1,102.97
HG08859,32,106000,2,1,1,South,Bachelor's,2090,9,17,2,0,1179.18,1,0,0
HG08860,53,71200,4,0,0,South,High school or less,2040,12,40,2,0,1013.07,1,1,43.22
HG08861,40,49600,1,0,0,Northeast,High school or less,1740,5,20,7,0.35,936.25,1,1,96.15
HG08862,51,73400,2,0,1,South,Bachelor's,2620,0,0,63,0,1104.77,0,0,0
HG08863,60,129300,2,0,1,Midwest,High school or less,1820,3,8,4,0,1398.55,1,0,0
HG08864,42,,1,0,1,West,High school or less,1370,4,11,3,0,1174.59,1,0,0
HG08865,31,118200,3,0,1,South,Bachelor's,1500,8,32,4,0,731.47,1,0,0
HG08866,31,136100,1,0,0,South,Bachelor's,960,8,8,2,0,736.53,1,0,0
HG08867,51,76500,6,3,0,Midwest,Bachelor's,3420,0,0,73,0,1265.88,0,0,0
HG08868,52,43400,2,1,1,South,Some college/associate,2780,0,0,46,0,938.3,0,0,0
HG08869,43,122900,1,0,1,South,Graduate,1650,4,14,13,0,1237.21,0,0,0
HG08870,60,68900,1,0,1,West,Bachelor's,1500,5,6,4,0,950.49,1,0,0
HG08871,49,76300,3,0,1,South,Some college/associate,1610,18,25,7,0,931.87,0,0,0
HG08872,44,63300,1,0,1,South,High school or less,1670,4,19,7,0,807.76,1,1,39.38
HG08873,45,121200,2,0,1,Midwest,High school or less,1560,13,51,1,0,983.8,1,1,42.07
HG08874,51,84500,2,0,1,Midwest,Some college/associate,1410,7,21,0,0,1162.52,1,0,0
HG08875,49,78000,1,0,1,West,High school or less,1550,9,20,5,0,911.91,1,0,0
HG08876,39,49000,3,2,1,Midwest,High school or less,1300,7,21,6,0,1110.32,0,0,0
HG08877,42,40400,4,0,0,Midwest,Some college/associate,1070,6,19,10,0,565.03,0,0,0
HG08878,34,94500,4,1,0,Midwest,Bachelor's,1400,5,10,2,0,1181.53,0,1,91.59
HG08879,49,43200,4,1,1,South,High school or less,1900,7,13,5,0,1152.57,0,0,0
HG08880,48,77500,4,1,1,South,Bachelor's,1810,2,4,3,0,885.32,0,0,0
HG08881,43,94800,3,1,0,West,Graduate,1460,0,0,81,0,930.02,1,0,0
HG08882,53,70000,1,0,1,Midwest,High school or less,1310,2,3,0,0,1030.28,0,0,0
HG08883,20,67100,2,0,0,West,High school or less,1120,17,60,1,0,767.09,0,0,0
HG08884,52,51400,2,0,0,West,High school or less,1680,0,0,67,0,1033.91,1,0,0
HG08885,25,48300,1,0,1,Northeast,High school or less,1170,6,16,4,0,934.23,0,1,36.16
HG08886,53,160800,4,0,1,South,Graduate,1770,8,16,3,0,1429.51,0,0,0
HG08887,44,107300,3,0,1,South,Some college/associate,1520,10,25,1,0,1003.71,0,0,0
HG08888,55,35000,2,0,1,South,High school or less,1160,12,32,0,0,842.46,0,0,0
HG08889,65,47800,2,0,1,West,High school or less,2290,0,0,103,0,1196.67,0,0,0
HG08890,50,72400,3,2,1,South,Some college/associate,1150,0,0,75,0,1102.98,1,1,138.93
HG08891,57,150300,1,0,0,Midwest,Graduate,1760,6,30,0,0.230769231,854.64,0,0,0
HG08892,72,131800,2,1,1,Northeast,Some college/associate,2270,7,14,6,0,1222.51,1,1,29.2
HG08893,40,108900,3,1,1,West,Bachelor's,2310,6,19,3,0,1032.87,1,0,0
HG08894,59,104500,4,0,1,West,Bachelor's,2360,12,30,0,0,1314.28,1,0,0
HG08895,43,62800,4,1,1,West,High school or less,1870,5,17,0,0,951.75,1,1,32.09
HG08896,33,38300,2,1,1,Midwest,High school or less,1360,0,0,88,0,959.73,1,0,0
HG08897,59,,3,0,1,South,Bachelor's,1530,10,29,0,0,1347.62,0,1,87.5
HG08898,45,87500,4,0,1,Midwest,Graduate,2860,0,0,76,0,1082.97,1,0,0
HG08899,40,350000,3,1,0,South,Graduate,1640,8,31,4,0,1480.51,0,0,0
HG08900,64,82500,2,0,1,West,Some college/associate,1190,0,0,65,0,974.89,1,0,0
HG08901,58,93600,2,0,1,South,Bachelor's,1130,13,30,0,0,1019.96,1,1,29.4
HG08902,19,24500,2,0,0,West,Some college/associate,,0,0,90,0,788.04,1,0,0
HG08903,61,143300,2,0,1,West,Graduate,2620,5,20,1,0,1037.07,1,0,0
HG08904,52,115200,2,1,1,Northeast,Bachelor's,1290,17,49,3,0,963.79,1,0,0
HG08905,60,58000,4,0,0,South,Some college/associate,1390,8,31,0,0.125,970.45,1,0,0
HG08906,68,64800,1,0,1,Midwest,High school or less,1040,7,17,0,0,934.97,0,0,0
HG08907,36,62600,4,1,1,South,Bachelor's,2230,0,0,46,0,981.47,0,0,0
HG08908,63,198100,3,0,0,Midwest,Bachelor's,1200,9,15,0,0,1010.65,0,0,0
HG08909,40,21600,2,0,0,Northeast,High school or less,1060,0,0,73,0,484.22,1,0,0
HG08910,58,160500,2,1,1,West,Bachelor's,2690,11,33,0,0,1505.27,1,0,0
HG08911,59,47300,2,0,0,Midwest,Some college/associate,1620,0,0,58,0,881.12,0,0,0
HG08912,44,161500,2,1,1,South,Graduate,1760,7,16,5,0,1350.34,1,1,191.76
HG08913,73,343200,4,0,1,Northeast,Bachelor's,2850,7,17,1,0,1592.02,1,0,0
HG08914,33,52100,2,1,0,West,High school or less,1100,4,4,3,0,949.05,0,0,0
HG08915,50,84500,4,2,0,South,Bachelor's,1890,0,0,43,0,930.04,1,0,0
HG08916,36,180500,2,1,0,West,Some college/associate,2140,16,27,0,0,1365.96,0,0,0
HG08917,28,59800,1,0,0,South,High school or less,1670,0,0,97,0,775.91,0,0,0
HG08918,28,39300,4,2,0,South,Some college/associate,1030,14,22,0,0,717.51,0,0,0
HG08919,37,77500,2,1,1,West,High school or less,1680,0,0,70,0,914.79,1,0,0
HG08920,48,27700,3,2,0,West,High school or less,1370,0,0,51,0,781.89,0,0,0
HG08921,53,85900,1,0,0,Northeast,Some college/associate,1440,6,23,1,0,1236.79,1,1,157.85
HG08922,55,96800,1,0,1,Midwest,Bachelor's,2100,8,14,2,0,1133.31,0,0,0
HG08923,56,122100,6,0,1,South,Bachelor's,3500,0,0,39,0,1097.94,1,0,0
HG08924,40,153700,2,0,1,Midwest,Bachelor's,1830,7,27,6,0,932.23,0,1,64.85
HG08925,19,47600,2,0,1,Midwest,High school or less,1950,0,0,91,0,717.12,0,0,0
HG08926,31,70300,4,1,1,South,High school or less,1780,1,2,10,0,1124.76,0,0,0
HG08927,53,190900,1,0,1,Midwest,Graduate,1580,8,31,6,0.375,1586.94,0,1,163.39
HG08928,53,127600,3,0,1,Midwest,Graduate,2240,0,0,71,0,1144.73,0,1,20.06
HG08929,41,47100,2,1,0,South,High school or less,1340,0,0,49,0,985.75,1,0,0
HG08930,59,98900,3,0,1,South,Bachelor's,3250,10,14,3,0,1223.61,0,0,0
HG08931,61,131800,4,0,1,South,Some college/associate,2260,7,26,0,0,1154.02,0,0,0
HG08932,53,82000,5,1,0,South,Some college/associate,1930,4,8,0,0,1077.04,1,0,0
HG08933,31,261100,1,0,1,Midwest,Some college/associate,1130,12,38,0,0,1284,1,0,0
HG08934,64,55000,2,0,0,Northeast,Some college/associate,1440,0,0,87,0,936.21,0,0,0
HG08935,46,172700,2,0,1,Midwest,Bachelor's,1700,8,31,12,0,1245.49,0,0,0
HG08936,66,161100,1,0,0,South,Graduate,1230,8,23,1,0,801.61,0,0,0
HG08937,57,50200,2,0,0,Midwest,High school or less,1610,8,24,2,0,984.65,0,1,95.49
HG08938,46,75200,3,1,1,West,Some college/associate,1920,0,0,114,0,892,0,0,0
HG08939,34,100800,1,0,1,Northeast,Bachelor's,1010,7,25,1,0,1215.86,1,0,0
HG08940,57,59600,2,0,1,Midwest,Some college/associate,2130,0,0,77,0,860.56,1,0,0
HG08941,26,68700,2,0,0,South,Some college/associate,,4,19,4,0,595.23,0,0,0
HG08942,57,113700,1,0,0,West,Bachelor's,1290,4,10,6,0,1137.77,1,1,133.17
HG08943,55,43900,4,0,1,South,High school or less,2290,0,0,76,0,797.72,1,0,0
HG08944,43,220800,4,0,1,Northeast,Bachelor's,2330,13,36,1,0,1190.11,1,0,0
HG08945,34,42600,2,0,1,Midwest,High school or less,2440,0,0,46,0,816.41,1,0,0
HG08946,55,148700,2,0,1,South,Graduate,1360,7,23,3,0,1364.3,0,0,0
HG08947,40,117300,3,1,1,West,Bachelor's,2470,7,15,2,0,1199.79,0,0,0
HG08948,34,45100,4,3,1,South,High school or less,2110,0,0,67,0,1057.79,0,0,0
HG08949,59,67500,6,2,1,South,High school or less,,5,10,1,0.533333333,1097.18,0,1,576.37
HG08950,75,75600,3,0,1,South,High school or less,1290,0,0,173,0,960.45,0,0,0
HG08951,66,115100,1,0,1,West,Graduate,1510,3,11,1,0.272727273,1390.27,0,0,0
HG08952,47,50800,1,0,1,West,High school or less,1570,5,21,1,0.272727273,826.99,1,0,0
HG08953,29,102700,1,0,1,Midwest,Graduate,1330,3,9,7,0,1224.18,0,1,138.63
HG08954,54,174600,2,1,1,Northeast,Bachelor's,2220,5,15,10,0,1415.03,1,1,71.41
HG08955,26,59900,2,1,0,Midwest,Some college/associate,,7,26,6,0,720.22,0,0,0
HG08956,25,77100,4,0,0,South,High school or less,1320,8,19,8,0,1132.26,1,1,357.56
HG08957,42,61600,2,1,0,Northeast,Some college/associate,1240,4,13,10,0.2,647.34,0,0,0
HG08958,35,98400,1,0,1,Northeast,High school or less,1710,4,9,0,0.4375,811.84,0,0,0
HG08959,61,81500,1,0,0,South,Bachelor's,1170,10,44,1,0,599.67,0,0,0
HG08960,37,106200,2,0,1,South,High school or less,1930,8,29,3,0,910.22,1,1,198.17
HG08961,45,141800,4,0,1,Midwest,Bachelor's,2430,8,22,0,0,1081.33,1,1,311.37
HG08962,39,64300,2,1,1,West,Some college/associate,1760,6,13,3,0,991.78,1,0,0
HG08963,54,59400,1,0,1,South,Some college/associate,1150,3,4,4,0,986.62,1,1,67.41
HG08964,62,38500,1,0,1,Midwest,High school or less,930,2,8,4,0,708.8,0,0,0
HG08965,50,254000,2,1,1,Northeast,Bachelor's,1670,11,38,6,0,1516.15,0,0,0
HG08966,53,41600,1,0,0,Northeast,High school or less,910,4,16,4,0.357142857,437.69,0,0,0
HG08967,46,115300,6,5,0,South,Graduate,3670,0,0,51,0.454545455,1491.1,1,0,0
HG08968,52,114900,1,0,1,Northeast,Graduate,2090,0,0,56,0,1130.2,0,0,0
HG08969,38,266100,5,1,1,South,Bachelor's,3440,3,10,0,0,1726.09,1,0,0
HG08970,40,150900,2,0,1,Midwest,Graduate,1280,6,20,1,0,1223.88,0,0,0
HG08971,44,139400,4,1,1,Midwest,Some college/associate,2260,4,10,3,0,1115.47,1,0,0
HG08972,50,73800,2,0,0,South,Some college/associate,,0,0,65,0,851.5,0,0,0
HG08973,24,54300,2,0,0,Northeast,High school or less,1230,16,42,6,0,710.14,1,1,37.77
HG08974,54,74700,4,0,0,Northeast,Some college/associate,2070,0,0,130,0,885.65,1,0,0
HG08975,46,256200,2,0,1,Northeast,Some college/associate,1460,9,25,3,0,1244.08,1,0,0
HG08976,37,77900,2,0,0,Midwest,High school or less,1060,9,23,0,0,610.98,0,0,0
HG08977,29,34900,2,1,1,South,Some college/associate,950,16,41,1,0,799.54,0,0,0
HG08978,38,46900,3,0,0,West,Some college/associate,1860,0,0,57,0,833.18,0,0,0
HG08979,72,78100,1,0,1,South,Bachelor's,1130,2,6,5,0,1153.03,1,1,255.36
HG08980,53,188100,1,0,1,Northeast,Bachelor's,1490,9,14,2,0.476190476,999.56,0,0,0
HG08981,46,85200,5,4,0,South,Bachelor's,3500,0,0,81,0,1490.37,1,1,166.19
HG08982,64,92300,2,0,1,Northeast,Bachelor's,2150,5,31,2,0.222222222,947.85,0,0,0
HG08983,52,31300,1,0,0,South,Some college/associate,990,2,8,2,0.5,803.23,1,1,82.37
HG08984,34,51600,2,1,1,South,Some college/associate,1590,0,0,77,0,757.86,1,0,0
HG08985,31,78100,3,1,1,South,Some college/associate,1360,12,30,0,0,1241.39,1,0,0
HG08986,54,104300,2,0,0,Midwest,Graduate,,5,14,5,0,1046.44,0,0,0
HG08987,38,144400,5,4,1,Midwest,Bachelor's,2440,9,18,2,0,908.66,1,0,0
HG08988,49,158200,5,1,1,South,Bachelor's,3460,10,28,0,0,1156.55,0,0,0
HG08989,62,22600,1,0,1,Midwest,High school or less,910,0,0,49,0,563.69,1,0,0
HG08990,43,85800,1,0,0,South,Some college/associate,1080,8,16,5,0,556.93,1,1,41.95
HG08991,43,31000,2,0,0,West,High school or less,1010,3,6,3,0,774.8,0,0,0
HG08992,47,78500,4,1,0,South,Bachelor's,2850,0,0,68,0,850.73,1,0,0
HG08993,60,31000,1,0,1,West,High school or less,,0,0,48,0,982.93,0,0,0
HG08994,21,107800,2,0,1,South,Some college/associate,2090,7,24,2,0,916.27,1,0,0
HG08995,59,96200,5,1,1,Midwest,Bachelor's,2530,3,3,0,0,1184.02,1,1,121.05
HG08996,61,59000,2,0,1,West,High school or less,1920,4,20,4,0,1032.5,1,0,0
HG08997,28,31700,1,0,1,Northeast,High school or less,930,2,6,7,0,640.42,0,0,0
HG08998,58,65900,6,1,1,Midwest,High school or less,5000,0,0,92,0,1030.31,1,0,0
HG08999,30,59200,4,1,0,South,Some college/associate,2460,0,0,63,0,1110.54,0,0,0
HG09000,53,102800,3,0,1,South,Graduate,2080,0,0,46,0,1260.45,1,0,0
HG09001,45,100000,6,4,1,West,Bachelor's,4300,0,0,77,0,1242.53,0,0,0
HG09002,50,66500,3,0,0,South,Some college/associate,1550,8,15,0,0,843.14,1,1,43.63
HG09003,49,,4,2,1,Midwest,Graduate,1780,10,14,1,0,1471.24,0,1,123.21
HG09004,63,,4,0,1,Midwest,Some college/associate,2950,9,34,6,0,1363.58,0,1,189.31
HG09005,65,115300,2,0,1,South,Bachelor's,2000,5,15,6,0.304347826,1031.13,0,1,267.65
HG09006,26,89400,1,0,1,South,High school or less,1590,4,7,12,0,636.02,1,0,0
HG09007,52,192600,3,1,0,South,Graduate,2660,0,0,65,0,1410.53,1,0,0
HG09008,48,42800,4,1,0,Midwest,High school or less,1790,0,0,93,0,935.18,1,0,0
HG09009,34,21100,2,0,0,Northeast,Some college/associate,680,5,19,3,0,362.57,0,0,0
HG09010,53,103600,3,0,1,West,Graduate,3520,0,0,48,0,1014.06,0,0,0
HG09011,32,56500,4,1,1,South,Some college/associate,2230,0,0,55,0,875.35,1,0,0
HG09012,32,71500,2,0,1,West,High school or less,1800,3,8,11,0,843.69,0,0,0
HG09013,65,73900,1,0,1,West,Some college/associate,1620,7,40,1,0.066666667,991.47,0,0,0
HG09014,59,115500,5,1,1,Northeast,Some college/associate,3040,18,34,2,0,1258.62,0,1,109.71
HG09015,50,166100,2,0,1,West,Bachelor's,1210,19,47,3,0.266666667,1246.65,0,1,37.3
HG09016,62,61100,2,0,0,West,High school or less,1580,13,43,1,0,1021.79,1,0,0
HG09017,56,76600,2,0,1,Northeast,Some college/associate,1320,7,14,1,0,962.98,1,1,720.38
HG09018,53,103900,3,1,1,South,Graduate,2940,0,0,66,0,1284.39,0,0,0
HG09019,68,83300,1,0,0,Northeast,High school or less,1510,7,46,2,0.227272727,1061.55,1,1,83.27
HG09020,38,51900,5,2,1,South,High school or less,2720,0,0,69,0,959.44,1,0,0
HG09021,30,70500,1,0,0,Northeast,Bachelor's,830,6,16,7,0,939.91,0,0,0
HG09022,21,52600,4,0,1,South,High school or less,,19,64,4,0,857.06,1,0,0
HG09023,41,136800,5,1,1,South,Graduate,2130,8,26,4,0,1048.08,1,0,0
HG09024,46,111700,3,1,1,South,Some college/associate,1790,12,35,0,0,1298.91,0,0,0
HG09025,46,100100,4,1,1,South,Bachelor's,2950,7,16,8,0,1010.62,1,0,0
HG09026,42,140600,1,0,1,South,Some college/associate,1840,9,24,9,0,1107.82,0,0,0
HG09027,30,80600,3,1,0,Midwest,High school or less,1690,6,21,3,0,885.09,1,0,0
HG09028,52,60200,3,1,0,West,Bachelor's,1070,11,30,0,0,875.74,1,0,0
HG09029,40,70000,2,0,1,South,Some college/associate,980,4,15,1,0,812.02,1,0,0
HG09030,45,120800,2,0,1,Midwest,Bachelor's,1560,28,71,0,0,994.36,0,0,0
HG09031,53,114400,5,2,1,South,Some college/associate,2430,12,35,0,0,1328.15,0,1,501.36
HG09032,22,75700,2,0,1,Midwest,Bachelor's,1840,0,0,65,0,931.48,1,0,0
HG09033,46,47400,1,0,1,Midwest,Some college/associate,1440,5,25,3,0,1087.03,0,0,0
HG09034,32,,1,0,1,West,Bachelor's,2720,0,0,60,0,869.19,0,0,0
HG09035,58,101800,1,0,1,South,High school or less,1950,0,0,65,0,939.88,1,0,0
HG09036,42,25000,2,0,0,Northeast,High school or less,1040,5,15,4,0,859.26,1,0,0
HG09037,60,71100,2,1,1,South,High school or less,1640,4,13,8,0,872.44,1,0,0
HG09038,57,84100,3,0,1,South,Some college/associate,2420,9,45,5,0,863.21,0,0,0
HG09039,29,54200,3,1,0,South,Some college/associate,930,16,48,0,0,644.75,0,0,0
HG09040,50,40900,1,0,1,Midwest,High school or less,1640,0,0,45,0,766.5,1,0,0
HG09041,44,86200,3,0,1,South,Bachelor's,2620,0,0,72,0,1017.12,0,1,142.87
HG09042,40,90500,1,0,1,West,Bachelor's,1290,3,6,5,0,976.96,0,0,0
HG09043,48,81100,5,1,0,South,Some college/associate,,5,15,1,0,931.25,1,0,0
HG09044,71,84800,1,0,1,West,Graduate,2530,5,22,0,0,936.02,0,0,0
HG09045,30,41300,4,1,0,South,High school or less,1030,8,27,0,0,695.31,1,0,0
HG09046,39,124300,1,0,0,Midwest,Graduate,1080,3,5,14,0,682.14,1,0,0
HG09047,40,39100,1,0,1,West,Some college/associate,1530,10,43,3,0,1046.84,1,0,0
HG09048,43,86900,2,1,1,West,High school or less,1510,0,0,59,0,1034.51,1,1,91.97
HG09049,31,112100,1,0,1,South,Some college/associate,1510,12,36,3,0,1186.44,1,0,0
HG09050,49,76000,1,0,1,West,High school or less,1880,5,22,2,0,905.51,1,0,0
HG09051,43,73300,2,0,1,Midwest,Bachelor's,1690,0,0,81,0,916.68,1,1,248.16
HG09052,41,144300,5,0,1,South,Graduate,3630,12,33,0,0,1155.7,1,1,204.26
HG09053,37,150600,2,0,1,South,Bachelor's,2380,9,37,2,0,1190.86,1,1,281.29
HG09054,31,108300,2,1,1,Midwest,Bachelor's,1490,5,16,14,0,936.32,1,0,0
HG09055,44,77300,3,0,1,South,Some college/associate,1550,9,18,7,0,1216.99,1,1,127.09
HG09056,38,81500,2,0,1,West,Some college/associate,1650,3,8,5,0.222222222,877.29,1,0,0
HG09057,42,191200,2,0,0,Northeast,Graduate,2190,9,23,2,0,1096.37,0,0,0
HG09058,32,104800,2,0,1,South,Graduate,1480,6,25,4,0,993.64,0,0,0
HG09059,57,78200,2,0,0,Northeast,High school or less,1540,3,11,9,0.2,668.32,0,0,0
HG09060,43,151100,4,2,1,South,Bachelor's,1540,7,23,0,0,1236.03,1,0,0
HG09061,33,65600,3,0,1,West,Bachelor's,1400,6,17,0,0,1163.5,0,0,0
HG09062,53,74300,1,0,1,Northeast,Graduate,1580,6,18,2,0,1267.37,1,0,0
HG09063,33,69200,2,1,0,Midwest,High school or less,1860,6,18,11,0,593.45,1,0,0
HG09064,51,38100,3,2,1,South,High school or less,1770,0,0,117,0,732.7,1,0,0
HG09065,57,80700,4,0,1,South,Some college/associate,1670,11,32,3,0,1152,0,1,476.41
HG09066,52,43300,1,0,1,Midwest,High school or less,1090,7,33,0,0,891.74,1,1,193.26
HG09067,35,126400,1,0,0,West,Some college/associate,1670,2,4,12,0,1078.16,1,0,0
HG09068,53,214700,3,0,0,West,Bachelor's,1400,10,22,5,0,1326.93,0,0,0
HG09069,65,67400,1,0,1,Northeast,Bachelor's,1740,4,6,0,0.076923077,1086.36,1,1,133.21
HG09070,48,66800,1,0,1,Midwest,Bachelor's,1010,0,0,108,0,824.69,1,0,0
HG09071,57,111900,4,0,1,Midwest,Some college/associate,,8,30,1,0,1228.52,0,1,139.36
HG09072,51,76100,4,2,1,West,Bachelor's,1890,10,16,0,0,1240.28,0,0,0
HG09073,31,41800,1,0,1,South,Some college/associate,750,3,10,2,0,1066.17,1,0,0
HG09074,18,28400,4,0,0,South,High school or less,1750,3,14,0,0,859.24,0,0,0
HG09075,45,82900,4,2,1,Midwest,High school or less,3740,0,0,43,0,955.42,0,0,0
HG09076,50,109000,1,0,1,West,Bachelor's,1550,12,44,1,0,1352.51,1,0,0
HG09077,34,,2,0,1,West,Some college/associate,2440,5,14,0,0,661.3,0,0,0
HG09078,33,143500,2,1,1,West,Bachelor's,1250,4,7,9,0,1044.33,0,0,0
HG09079,55,147600,1,0,1,West,Bachelor's,2580,3,8,7,0,1438.06,1,1,433.01
HG09080,56,105600,5,1,1,South,Bachelor's,2150,8,43,4,0,1130.6,1,0,0
HG09081,36,98500,1,0,1,Northeast,Graduate,1290,9,15,0,0,922.12,0,0,0
HG09082,59,231600,2,0,0,South,Graduate,1340,5,14,6,0,1117.32,1,0,0
HG09083,35,74800,2,0,1,West,Bachelor's,1170,7,22,3,0,1079.43,0,1,192.06
HG09084,59,215300,3,0,1,Midwest,Bachelor's,1750,5,22,3,0,1430.97,1,0,0
HG09085,39,96600,1,0,0,West,Some college/associate,1280,4,18,7,0,964.81,0,0,0
HG09086,45,85400,1,0,1,Midwest,Bachelor's,1160,4,13,9,0,890.66,0,0,0
HG09087,45,80700,2,0,0,West,Graduate,1700,13,48,3,0,642.5,0,0,0
HG09088,62,84400,4,0,1,Midwest,Some college/associate,2600,0,0,36,0,1187.39,0,0,0
HG09089,37,137000,6,2,1,South,Bachelor's,2570,9,32,1,0,1350.38,0,0,0
HG09090,49,172500,2,1,1,West,Some college/associate,1560,4,9,10,0,1313.14,1,0,0
HG09091,51,69700,2,1,0,West,Some college/associate,850,13,43,0,0,871.77,1,1,155.63
HG09092,40,23800,2,1,1,South,High school or less,1200,0,0,70,0,579.48,1,0,0
HG09093,65,107300,2,0,1,Midwest,Bachelor's,2480,8,29,5,0,1014.25,1,0,0
HG09094,26,87300,1,0,0,South,Graduate,860,5,11,0,0,980.32,1,0,0
HG09095,47,43700,2,0,0,Northeast,Some college/associate,1260,10,19,4,0.5,758.72,1,0,0
HG09096,46,35600,2,0,1,South,Some college/associate,940,0,0,50,0,830.76,1,0,0
HG09097,50,104000,2,1,1,West,Some college/associate,1750,9,20,2,0,1128.66,1,0,0
HG09098,35,129500,3,1,1,West,Some college/associate,1960,9,25,0,0,973.55,0,0,0
HG09099,58,122100,3,1,1,Northeast,Bachelor's,2040,8,28,0,0,1070.49,0,0,0
HG09100,69,143100,1,0,1,South,Bachelor's,1090,6,15,0,0.4,1259.37,0,0,0
HG09101,25,33200,3,0,1,West,High school or less,1710,0,0,101,0,854.51,0,0,0
HG09102,37,161700,4,2,1,South,Graduate,2880,0,0,59,0,1395.26,1,0,0
HG09103,29,41600,1,0,0,Northeast,High school or less,1340,8,25,3,0,901.02,0,0,0
HG09104,42,77600,1,0,1,Midwest,Some college/associate,870,12,35,5,0,1034.53,1,1,112.62
HG09105,18,76900,3,1,0,West,High school or less,1300,6,20,6,0,895.77,0,1,122.94
HG09106,53,45100,1,0,1,Midwest,Bachelor's,1120,4,12,9,0,808.44,1,0,0
HG09107,52,102900,3,1,1,Northeast,Some college/associate,2240,8,30,0,0,1229.27,1,0,0
HG09108,42,72100,5,4,1,Midwest,Some college/associate,2230,7,24,3,0,1348.37,1,0,0
HG09109,41,81400,1,0,0,South,Bachelor's,1220,4,9,19,0,794.44,0,0,0
HG09110,44,64500,5,1,1,West,High school or less,2300,12,50,1,0,889.77,0,0,0
HG09111,34,55600,5,2,0,West,High school or less,1230,19,32,2,0,1203.48,0,1,172.32
HG09112,22,87000,3,1,0,Midwest,Some college/associate,1460,7,12,3,0,1086.95,1,0,0
HG09113,45,39900,2,0,1,South,High school or less,2130,0,0,63,0,767.82,0,0,0
HG09114,37,210000,2,0,1,Northeast,Bachelor's,,7,31,0,0,1269.17,1,0,0
HG09115,40,102100,2,1,0,Northeast,High school or less,1280,9,19,0,0,1399.76,0,1,86.01
HG09116,49,63000,2,0,1,Midwest,Bachelor's,1310,6,26,4,0,904.5,0,0,0
HG09117,40,73800,4,2,0,Midwest,High school or less,1370,14,39,4,0,1063.91,1,0,0
HG09118,41,91600,5,2,1,West,Graduate,2110,9,12,2,0,1308.89,1,1,72.48
HG09119,56,144800,4,0,1,South,Graduate,2800,5,11,0,0,852.54,1,0,0
HG09120,62,67700,6,2,1,Northeast,High school or less,,0,0,82,0,1421.84,1,0,0
HG09121,63,127100,1,0,1,Midwest,Bachelor's,2060,9,30,0,0.421052632,1184.31,0,0,0
HG09122,50,78400,5,2,1,South,Some college/associate,1810,15,33,3,0,1284.34,0,0,0
HG09123,34,168900,2,1,0,Northeast,Bachelor's,2130,8,12,9,0,1230.76,1,0,0
HG09124,33,65500,2,0,1,West,Some college/associate,1140,7,19,2,0,697.13,1,0,0
HG09125,54,105700,5,2,1,South,Graduate,3530,0,0,40,0,1286.07,1,0,0
HG09126,66,15000,4,0,1,South,High school or less,1130,8,23,3,0,1009.6,1,1,162.75
HG09127,35,155900,4,1,1,South,Bachelor's,2590,5,17,2,0,1292.28,1,0,0
HG09128,27,37300,2,0,1,Midwest,High school or less,1040,5,9,4,0,808.87,0,0,0
HG09129,46,115100,2,1,1,West,Bachelor's,1890,4,15,8,0,1108.65,0,0,0
HG09130,56,172800,5,1,0,Northeast,Bachelor's,2940,11,25,2,0,1330.35,1,0,0
HG09131,57,163000,2,0,1,West,Bachelor's,1770,11,22,4,0,1139.43,1,0,0
HG09132,67,113800,1,0,1,Northeast,Bachelor's,1360,0,0,44,0,1219.89,0,0,0
HG09133,34,152800,2,0,0,South,Bachelor's,1330,6,25,0,0,975.29,1,0,0
HG09134,66,113400,1,0,1,South,Some college/associate,1520,9,16,1,0.166666667,1048.93,1,0,0
HG09135,52,140900,4,1,1,Midwest,Bachelor's,2070,9,37,0,0,1147.95,1,0,0
HG09136,75,,4,0,1,Midwest,Graduate,2370,13,21,1,0,1060.69,1,0,0
HG09137,60,57800,1,0,0,Midwest,Some college/associate,870,6,16,3,0,712.66,0,0,0
HG09138,56,93600,4,1,1,South,Bachelor's,1460,13,21,1,0,1060.13,1,0,0
HG09139,42,141000,4,1,1,Midwest,Some college/associate,2920,6,16,6,0,982.62,1,0,0
HG09140,40,44200,3,1,0,Midwest,High school or less,1190,3,10,18,0,903.81,0,0,0
HG09141,55,90200,2,1,1,South,Some college/associate,1870,3,8,1,0,1100.83,0,0,0
HG09142,34,51100,2,0,1,South,Bachelor's,2350,0,0,73,0,994.4,0,0,0
HG09143,66,77500,2,0,1,South,Bachelor's,1890,10,33,8,0,830.22,0,0,0
HG09144,64,,1,0,1,South,Graduate,1310,4,18,10,0,1275,1,0,0
HG09145,57,62200,4,0,1,Northeast,Some college/associate,2550,1,5,11,0,1051.07,0,0,0
HG09146,50,41600,1,0,1,South,High school or less,1830,0,0,73,0,681.14,0,0,0
HG09147,56,43900,1,0,1,Midwest,High school or less,1590,3,13,4,0,652.35,1,0,0
HG09148,21,47600,3,0,0,Midwest,High school or less,1510,8,16,2,0.416666667,715.56,0,0,0
HG09149,73,137000,1,0,1,South,Graduate,1920,7,23,0,0.333333333,1231.37,0,0,0
HG09150,26,39500,2,1,1,Midwest,Some college/associate,1390,0,0,62,0,876.88,1,0,0
HG09151,59,164800,1,0,1,Northeast,Bachelor's,2040,8,39,8,0.454545455,1462.03,0,1,340.14
HG09152,41,142600,1,0,1,West,Bachelor's,990,6,7,5,0,1261.5,0,1,290.43
HG09153,36,83800,2,1,1,South,Bachelor's,2720,0,0,72,0,1223.51,0,0,0
HG09154,43,154100,4,1,0,South,Bachelor's,1900,12,33,2,0,1041.62,0,0,0
HG09155,39,115400,5,2,0,South,Bachelor's,3000,6,22,9,0,1256.76,1,0,0
HG09156,55,77900,6,0,1,Midwest,Bachelor's,2980,9,19,9,0,1167.6,0,1,177.48
HG09157,48,46800,1,0,1,South,High school or less,1520,5,9,17,0,818.26,1,0,0
HG09158,40,62500,2,0,1,West,Bachelor's,910,15,66,1,0,943.9,1,0,0
HG09159,30,52400,2,0,0,South,Some college/associate,1300,0,0,61,0,1208.81,0,0,0
HG09160,42,91300,3,1,1,Northeast,Bachelor's,1180,9,22,2,0,1287.19,1,1,180.37
HG09161,43,97900,1,0,1,South,Bachelor's,1490,4,12,2,0,985.95,1,0,0
HG09162,51,208500,1,0,1,Midwest,Graduate,1530,6,4,0,0,1059.07,0,0,0
HG09163,40,28900,3,1,1,West,Bachelor's,1770,7,19,11,0,918.3,1,0,0
HG09164,61,111400,5,1,0,South,Bachelor's,2970,0,0,84,0,1293.71,1,0,0
HG09165,56,135900,1,0,1,Northeast,Graduate,1760,8,21,9,0.388888889,944.24,1,0,0
HG09166,58,169100,6,1,0,South,Graduate,2380,12,40,0,0,1252.94,1,0,0
HG09167,56,89900,2,0,1,South,Bachelor's,1600,0,0,78,0,875.29,0,0,0
HG09168,33,132800,3,2,1,Northeast,Some college/associate,2410,6,18,2,0,1061.68,1,0,0
HG09169,59,81000,1,0,1,Northeast,Graduate,1630,0,0,62,0,1102.44,0,0,0
HG09170,47,52200,3,2,1,Midwest,High school or less,2990,0,0,64,0,1049.99,0,0,0
HG09171,46,70400,1,0,0,Midwest,Some college/associate,1000,5,19,3,0,690.9,0,0,0
HG09172,50,79400,1,0,1,Northeast,Some college/associate,2120,0,0,46,0,1245.08,0,0,0
HG09173,33,184300,4,0,1,Midwest,Bachelor's,3100,6,15,2,0,1262.92,1,0,0
HG09174,38,41100,2,0,1,West,High school or less,1610,11,33,1,0.307692308,759.22,0,0,0
HG09175,26,35300,5,3,0,South,High school or less,2590,0,0,58,0,968.01,0,0,0
HG09176,41,,2,1,1,Northeast,High school or less,2920,0,0,48,0,811.15,1,0,0
HG09177,67,67500,1,0,1,Northeast,Some college/associate,1780,8,35,1,0.285714286,1021.58,1,0,0
HG09178,39,52800,2,0,0,Northeast,Graduate,1210,11,31,0,0,985.29,1,0,0
HG09179,48,108300,4,3,1,Northeast,Some college/associate,2120,11,37,1,0,1286.55,1,0,0
HG09180,38,180400,2,0,0,West,Some college/associate,1430,12,29,3,0,1037.07,0,0,0
HG09181,51,129100,1,0,0,South,High school or less,1260,3,7,4,0,806.75,1,0,0
HG09182,49,54900,2,1,1,West,High school or less,2230,4,6,0,0.4,981.36,0,0,0
HG09183,56,101000,4,0,1,South,Graduate,2930,0,0,54,0,1247.17,0,1,63.83
HG09184,63,144500,2,0,1,West,Some college/associate,2050,0,0,96,0,1130.12,0,0,0
HG09185,44,56100,2,0,0,South,High school or less,1380,6,20,1,0,956.82,0,0,0
HG09186,38,154200,4,3,0,Midwest,Graduate,2990,0,0,52,0,1293.66,1,0,0
HG09187,37,161100,4,2,1,South,Some college/associate,2160,19,74,0,0,1318.2,1,1,107.26
HG09188,52,126300,4,0,1,West,Bachelor's,2230,5,15,2,0,1006.22,1,1,86.61
HG09189,39,200900,3,1,0,South,Bachelor's,1700,14,38,1,0,1133.67,1,0,0
HG09190,39,37300,3,1,0,West,High school or less,1280,0,0,57,0,803.56,0,0,0
HG09191,61,40700,1,0,1,West,High school or less,1820,10,39,5,0,1212.37,0,1,115.42
HG09192,58,140400,2,0,1,South,Graduate,1870,9,16,5,0,1167.02,0,0,0
HG09193,41,215400,4,1,1,Northeast,Bachelor's,2080,9,10,5,0,1290.39,1,0,0
HG09194,25,95100,2,0,0,Midwest,Some college/associate,1740,11,21,0,0,949.88,0,0,0
HG09195,22,65100,6,2,0,Northeast,Bachelor's,1830,10,22,2,0,979.9,1,1,45.25
HG09196,41,,5,1,0,Northeast,Bachelor's,2160,10,25,1,0,939.64,0,0,0
HG09197,49,61400,1,0,1,West,Bachelor's,1840,4,9,8,0,904.03,1,0,0
HG09198,47,41700,2,1,1,South,Some college/associate,2130,5,19,2,0,826.62,0,0,0
HG09199,35,48700,1,0,0,Midwest,High school or less,810,9,26,8,0,758.51,1,1,36.02
HG09200,39,47000,2,0,1,Midwest,High school or less,2490,0,0,63,0,884.52,0,0,0
HG09201,43,59800,3,1,1,South,High school or less,2060,14,64,1,0,1238.12,0,1,322.48
HG09202,66,120100,1,0,1,South,Some college/associate,1470,7,21,4,0,984.77,1,0,0
HG09203,47,140200,1,0,0,Midwest,Bachelor's,1320,4,7,3,0,1017.55,1,0,0
HG09204,43,90100,4,1,1,South,Some college/associate,1550,4,14,8,0,1130.04,0,0,0
HG09205,67,68200,1,0,0,Northeast,High school or less,1070,3,12,0,0.235294118,718.64,0,0,0
HG09206,53,101000,3,0,1,West,Bachelor's,1520,8,19,2,0,1122.19,0,0,0
HG09207,20,70200,2,0,0,South,High school or less,1300,10,22,1,0,798.5,0,0,0
HG09208,29,133400,2,1,0,South,Some college/associate,1440,7,19,0,0,933.53,1,0,0
HG09209,66,73300,2,0,1,Northeast,Bachelor's,2210,7,20,5,0,780.51,0,0,0
HG09210,70,75600,1,0,1,South,High school or less,1130,8,14,0,0,622.24,1,0,0
HG09211,32,86500,3,2,1,South,Bachelor's,1340,26,64,1,0,849.6,0,1,117.51
HG09212,51,86900,4,1,1,West,Bachelor's,2230,0,0,141,0,916.68,1,0,0
HG09213,73,61000,1,0,0,Northeast,High school or less,1090,7,32,3,0.227272727,1075.95,1,0,0
HG09214,64,55600,1,0,1,Northeast,High school or less,1310,2,3,15,0,668.87,0,0,0
HG09215,30,141400,2,1,1,Northeast,Some college/associate,1390,4,4,12,0,1189.66,1,1,643.99
HG09216,20,31500,4,0,0,West,High school or less,2750,0,0,68,0,683.28,1,0,0
HG09217,50,203900,4,1,1,Midwest,Graduate,2700,7,17,4,0,1510.21,1,0,0
HG09218,63,67200,2,0,1,Midwest,Some college/associate,1430,5,11,5,0.421052632,888.84,1,0,0
HG09219,73,61600,2,0,1,West,Some college/associate,,7,33,13,0,839.86,0,0,0
HG09220,54,116800,1,0,1,West,Some college/associate,2380,7,17,7,0,1142.5,0,1,251.64
HG09221,49,127200,2,1,1,South,Bachelor's,1570,12,48,9,0,1151.69,1,1,45.22
HG09222,48,135200,3,1,1,Northeast,Graduate,2450,0,0,51,0,1257.5,0,0,0
HG09223,44,87800,2,0,0,Northeast,Bachelor's,1630,4,8,11,0,869.69,0,0,0
HG09224,56,94300,2,0,1,West,Bachelor's,1130,9,29,10,0,861.68,1,0,0
HG09225,58,145400,3,0,1,South,Bachelor's,1770,6,9,1,0,1153.3,0,0,0
HG09226,56,108700,3,0,1,West,Some college/associate,2140,10,27,0,0,928.43,0,0,0
HG09227,63,108800,5,2,1,South,Bachelor's,4000,0,0,269,0,1449.5,0,0,0
HG09228,37,76300,3,1,1,Midwest,Some college/associate,1370,15,38,1,0,1032.74,0,0,0
HG09229,34,36000,2,1,0,South,High school or less,650,17,37,2,0,837,0,0,0
HG09230,69,43400,1,0,1,West,High school or less,1290,5,15,2,0.230769231,779.86,1,1,26.7
HG09231,41,104100,2,1,1,South,Bachelor's,1690,7,32,3,0,952.34,0,1,44.66
HG09232,31,102400,3,1,0,West,Bachelor's,2030,5,7,2,0,1066.68,1,1,91.27
HG09233,44,46000,4,2,0,Midwest,High school or less,1480,0,0,62,0,848.24,1,0,0
HG09234,68,64000,1,0,0,Midwest,Bachelor's,880,3,17,0,0,1108.86,1,0,0
HG09235,36,153400,2,0,1,Midwest,Bachelor's,2200,9,23,6,0,1139.63,0,0,0
HG09236,21,48900,1,0,1,West,High school or less,1520,10,37,0,0,632.77,1,0,0
HG09237,44,116800,3,0,0,Midwest,Some college/associate,1510,9,20,4,0,786.69,0,0,0
HG09238,53,47800,2,0,0,South,Some college/associate,1470,0,0,58,0,786.23,1,0,0
HG09239,51,162500,5,0,1,South,Graduate,2450,17,63,1,0,1163.39,1,0,0
HG09240,35,33300,1,0,0,Midwest,High school or less,750,6,9,15,0,859.25,0,0,0
HG09241,40,48200,3,1,0,South,High school or less,800,2,7,24,0,802.89,1,0,0
HG09242,57,89500,1,0,1,South,Some college/associate,1430,9,28,10,0,1103.37,0,1,153.71
HG09243,37,47300,2,0,0,West,High school or less,1320,4,15,16,0,636.49,1,1,52.52
HG09244,61,103400,2,0,1,South,Graduate,960,6,20,0,0,821.71,1,0,0
HG09245,40,79900,2,0,1,South,Some college/associate,,19,57,6,0,823.08,0,0,0
HG09246,46,133200,1,0,1,South,Some college/associate,1310,11,27,2,0,1099.83,1,0,0
HG09247,45,79600,3,1,0,West,Some college/associate,1740,5,8,0,0,843.67,0,0,0
HG09248,56,72000,4,0,1,Northeast,Bachelor's,1470,11,18,5,0,765.39,0,0,0
HG09249,46,82300,6,2,0,Northeast,Some college/associate,2810,16,44,3,0,753.25,0,0,0
HG09250,63,79200,2,0,0,West,High school or less,1320,12,54,2,0,803.82,1,1,56.44
HG09251,52,93900,1,0,0,West,Graduate,1260,6,15,5,0,976.43,1,0,0
HG09252,36,54400,3,1,1,West,High school or less,1930,4,14,0,0,787.88,1,0,0
HG09253,44,84700,4,0,0,West,Bachelor's,1230,0,0,72,0,964.47,1,0,0
HG09254,30,223600,2,1,0,South,Bachelor's,2120,7,16,14,0,1256.01,1,1,194.69
HG09255,69,69300,2,0,1,South,Some college/associate,1210,7,46,2,0,988.98,0,0,0
HG09256,41,102400,1,0,0,West,Bachelor's,920,7,17,1,0,1115.6,1,0,0
HG09257,48,156900,4,1,1,Midwest,Graduate,2830,5,10,8,0,1051.39,0,0,0
HG09258,24,50100,1,0,0,South,Some college/associate,1470,14,47,10,0,1057.48,1,1,176.15
HG09259,37,137300,3,1,1,Midwest,Bachelor's,1960,4,12,9,0,1142.47,0,0,0
HG09260,49,131200,2,1,0,Midwest,Some college/associate,1830,15,31,1,0,1031.62,1,1,79.2
HG09261,47,46900,4,0,0,Northeast,High school or less,2080,0,0,82,0,1213.07,0,0,0
HG09262,47,130300,3,0,1,Midwest,Some college/associate,2140,4,11,5,0,1157.63,0,0,0
HG09263,28,61200,1,0,1,South,High school or less,1740,6,27,1,0,809.1,0,1,80.75
HG09264,48,159600,2,0,1,West,Bachelor's,2060,8,22,2,0,1426.61,1,0,0
HG09265,22,,4,0,1,Midwest,Some college/associate,2600,4,15,2,0,756.5,0,0,0
HG09266,53,105500,6,0,1,Midwest,Some college/associate,3700,5,25,2,0.454545455,925.2,1,0,0
HG09267,41,109700,2,0,1,Northeast,Graduate,1690,5,20,3,0.2,723.43,0,1,32.78
HG09268,27,,5,0,1,West,Graduate,2330,7,19,8,0,1275.13,0,0,0
HG09269,49,90100,5,1,1,South,Some college/associate,2620,3,4,0,0,1006.15,1,0,0
HG09270,35,57400,2,1,1,South,High school or less,2000,8,34,7,0,943.05,0,0,0
HG09271,58,119100,2,0,1,South,Bachelor's,1390,16,63,0,0,1106.52,1,1,166.92
HG09272,44,117500,1,0,1,Northeast,Bachelor's,1190,8,26,1,0,1215.53,0,1,318.36
HG09273,42,136600,1,0,0,West,Graduate,1890,8,19,6,0,979.6,1,1,146.38
HG09274,73,,2,0,1,West,Graduate,1990,6,29,4,0,1206.63,0,1,213.69
HG09275,63,92200,1,0,1,Northeast,Bachelor's,1680,4,21,2,0,1073.91,0,0,0
HG09276,56,60800,1,0,1,Midwest,High school or less,1630,2,0,11,0,895.65,1,0,0
HG09277,48,37900,1,0,1,West,High school or less,1350,0,0,82,0,906.45,1,0,0
HG09278,51,63700,4,1,1,Midwest,High school or less,2200,0,0,80,0,902.11,0,0,0
HG09279,36,49800,2,1,0,Midwest,High school or less,970,7,20,5,0,893.12,0,0,0
HG09280,60,151900,4,0,1,South,Bachelor's,2520,9,28,1,0,1348.42,0,0,0
HG09281,50,100600,4,1,1,West,Graduate,4610,0,0,66,0,994.67,0,0,0
HG09282,33,,3,0,1,South,Bachelor's,2000,17,60,3,0,916.98,1,1,87.34
HG09283,38,29800,5,1,1,Midwest,High school or less,2600,0,0,88,0,902,1,0,0
HG09284,30,37500,5,2,0,Northeast,Some college/associate,1860,0,0,65,0,1057.67,0,0,0
HG09285,44,210800,5,0,1,South,Bachelor's,3230,9,20,0,0,1375.47,1,1,264.18
HG09286,35,71100,1,0,1,West,Graduate,1460,9,18,0,0,1024.22,0,0,0
HG09287,37,55600,2,0,1,West,Graduate,2460,0,0,79,0,1044.11,1,0,0
HG09288,41,71600,2,0,1,South,Some college/associate,1780,7,9,2,0,1018.69,0,0,0
HG09289,33,66500,3,1,0,West,Some college/associate,1090,7,20,1,0,943.74,0,0,0
HG09290,35,50600,5,1,0,Midwest,Some college/associate,2800,0,0,100,0,960.93,1,0,0
HG09291,42,40100,1,0,1,South,High school or less,870,7,28,1,0,846.37,0,0,0
HG09292,56,162600,3,1,1,Midwest,Bachelor's,2450,6,23,1,0,1159.39,1,1,115.98
HG09293,57,89100,1,0,1,Northeast,High school or less,1600,8,23,0,0.2,1046.89,0,0,0
HG09294,24,41500,3,1,0,South,High school or less,1830,0,0,97,0,974.58,1,0,0
HG09295,63,119200,2,0,0,West,Bachelor's,1930,8,21,0,0.136363636,676.63,1,0,0
HG09296,47,116000,1,0,1,Midwest,Bachelor's,1670,5,25,1,0,1228.72,0,0,0
HG09297,37,191900,1,0,1,South,Graduate,1380,8,44,5,0,989.7,1,0,0
HG09298,59,67300,1,0,0,South,Some college/associate,1450,3,9,3,0,931.68,0,0,0
HG09299,59,78100,2,0,1,West,Some college/associate,1410,5,23,14,0,839.76,1,0,0
HG09300,36,48000,2,1,1,West,Some college/associate,1520,0,0,67,0,993.14,0,0,0
HG09301,35,158100,6,3,1,South,Graduate,2650,11,42,0,0,1200.98,1,0,0
HG09302,31,92600,5,3,1,West,Some college/associate,1970,7,8,12,0,823.42,1,0,0
HG09303,51,74700,4,1,1,Northeast,Bachelor's,1910,0,0,52,0,1075.05,0,0,0
HG09304,45,20600,4,2,1,South,High school or less,1370,9,25,6,0,1093.09,1,0,0
HG09305,31,75000,2,0,1,South,Some college/associate,2400,0,0,79,0,1112.99,0,1,114.41
HG09306,39,95000,1,0,1,South,Bachelor's,1240,10,42,0,0,1030.17,1,0,0
HG09307,18,83700,3,0,1,West,High school or less,1690,11,32,0,0,1116.93,0,0,0
HG09308,33,41500,2,0,0,West,High school or less,1140,0,0,84,0,716.33,1,0,0
HG09309,47,144300,2,0,1,West,Bachelor's,1190,10,17,0,0,1086.47,1,0,0
HG09310,53,214100,5,2,1,South,Graduate,3150,11,30,1,0,1579.67,1,1,128.08
HG09311,74,41400,2,0,1,South,Some college/associate,1230,9,30,2,0,857.91,1,0,0
HG09312,63,32800,5,0,0,West,Bachelor's,2300,0,0,87,0,910.02,0,0,0
HG09313,52,40000,3,0,1,South,High school or less,1630,13,31,1,0,934.17,1,0,0
HG09314,39,82500,2,1,1,South,Bachelor's,1660,8,16,7,0,809.2,1,0,0
HG09315,53,85400,2,0,1,South,High school or less,1580,8,19,0,0,956.47,0,0,0
HG09316,63,135400,1,0,1,Midwest,Graduate,1540,4,14,12,0,1024.94,1,0,0
HG09317,47,48000,2,0,0,Midwest,Some college/associate,1000,7,35,2,0,1085.96,1,0,0
HG09318,39,99800,2,1,1,South,High school or less,1830,10,23,3,0.294117647,1101.28,0,0,0
HG09319,23,27100,2,0,1,West,Some college/associate,930,18,37,1,0,794.86,0,0,0
HG09320,60,133900,3,0,1,South,Graduate,2270,8,35,4,0,1286.94,0,1,173.68
HG09321,70,168500,1,0,1,South,Bachelor's,1670,2,16,0,0.5,1260.25,0,0,0
HG09322,34,47100,6,3,1,Northeast,Some college/associate,2770,0,0,65,0,1200.31,1,0,0
HG09323,39,122100,5,0,0,South,Some college/associate,2240,7,18,1,0,1065.13,1,1,125.28
HG09324,42,104700,2,0,1,Northeast,Bachelor's,1990,5,18,2,0,956.06,1,1,114.37
HG09325,40,68800,2,0,0,South,High school or less,1300,0,0,56,0,789.86,1,0,0
HG09326,46,75400,3,1,1,Northeast,Bachelor's,2140,0,0,42,0,1193.05,0,0,0
HG09327,40,51400,3,0,0,Midwest,High school or less,1110,5,13,8,0,860.69,0,1,134.92
HG09328,52,37200,3,0,0,Midwest,Some college/associate,1040,3,8,13,0,766.05,1,0,0
HG09329,50,152100,3,0,1,West,Bachelor's,2620,10,21,3,0,1320.15,1,0,0
HG09330,37,44400,1,0,0,Midwest,High school or less,1340,9,29,4,0.260869565,530.55,0,0,0
HG09331,48,132200,2,0,1,South,Bachelor's,1730,6,13,5,0,876.8,1,0,0
HG09332,45,111400,1,0,0,Midwest,Some college/associate,1540,2,7,21,0,832.78,0,0,0
HG09333,49,88800,2,0,1,Midwest,Some college/associate,1440,13,16,2,0,1312.89,1,1,196.35
HG09334,50,282800,2,1,1,West,Bachelor's,2020,9,28,3,0,1290.94,0,0,0
HG09335,68,91700,1,0,1,Midwest,Bachelor's,1460,3,11,4,0,903.84,0,0,0
HG09336,53,239800,2,0,1,Midwest,Graduate,2150,5,12,9,0,1384.44,0,1,323.37
HG09337,46,59700,2,0,0,Northeast,Some college/associate,960,11,21,1,0,1144.37,0,0,0
HG09338,49,80000,1,0,1,Northeast,Some college/associate,1170,7,16,0,0,966.65,1,0,0
HG09339,41,68800,2,0,0,Northeast,High school or less,,6,15,2,0,522.91,1,0,0
HG09340,45,40200,3,1,1,West,High school or less,1170,8,14,10,0,783.85,0,0,0
HG09341,49,37400,4,2,0,South,Some college/associate,1760,0,0,66,0,891.17,0,0,0
HG09342,38,90900,1,0,1,South,Bachelor's,2200,6,7,21,0,1043.24,0,0,0
HG09343,35,108500,3,1,1,West,Bachelor's,1560,6,18,0,0,1418.93,1,1,317.27
HG09344,53,48400,2,0,1,Midwest,High school or less,1030,11,40,1,0,664.57,0,0,0
HG09345,43,35800,2,0,1,West,Graduate,1280,9,27,3,0,1103.89,0,1,106.61
HG09346,64,86700,2,0,1,South,Some college/associate,1650,2,5,3,0,1127.99,0,0,0
HG09347,27,109200,4,2,1,Midwest,Bachelor's,2490,31,54,0,0,1315.44,1,1,257.92
HG09348,31,48700,3,1,0,South,Some college/associate,1690,0,0,55,0,1052.92,1,0,0
HG09349,50,134600,1,0,0,West,Graduate,1130,6,14,1,0,1295.51,0,0,0
HG09350,24,28100,6,2,1,South,High school or less,2450,0,0,69,0,938.71,0,0,0
HG09351,72,119900,2,0,1,West,Bachelor's,1330,13,42,0,0,888.66,1,1,123
HG09352,36,128300,2,0,0,South,Bachelor's,1640,11,37,1,0,899.06,0,0,0
HG09353,42,27400,4,0,0,Midwest,High school or less,1160,12,38,5,0,782.29,0,0,0
HG09354,42,96300,1,0,1,Midwest,Some college/associate,950,4,14,4,0,700.79,1,0,0
HG09355,38,50200,6,2,0,South,Some college/associate,2450,11,35,3,0,1102.45,0,1,140.82
HG09356,43,89900,2,1,0,West,Some college/associate,1650,7,19,6,0,1095.46,0,1,66.16
HG09357,49,96000,1,0,1,Midwest,Some college/associate,1920,8,13,1,0,1076.93,1,0,0
HG09358,37,65900,2,0,1,Northeast,High school or less,2700,9,26,3,0,792.94,0,0,0
HG09359,69,59400,2,0,1,Midwest,Some college/associate,1980,0,0,52,0,1141.99,1,0,0
HG09360,60,81300,2,0,1,Midwest,Graduate,1840,0,0,60,0,858.43,0,0,0
HG09361,42,58800,2,1,0,South,High school or less,1120,3,14,12,0,809.62,0,0,0
HG09362,33,26100,2,1,0,West,Some college/associate,640,10,18,2,0,837.42,0,0,0
HG09363,48,67600,1,0,0,West,High school or less,1160,9,32,7,0,636.91,0,0,0
HG09364,39,87000,3,1,1,Midwest,Bachelor's,1610,7,22,1,0,1066.46,1,1,34.94
HG09365,50,34600,3,1,0,Midwest,High school or less,1640,6,15,12,0,525.11,1,0,0
HG09366,61,77900,4,1,0,West,Graduate,3090,0,0,59,0,976.93,0,0,0
HG09367,46,28500,2,0,1,West,High school or less,940,0,0,68,0,726.91,1,0,0
HG09368,40,74800,2,0,1,Northeast,Some college/associate,1620,0,0,66,0,698.17,0,0,0
HG09369,31,82900,2,0,0,West,Bachelor's,,16,36,3,0,786.82,1,1,95.39
HG09370,62,65600,1,0,1,South,Some college/associate,1700,6,10,3,0,1112.44,0,0,0
HG09371,48,70600,1,0,0,South,High school or less,1240,6,28,2,0,977.94,0,0,0
HG09372,27,118300,3,1,1,West,Bachelor's,1730,9,17,11,0,1217.22,1,0,0
HG09373,53,73100,6,0,1,Northeast,Some college/associate,3410,3,4,5,0.222222222,1313.03,1,1,643.28
HG09374,71,99500,1,0,1,West,Bachelor's,2400,6,20,13,0,880.1,1,0,0
HG09375,55,26700,4,1,0,South,High school or less,2090,0,0,44,0,875.38,0,0,0
HG09376,30,82700,3,1,0,Northeast,Bachelor's,1510,6,24,2,0,684.15,0,1,148.3
HG09377,49,82000,2,0,0,Northeast,Some college/associate,1480,9,39,0,0.272727273,1089.43,0,0,0
HG09378,46,73100,2,0,1,South,Some college/associate,2030,9,12,1,0,843.62,0,0,0
HG09379,33,37100,5,2,0,West,High school or less,1480,5,12,4,0,716.18,1,0,0
HG09380,50,89300,2,1,1,South,Some college/associate,2050,0,0,55,0,1116.11,0,0,0
HG09381,58,181700,2,1,1,South,Bachelor's,2210,7,15,0,0,1106.32,0,0,0
HG09382,52,87300,2,1,1,South,High school or less,1930,14,69,1,0,1041.18,1,1,91.22
HG09383,56,164800,2,0,1,West,Some college/associate,1630,8,21,5,0,1285.96,1,1,126.41
HG09384,49,95500,3,0,1,Midwest,High school or less,4030,0,0,45,0,874.73,0,0,0
HG09385,49,100800,2,1,1,South,High school or less,2230,10,44,1,0,1063.07,0,0,0
HG09386,72,74000,3,0,1,South,Graduate,1950,0,0,47,0,1126.75,1,0,0
HG09387,50,143800,1,0,1,West,Some college/associate,1490,9,31,1,0,1115.79,1,0,0
HG09388,33,127400,1,0,0,Northeast,High school or less,1890,6,21,2,0,856.8,1,1,22.69
HG09389,38,58900,5,3,0,South,Some college/associate,2170,0,0,101,0,857.64,0,0,0
HG09390,41,43800,4,2,0,Northeast,High school or less,2280,6,17,0,0,951.81,0,0,0
HG09391,40,91300,5,3,1,South,Some college/associate,3210,0,0,61,0,1137.41,1,0,0
HG09392,72,98300,6,0,1,South,Some college/associate,3160,9,41,4,0,1149.81,1,0,0
HG09393,29,74500,1,0,1,Midwest,Some college/associate,900,3,5,4,0.285714286,809.69,0,0,0
HG09394,53,104200,1,0,1,South,Bachelor's,1930,7,38,2,0,1162.25,0,0,0
HG09395,39,,1,0,1,West,Bachelor's,1460,2,8,9,0,885.26,1,0,0
HG09396,51,167800,1,0,1,South,Graduate,1870,5,15,1,0,1184.95,0,0,0
HG09397,69,157600,3,0,1,Midwest,Bachelor's,2410,5,13,1,0,1010.04,0,0,0
HG09398,50,63000,1,0,0,Northeast,Some college/associate,1750,5,22,3,0.4,489.5,0,0,0
HG09399,49,178900,4,1,0,South,Bachelor's,2280,7,14,0,0,1426.38,0,0,0
HG09400,62,128400,6,2,1,Midwest,Graduate,4150,5,14,0,0.071428571,1664.76,0,1,264.87
HG09401,49,64500,4,0,1,South,High school or less,1530,12,20,3,0,830.61,1,0,0
HG09402,64,71000,2,0,1,Northeast,Some college/associate,1760,10,36,6,0.411764706,842.83,1,0,0
HG09403,59,69600,2,0,1,Midwest,Some college/associate,1300,0,0,88,0,942.48,0,0,0
HG09404,42,29400,3,0,0,South,High school or less,1170,10,24,4,0,708.31,1,0,0
HG09405,20,108100,6,2,1,South,Some college/associate,2110,22,62,0,0,1014.55,1,0,0
HG09406,33,39500,1,0,1,Midwest,High school or less,1470,2,4,0,0,543.2,0,0,0
HG09407,63,80600,3,0,0,West,High school or less,1070,7,18,1,0,1155.94,1,0,0
HG09408,47,87200,2,0,1,South,Some college/associate,1750,0,0,79,0,1074.92,0,0,0
HG09409,45,95000,1,0,1,South,Bachelor's,1700,2,7,17,0,947.35,0,0,0
HG09410,48,150600,5,2,1,South,Bachelor's,2630,6,14,9,0,924.46,1,0,0
HG09411,34,112200,4,3,0,Midwest,High school or less,2110,6,12,3,0,1132.33,1,0,0
HG09412,59,147700,4,0,1,West,Some college/associate,1780,16,52,1,0,1006.32,0,0,0
HG09413,38,52800,1,0,0,West,High school or less,1200,6,15,0,0.272727273,962.5,0,0,0
HG09414,44,63800,5,0,1,South,High school or less,1780,0,0,95,0,812.99,0,1,93.87
HG09415,57,115000,2,0,0,Midwest,Graduate,1000,1,4,22,0,968.57,0,0,0
HG09416,21,27600,3,0,0,South,High school or less,1410,2,6,4,0,688.44,1,0,0
HG09417,51,86700,1,0,0,Midwest,Bachelor's,1470,3,8,9,0,740.43,0,0,0
HG09418,36,82400,3,0,1,Midwest,Bachelor's,1570,0,0,68,0,930.97,1,0,0
HG09419,57,171300,3,0,1,West,Graduate,1900,12,45,1,0,1175.9,1,1,61.43
HG09420,25,35600,2,0,1,South,High school or less,1280,9,36,4,0.166666667,757.02,0,0,0
HG09421,38,78500,2,0,1,West,High school or less,980,6,15,2,0,1160.71,0,1,372.63
HG09422,56,85800,2,0,0,West,Bachelor's,2200,0,0,94,0,1026.74,1,0,0
HG09423,54,123200,4,0,0,South,Bachelor's,1680,0,0,84,0,1159.43,1,0,0
HG09424,53,72500,2,0,1,Northeast,High school or less,2620,5,25,2,0.625,904.25,1,0,0
HG09425,43,110600,1,0,0,West,Graduate,1180,2,4,24,0,1060.56,0,0,0
HG09426,45,150400,5,1,1,West,Bachelor's,2180,19,69,0,0,1341.78,0,0,0
HG09427,60,277600,2,1,1,South,Graduate,1020,17,63,0,0,1331.85,1,0,0
HG09428,44,50100,4,2,1,Midwest,Some college/associate,3650,0,0,63,0,1401.18,0,0,0
HG09429,46,133500,2,0,1,West,Some college/associate,2030,8,25,2,0,1036.61,1,0,0
HG09430,28,71200,1,0,0,South,High school or less,1030,2,6,14,0,849.97,0,0,0
HG09431,33,104500,2,0,0,West,Some college/associate,1220,11,18,0,0,697.06,0,0,0
HG09432,65,44300,1,0,1,West,High school or less,1390,0,0,63,0,867.01,0,0,0
HG09433,58,100300,3,1,1,South,Some college/associate,1430,8,29,1,0,1132.59,1,1,148.29
HG09434,35,119200,4,2,0,South,Bachelor's,1540,10,26,1,0,1043.78,1,0,0
HG09435,50,318000,6,2,0,South,Bachelor's,3570,11,26,1,0,1363.56,1,0,0
HG09436,46,91200,3,0,0,South,Bachelor's,1350,15,32,1,0,950.31,0,0,0
HG09437,39,190200,1,0,1,South,Bachelor's,1350,12,22,0,0,1082.2,0,0,0
HG09438,35,79600,6,2,1,South,High school or less,4390,0,0,98,0,1112.09,0,0,0
HG09439,46,55700,2,1,0,South,Some college/associate,960,14,51,1,0,845.63,0,0,0
HG09440,63,74900,1,0,1,South,Bachelor's,1520,8,24,1,0,808.28,1,0,0
HG09441,34,40000,1,0,1,West,High school or less,1770,7,23,3,0,749.52,1,1,41.22
HG09442,47,53200,2,0,1,South,High school or less,1400,0,0,51,0,756.2,1,0,0
HG09443,35,57200,4,3,1,Northeast,Some college/associate,2300,0,0,63,0,1090.35,0,0,0
HG09444,56,82500,2,1,1,West,Bachelor's,1140,5,7,16,0,871.98,1,0,0
HG09445,59,129200,1,0,1,Northeast,Graduate,1170,3,16,0,0.6,1110.4,0,0,0
HG09446,36,40800,4,0,1,Northeast,Some college/associate,1690,0,0,46,0,848.07,1,0,0
HG09447,43,106800,2,1,1,West,Some college/associate,1320,4,10,8,0,981.34,1,0,0
HG09448,46,61200,3,1,1,Northeast,Some college/associate,1660,6,18,2,0.428571429,640.65,0,0,0
HG09449,44,66200,1,0,0,West,Some college/associate,1120,5,16,8,0,781.8,0,1,83.27
HG09450,35,105000,4,2,1,West,Some college/associate,3920,0,0,52,0,997.25,1,1,85.54
HG09451,41,96800,1,0,1,Midwest,Some college/associate,1370,10,39,6,0,957.02,1,0,0
HG09452,61,86600,1,0,1,Northeast,Bachelor's,,8,29,6,0.066666667,925.58,1,0,0
HG09453,30,104400,3,0,1,South,Bachelor's,2830,3,8,0,0,1055.93,1,0,0
HG09454,54,45400,3,0,1,West,High school or less,2500,0,0,63,0,938.31,1,0,0
HG09455,49,69200,1,0,1,Northeast,Some college/associate,2210,8,25,1,0.368421053,794.81,1,0,0
HG09456,33,62400,3,1,0,South,Bachelor's,1810,7,20,0,0,959.66,1,0,0
HG09457,40,65600,1,0,1,South,Some college/associate,1050,8,25,1,0,788.94,0,0,0
HG09458,40,142800,5,1,1,South,Bachelor's,2970,8,23,6,0,1213.76,1,0,0
HG09459,46,22100,3,0,1,West,High school or less,2110,0,0,63,0,911.05,0,1,33.44
HG09460,58,135800,3,0,1,South,Bachelor's,2450,16,37,0,0,1214.97,1,1,157.37
HG09461,37,70900,1,0,1,West,Some college/associate,1250,7,16,1,0,747.85,1,0,0
HG09462,24,59000,2,0,1,South,Some college/associate,890,13,24,0,0,1089.27,0,0,0
HG09463,60,50100,3,0,1,Northeast,Some college/associate,1710,7,23,13,0,961.73,1,0,0
HG09464,31,65400,3,1,0,Midwest,Some college/associate,1270,8,28,0,0,862.99,1,0,0
HG09465,43,157900,1,0,1,South,Graduate,1330,13,34,2,0,975.9,1,1,178.5
HG09466,45,48800,4,1,0,West,Bachelor's,1030,15,29,0,0,789.76,1,0,0
HG09467,40,76300,3,1,0,West,Some college/associate,1800,8,23,1,0,823.66,0,0,0
HG09468,44,41400,1,0,0,South,High school or less,860,9,41,2,0,719.01,0,0,0
HG09469,54,95500,3,1,1,Midwest,Bachelor's,2160,5,16,5,0,1375.79,0,0,0
HG09470,72,170200,1,0,1,Northeast,Bachelor's,2020,4,9,9,0,916.12,0,0,0
HG09471,45,105800,1,0,1,South,High school or less,830,6,18,0,0,819.17,1,0,0
HG09472,60,147100,2,1,0,West,Graduate,1190,8,8,5,0,1235.54,0,0,0
HG09473,41,48700,1,0,1,South,High school or less,950,6,24,1,0,919.36,1,0,0
HG09474,42,78000,1,0,1,South,Some college/associate,910,4,6,7,0,1012.25,1,0,0
HG09475,28,77500,2,0,1,Midwest,Some college/associate,2130,7,7,3,0,521.22,1,0,0
HG09476,42,164700,2,1,0,South,Graduate,1650,19,53,2,0,1376.13,1,1,72.13
HG09477,21,65200,2,0,0,Midwest,Some college/associate,900,7,22,1,0,1139.12,1,0,0
HG09478,61,87500,2,1,1,South,High school or less,1030,13,41,1,0,1069.92,1,0,0
HG09479,40,135300,4,2,0,West,Bachelor's,1620,5,14,13,0,1382.58,1,1,421.42
HG09480,61,108800,2,0,1,Northeast,Some college/associate,2970,0,0,86,0,898.39,0,1,198.79
HG09481,36,33600,3,0,1,South,High school or less,1670,0,0,72,0,649.93,1,0,0
HG09482,53,187900,1,0,1,West,Graduate,1650,4,12,2,0,1322.98,1,0,0
HG09483,66,120200,1,0,0,Northeast,Bachelor's,2090,5,23,0,0.285714286,1003.33,1,0,0
HG09484,57,128400,1,0,1,South,Graduate,1330,12,49,4,0,1115.2,1,0,0
HG09485,49,183500,1,0,1,Midwest,Graduate,2000,6,21,1,0,1317.02,1,0,0
HG09486,39,51800,2,1,1,West,Bachelor's,1530,0,0,83,0,770.45,1,0,0
HG09487,48,64800,2,0,1,Northeast,Some college/associate,1280,0,0,49,0,1106.53,0,0,0
HG09488,38,118500,2,0,1,South,Bachelor's,,6,6,4,0,1105.94,1,0,0
HG09489,44,85900,2,0,0,West,Some college/associate,1200,6,10,4,0,944.98,0,0,0
HG09490,41,107000,3,0,1,Midwest,Some college/associate,1940,18,52,0,0,1207.36,1,1,122.2
HG09491,60,76200,1,0,0,West,Some college/associate,830,5,24,1,0,593.73,1,0,0
HG09492,71,63700,2,1,1,West,High school or less,1700,0,0,158,0,1292.57,1,0,0
HG09493,47,102700,1,0,1,South,Bachelor's,1100,4,10,1,0,960.39,1,1,159.18
HG09494,57,,4,0,0,Midwest,Some college/associate,1870,0,0,39,0,955.49,0,0,0
HG09495,38,61100,2,1,1,West,High school or less,1060,2,9,1,0,964.31,1,0,0
HG09496,55,37400,2,0,0,West,Some college/associate,1080,4,10,1,0,862.96,0,0,0
HG09497,41,178800,3,1,1,West,Some college/associate,2150,7,19,2,0,1144.19,1,1,61.48
HG09498,65,128000,5,0,1,South,Graduate,2230,7,31,4,0,1207.58,0,1,389.27
HG09499,50,113200,4,1,1,South,Bachelor's,1920,11,26,8,0,1179.66,1,0,0
HG09500,56,223200,2,0,0,South,Bachelor's,1070,14,35,2,0,1069.43,0,0,0
HG09501,30,31600,4,1,1,South,High school or less,2140,12,39,8,0,973.6,0,1,62.99
HG09502,50,91700,1,0,1,Northeast,Some college/associate,1000,6,11,1,0,856.32,1,0,0
HG09503,42,121900,2,0,1,Northeast,Bachelor's,1410,15,59,2,0,965.96,0,0,0
HG09504,36,44700,1,0,0,West,High school or less,950,8,31,0,0.538461538,777.77,1,0,0
HG09505,51,50700,2,0,1,South,High school or less,1400,3,10,0,0,761.57,1,0,0
HG09506,42,35400,4,2,0,South,Bachelor's,1750,0,0,43,0,693.63,1,0,0
HG09507,30,83000,2,1,1,West,Some college/associate,2080,16,44,1,0,1128.51,1,0,0
HG09508,26,47000,3,0,0,South,Bachelor's,1250,12,74,3,0,581.51,0,0,0
HG09509,35,75800,2,1,1,West,Graduate,1390,7,33,0,0,778.43,0,1,104.12
HG09510,43,84700,1,0,1,Midwest,Some college/associate,1400,7,23,1,0,1057.65,0,0,0
HG09511,45,109400,3,1,0,South,Some college/associate,2100,5,9,3,0,1079.11,1,0,0
HG09512,50,150400,6,0,0,South,Bachelor's,4090,8,13,19,0,1198.81,1,1,20.27
HG09513,46,100500,6,2,1,West,Some college/associate,4050,9,18,1,0,1250.18,0,0,0
HG09514,55,66100,3,1,1,West,High school or less,1130,4,5,5,0,960.31,1,0,0
HG09515,59,106100,1,0,1,Midwest,Some college/associate,2360,5,27,1,0,1096.39,0,0,0
HG09516,61,168800,5,0,1,South,Bachelor's,1980,2,6,0,0,1214.08,1,0,0
HG09517,42,71000,2,1,0,South,Some college/associate,1440,14,40,0,0,799.86,1,0,0
HG09518,44,148700,3,1,1,South,Some college/associate,2350,2,8,10,0,950.43,1,0,0
HG09519,57,173800,2,0,0,Midwest,Bachelor's,1300,4,11,0,0,1164.97,1,0,0
HG09520,41,107900,2,0,1,South,Bachelor's,1430,4,9,3,0.333333333,800.35,1,0,0
HG09521,51,69700,4,2,0,Midwest,High school or less,1220,5,19,7,0.388888889,906.56,1,0,0
HG09522,45,88700,2,0,1,West,Bachelor's,2280,4,7,1,0,889.48,0,0,0
HG09523,34,23900,2,0,1,West,High school or less,1530,0,0,44,0,665.99,0,0,0
HG09524,42,74900,2,1,1,Midwest,Some college/associate,1580,8,21,8,0,907.08,0,0,0
HG09525,31,227800,1,0,0,West,Some college/associate,1100,10,32,2,0,1252.71,1,1,179.34
HG09526,29,25600,4,0,1,Midwest,High school or less,1530,0,0,78,0,1054.33,0,0,0
HG09527,19,19800,2,0,0,West,High school or less,730,10,20,5,0,736.94,0,0,0
HG09528,26,53400,2,0,1,Midwest,Some college/associate,1500,7,36,2,0,727.27,0,0,0
HG09529,37,114800,4,1,1,Northeast,Graduate,1820,8,15,0,0,800.55,1,1,90.78
HG09530,55,182100,2,0,1,South,Bachelor's,1640,6,13,1,0,1028.93,0,0,0
HG09531,44,,3,0,1,Midwest,Bachelor's,2340,14,26,2,0.2,1047.39,0,0,0
HG09532,40,68200,4,1,1,South,High school or less,1500,7,20,1,0,1065.04,0,0,0
HG09533,71,94400,1,0,1,Midwest,Bachelor's,1280,4,6,8,0,1075.9,0,0,0
HG09534,49,81800,1,0,0,South,Some college/associate,1350,5,19,11,0,1040.62,0,0,0
HG09535,49,97400,5,3,1,South,Graduate,3760,12,31,0,0,1119.66,0,0,0
HG09536,65,292900,2,0,0,Northeast,Graduate,2070,0,0,116,0.136363636,1455.98,1,0,0
HG09537,73,157100,1,0,1,West,Graduate,1180,12,19,0,0,1190.61,1,0,0
HG09538,43,50700,2,1,1,Midwest,Graduate,1800,0,0,50,0,1268.38,1,1,74.11
HG09539,40,56000,5,2,1,South,Some college/associate,2500,0,0,51,0,1272.15,1,0,0
HG09540,33,115900,4,3,1,West,High school or less,2390,7,20,5,0,1328.22,0,0,0
HG09541,34,53900,1,0,1,Midwest,Some college/associate,1550,0,0,54,0,692.97,0,0,0
HG09542,50,208000,1,0,1,South,Graduate,1530,6,22,6,0,1203.1,0,0,0
HG09543,35,49900,3,0,1,South,Some college/associate,1240,9,31,3,0,919.26,0,0,0
HG09544,39,55000,1,0,1,Northeast,Some college/associate,1340,8,38,3,0,995.61,0,1,384.75
HG09545,34,28800,2,0,0,South,Some college/associate,1210,2,7,5,0,776.67,1,0,0
HG09546,53,75900,1,0,1,Midwest,High school or less,1270,4,9,2,0,668.18,0,0,0
HG09547,36,105600,1,0,0,Northeast,Some college/associate,1130,6,22,0,0,763.43,0,0,0
HG09548,36,63700,3,1,0,South,Some college/associate,1890,0,0,82,0,1100.65,0,0,0
HG09549,47,67300,2,0,1,Midwest,Some college/associate,1510,0,0,50,0,995.81,0,0,0
HG09550,57,49300,5,0,1,South,Bachelor's,2840,0,0,77,0,1017.5,1,0,0
HG09551,49,81900,2,1,1,Midwest,High school or less,1970,4,18,0,0,1046.62,1,0,0
HG09552,28,110400,3,0,0,South,Graduate,1520,10,27,0,0,997.92,1,0,0
HG09553,46,140800,1,0,0,Midwest,Graduate,1400,6,9,9,0,978.38,1,0,0
HG09554,56,98300,3,1,1,Northeast,Some college/associate,2010,5,18,5,0,1021.64,1,0,0
HG09555,41,60400,4,0,1,West,Some college/associate,1510,22,34,1,0,1159.77,1,0,0
HG09556,51,50200,3,2,1,West,Some college/associate,1660,0,0,54,0,1122.95,1,0,0
HG09557,55,119100,1,0,1,Midwest,Some college/associate,2260,8,15,3,0,1049.7,0,0,0
HG09558,52,73100,6,1,0,West,Some college/associate,3690,0,0,88,0,1346.38,0,0,0
HG09559,27,88600,3,1,1,Northeast,Some college/associate,970,34,123,0,0,1073.65,0,1,94.31
HG09560,64,119200,1,0,1,Northeast,Some college/associate,1560,5,22,3,0.157894737,1101.36,0,0,0
HG09561,50,59300,3,1,1,Northeast,Some college/associate,2170,5,10,1,0,1231.06,1,0,0
HG09562,61,189600,2,0,1,South,Graduate,1900,9,26,0,0,1217.3,1,0,0
HG09563,50,118600,2,0,1,Midwest,Bachelor's,1430,9,26,4,0,1012.26,1,0,0
HG09564,39,56700,2,0,1,Northeast,Bachelor's,1260,4,22,9,0,899.07,0,1,259.27
HG09565,54,71400,1,0,1,South,High school or less,1080,6,27,1,0,986.58,1,0,0
HG09566,45,46300,2,1,0,Midwest,High school or less,1370,3,14,9,0,892.16,0,0,0
HG09567,59,69500,3,0,1,Midwest,Bachelor's,1540,5,17,11,0,895.43,1,1,116.89
HG09568,57,119800,1,0,1,Northeast,High school or less,1840,2,8,8,0,1079.03,1,0,0
HG09569,57,63100,1,0,1,South,Bachelor's,1930,7,17,13,0,1073.55,0,0,0
HG09570,38,58700,1,0,1,South,High school or less,1700,6,15,2,0,983.33,0,0,0
HG09571,24,82300,3,0,0,Midwest,High school or less,,10,29,1,0,1008.53,1,0,0
HG09572,29,66800,1,0,1,Midwest,Some college/associate,1060,9,17,0,0,891.23,0,1,49.6
HG09573,56,73900,6,2,1,Northeast,Some college/associate,1890,5,9,2,0.4,1118.02,0,0,0
HG09574,48,94100,1,0,1,Midwest,Bachelor's,850,9,21,0,0,916.75,0,0,0
HG09575,55,273800,1,0,1,West,Graduate,3220,9,24,1,0,1543.91,0,1,41.97
HG09576,34,31200,5,0,0,South,High school or less,1350,10,32,0,0,693.99,1,0,0
HG09577,40,77100,1,0,1,Northeast,Bachelor's,,5,13,17,0.181818182,915.3,0,0,0
HG09578,50,149300,1,0,1,South,Graduate,1500,6,14,1,0,1018.36,0,0,0
HG09579,37,60900,2,0,0,South,Some college/associate,1550,0,0,94,0,1069.59,0,0,0
HG09580,28,68900,5,2,0,West,Some college/associate,1890,4,16,0,0,822.56,1,1,103.41
HG09581,51,87900,1,0,1,Northeast,Some college/associate,1460,12,40,0,0.3,762.56,0,0,0
HG09582,57,84900,1,0,1,Northeast,Some college/associate,2140,4,12,0,0.1,921.11,0,0,0
HG09583,47,186800,2,1,1,South,Graduate,2160,6,15,0,0,1151.08,0,0,0
HG09584,76,78300,1,0,1,Northeast,Bachelor's,1560,4,19,3,0.3125,849.1,0,0,0
HG09585,32,24200,3,1,0,West,High school or less,1080,0,0,71,0,785.76,0,0,0
HG09586,72,74600,4,0,0,South,Some college/associate,1990,12,35,1,0,1291.01,0,1,117.13
HG09587,43,96900,2,0,1,South,Bachelor's,1250,4,5,1,0,1065.92,0,0,0
HG09588,38,108800,1,0,1,West,Bachelor's,1340,3,15,13,0.210526316,1070.1,0,1,124.83
HG09589,46,26400,2,0,1,Midwest,Some college/associate,1500,0,0,67,0,777.98,1,0,0
HG09590,58,98300,3,0,1,West,Some college/associate,2340,11,32,2,0,1013.06,0,1,354.65
HG09591,31,98700,2,0,0,South,Some college/associate,1040,9,18,1,0,837.65,0,0,0
HG09592,46,17000,5,2,1,South,High school or less,2620,14,30,0,0.4,896.06,1,0,0
HG09593,64,124800,1,0,1,Midwest,Some college/associate,1980,6,24,2,0.125,777,0,0,0
HG09594,46,38800,1,0,0,South,High school or less,1440,9,21,4,0,833.03,0,0,0
HG09595,25,54600,2,0,0,West,High school or less,1040,5,16,0,0,613.32,1,0,0
HG09596,48,164200,2,0,0,Northeast,Graduate,1130,9,25,0,0,1256.76,0,0,0
HG09597,41,55700,1,0,1,Northeast,High school or less,1070,6,19,7,0,622.97,0,0,0
HG09598,32,43500,2,1,0,South,Some college/associate,1600,0,0,70,0,614.59,0,0,0
HG09599,46,40200,4,2,0,Midwest,High school or less,1920,0,0,150,0,1034.59,1,0,0
HG09600,50,76600,2,0,0,South,Some college/associate,1210,6,21,3,0,1093.91,1,0,0
HG09601,58,134900,1,0,1,South,Some college/associate,1640,7,36,0,0,813.57,0,0,0
HG09602,53,23200,2,0,1,Midwest,High school or less,1020,3,13,1,0.466666667,734.42,0,0,0
HG09603,46,38300,2,0,1,West,High school or less,1620,0,0,49,0,819.99,0,0,0
HG09604,47,226700,4,2,1,South,Graduate,2050,29,87,0,0,1444.48,1,1,107.29
HG09605,47,268100,4,0,1,Northeast,Graduate,2800,3,6,6,0,1378.73,0,0,0
HG09606,71,85500,4,0,1,West,Graduate,2220,5,17,0,0,1378.66,0,0,0
HG09607,41,136400,5,0,1,West,Graduate,3300,0,0,41,0,1273.35,0,0,0
HG09608,63,78100,2,0,1,South,High school or less,2010,10,33,0,0,947.7,1,0,0
HG09609,33,,2,1,1,South,Some college/associate,1720,5,16,2,0,961.08,0,1,115.06
HG09610,51,55300,2,0,1,Northeast,High school or less,2090,0,0,75,0,984.76,0,0,0
HG09611,45,72300,2,1,0,South,Bachelor's,1000,13,23,1,0,757.16,0,0,0
HG09612,34,141300,6,0,0,South,Bachelor's,2700,5,12,7,0,783.58,1,0,0
HG09613,26,45500,1,0,1,Northeast,High school or less,1510,13,52,5,0.266666667,641.89,1,0,0
HG09614,42,68500,4,1,0,West,Graduate,2650,0,0,74,0,1123.55,0,0,0
HG09615,33,103200,1,0,1,Midwest,High school or less,1030,9,29,0,0,1057.53,1,1,204.13
HG09616,56,136600,2,0,1,South,Some college/associate,1700,17,38,2,0,812.59,1,0,0
HG09617,43,69500,1,0,0,Northeast,Bachelor's,2130,9,20,2,0,687.06,0,0,0
HG09618,28,95800,6,4,1,South,Some college/associate,3270,4,8,5,0,1317.8,1,0,0
HG09619,54,98100,2,0,0,South,Bachelor's,2320,0,0,70,0,920.25,1,0,0
HG09620,50,64400,1,0,1,Midwest,High school or less,1760,3,11,1,0.333333333,799.13,1,0,0
HG09621,54,155300,3,2,1,Midwest,Bachelor's,1690,6,15,9,0,1339.06,0,0,0
HG09622,48,130100,3,1,1,South,Graduate,2050,6,17,6,0,1028.67,1,0,0
HG09623,31,42400,3,1,0,West,High school or less,1110,6,19,3,0,1041.94,1,0,0
HG09624,71,88200,1,0,1,West,Some college/associate,890,6,32,5,0.263157895,1074.81,1,1,64.62
HG09625,51,101100,1,0,1,South,Bachelor's,1580,8,23,6,0,1119.7,0,0,0
HG09626,29,124000,5,3,1,Northeast,Bachelor's,3640,8,32,0,0,1133.26,1,0,0
HG09627,32,28600,6,4,0,Midwest,High school or less,2620,0,0,52,0,997.55,1,0,0
HG09628,48,53100,3,0,0,West,High school or less,1210,0,0,93,0,1111.42,0,0,0
HG09629,21,44800,2,0,0,South,Bachelor's,1460,0,0,85,0,886.08,0,0,0
HG09630,62,62600,1,0,1,Midwest,Graduate,1050,0,0,69,0,783.83,1,0,0
HG09631,54,77400,4,0,1,South,Some college/associate,2450,0,0,41,0,994.16,1,0,0
HG09632,20,52500,1,0,0,Midwest,High school or less,1170,3,18,10,0.4375,652.9,0,0,0
HG09633,41,97800,1,0,0,West,Some college/associate,1120,7,29,0,0,1000.12,0,0,0
HG09634,28,35200,3,1,0,Northeast,High school or less,1500,0,0,91,0,598.6,1,0,0
HG09635,39,36500,3,0,1,Midwest,High school or less,1950,0,0,51,0,800.39,1,0,0
HG09636,58,109100,2,0,0,Northeast,Graduate,1660,8,32,1,0.266666667,1039.6,0,0,0
HG09637,49,102500,1,0,0,South,Bachelor's,2160,6,21,5,0,761.53,0,0,0
HG09638,43,236800,3,0,1,South,Graduate,2290,6,15,6,0,1440.17,1,1,260.39
HG09639,48,62100,2,1,0,South,Some college/associate,1090,0,0,78,0,776.49,1,0,0
HG09640,34,127900,5,3,1,Midwest,Bachelor's,3060,8,25,0,0,1084.92,0,0,0
HG09641,23,44500,1,0,0,West,Some college/associate,770,2,11,14,0,687.69,0,1,75.16
HG09642,67,86400,1,0,1,South,Some college/associate,2110,7,18,7,0.5625,973.64,0,0,0
HG09643,41,66800,2,1,1,Northeast,High school or less,2590,0,0,59,0,1174.01,1,0,0
HG09644,38,41000,1,0,0,South,Some college/associate,1430,0,0,65,0,822.46,1,1,57.45
HG09645,55,36500,2,0,1,Midwest,Bachelor's,1910,0,0,47,0,983.98,1,0,0
HG09646,30,134900,2,1,1,South,Some college/associate,1540,10,28,0,0,773.31,0,0,0
HG09647,66,63400,3,0,1,South,Some college/associate,1740,4,18,6,0,985.55,0,1,132.67
HG09648,27,35600,3,1,0,Northeast,High school or less,1140,14,32,1,0,738.14,1,0,0
HG09649,31,61700,2,0,1,South,Some college/associate,1050,5,19,3,0,866.58,0,0,0
HG09650,48,48200,4,0,1,Northeast,Some college/associate,2910,0,0,90,0,1059.99,0,0,0
HG09651,56,97500,2,0,0,Midwest,Bachelor's,,0,0,64,0,855.95,0,0,0
HG09652,53,56900,2,0,1,West,Bachelor's,2350,0,0,61,0,956.49,1,0,0
HG09653,67,69700,2,0,1,South,High school or less,1940,0,0,46,0,805.41,1,0,0
HG09654,62,85400,3,0,1,Northeast,High school or less,3360,0,0,67,0,1213.88,1,1,180.43
HG09655,57,119000,2,0,0,Northeast,Some college/associate,970,11,27,3,0,1011.27,0,0,0
HG09656,53,54400,1,0,0,South,High school or less,1120,7,12,4,0,931.91,0,1,28.28
HG09657,45,165800,1,0,1,South,Some college/associate,690,9,22,2,0,896.91,1,1,59.41
HG09658,45,150200,4,2,1,South,Some college/associate,2450,7,14,0,0,1021,1,0,0
HG09659,42,81900,1,0,0,Northeast,Some college/associate,1160,10,34,0,0,1055.06,1,1,333.44
HG09660,50,75100,4,2,0,West,Bachelor's,1500,13,34,0,0,1108.12,0,0,0
HG09661,45,166400,2,1,1,South,Graduate,1530,12,34,0,0,866.85,1,0,0
HG09662,62,123400,1,0,1,Midwest,Bachelor's,1490,3,15,4,0.375,1215.1,1,1,114.39
HG09663,60,160900,4,0,0,South,Graduate,2570,0,0,65,0,1440.46,1,1,509.5
HG09664,20,40700,2,0,0,Midwest,Some college/associate,1600,6,18,2,0.666666667,785.76,0,0,0
HG09665,62,65700,2,0,1,West,Some college/associate,1490,0,0,76,0,992.8,1,1,25.7
HG09666,30,26600,4,2,0,South,High school or less,1690,12,38,0,0,947.42,0,0,0
HG09667,60,67800,2,0,0,South,High school or less,1310,5,24,15,0,1006.64,1,1,43.82
HG09668,33,45100,4,3,0,South,High school or less,2270,0,0,88,0,634.92,1,0,0
HG09669,25,47700,1,0,1,West,High school or less,910,18,56,1,0.384615385,657.09,1,0,0
HG09670,72,69300,3,0,1,Northeast,Some college/associate,1390,6,18,2,0.238095238,1047.7,0,1,94.95
HG09671,68,69600,2,0,0,Midwest,High school or less,1320,5,32,2,0,1087.42,1,0,0
HG09672,58,148300,2,0,1,West,Bachelor's,2250,9,25,0,0,1510.34,1,1,144.57
HG09673,56,80700,2,0,1,West,Some college/associate,1790,5,14,3,0,1039.92,0,0,0
HG09674,34,58100,2,0,1,South,High school or less,2310,0,0,79,0,698.61,0,0,0
HG09675,47,38300,5,2,0,South,High school or less,1870,8,15,0,0,981.65,1,1,422.03
HG09676,45,83100,3,1,1,Midwest,High school or less,1830,0,0,82,0,1036.27,1,0,0
HG09677,55,128100,2,0,0,Midwest,Graduate,1590,17,40,7,0,878.87,0,0,0
HG09678,57,97900,1,0,1,Midwest,Bachelor's,1710,5,19,11,0,1137.07,0,0,0
HG09679,30,213600,1,0,1,South,Bachelor's,1670,12,20,1,0,964.77,1,0,0
HG09680,43,39100,1,0,1,Midwest,High school or less,1090,6,21,0,0,788.8,0,0,0
HG09681,37,32400,4,1,0,South,Some college/associate,1350,0,0,51,0,788.03,1,0,0
HG09682,49,63500,3,1,1,South,High school or less,1910,0,0,63,0,1063.42,1,0,0
HG09683,59,58600,5,1,0,West,Some college/associate,1800,28,61,0,0,1124.21,1,1,156.81
HG09684,41,51300,1,0,1,West,Bachelor's,1840,0,0,63,0,853.04,0,0,0
HG09685,54,73500,1,0,1,West,High school or less,2080,6,22,6,0,856.45,0,0,0
HG09686,21,94600,3,1,1,Northeast,High school or less,2770,8,20,10,0,1178.14,1,0,0
HG09687,57,322300,4,1,1,South,Graduate,3640,2,3,13,0,1650.14,1,1,325.74
HG09688,60,55900,4,0,1,South,Some college/associate,2360,0,0,71,0,753.01,0,0,0
HG09689,59,53300,1,0,0,South,High school or less,690,6,24,8,0.208333333,708.18,0,0,0
HG09690,57,110000,1,0,1,Midwest,Bachelor's,,5,11,1,0,1057.15,0,0,0
HG09691,45,53800,2,1,0,South,Some college/associate,1440,0,0,78,0,569.76,1,0,0
HG09692,57,350000,3,2,0,South,Bachelor's,2310,10,22,0,0,1465.49,1,0,0
HG09693,43,99800,2,1,1,South,Some college/associate,,6,16,5,0,991.44,1,1,64.02
HG09694,52,64200,2,1,1,West,High school or less,2030,0,0,62,0,1247.43,0,1,310.04
HG09695,29,38400,3,1,1,West,High school or less,2010,18,52,1,0,963.83,0,0,0
HG09696,31,63700,2,0,1,Midwest,Bachelor's,1960,0,0,78,0,1023.67,0,0,0
HG09697,46,119800,3,0,1,Midwest,Bachelor's,2180,12,18,0,0,1117.83,0,0,0
HG09698,42,61800,3,0,1,South,High school or less,2420,9,21,7,0,1037.9,1,0,0
HG09699,46,132700,3,1,1,Midwest,Bachelor's,1850,11,39,7,0,1064.53,0,0,0
HG09700,44,75900,2,1,1,Northeast,High school or less,1740,0,0,99,0,893.3,0,0,0
HG09701,46,52700,5,1,0,West,Some college/associate,1300,0,0,101,0,876.35,0,0,0
HG09702,35,56800,4,1,0,South,Some college/associate,1660,0,0,76,0,855.67,1,0,0
HG09703,55,36000,2,0,1,Midwest,Some college/associate,1690,0,0,55,0,793.54,0,0,0
HG09704,38,112800,1,0,0,South,Graduate,1590,4,4,2,0,754.84,1,0,0
HG09705,51,28800,2,1,1,Midwest,High school or less,1150,10,29,2,0,589.84,1,0,0
HG09706,52,77600,1,0,1,Northeast,Graduate,1360,5,21,2,0.4,993.01,1,1,114.12
HG09707,48,38500,2,0,1,South,High school or less,1530,0,0,79,0,875.4,0,0,0
HG09708,24,74700,4,0,0,South,Some college/associate,1710,10,38,0,0,1113.34,0,0,0
HG09709,46,261800,2,0,1,West,Graduate,2540,7,22,0,0,1448.63,0,0,0
HG09710,63,75500,3,0,1,Northeast,Bachelor's,2120,0,0,72,0,1081.12,1,0,0
HG09711,22,34200,2,0,0,Northeast,Some college/associate,1120,0,0,66,0,826.74,1,1,26.79
HG09712,46,102700,2,0,1,South,Bachelor's,1330,17,50,1,0,1301.81,1,1,375.45
HG09713,34,43600,2,1,0,South,High school or less,1190,0,0,54,0,1025.67,0,0,0
HG09714,44,50600,2,0,1,South,High school or less,1800,0,0,58,0,945.43,1,0,0
HG09715,58,36200,5,1,1,South,High school or less,1680,16,42,6,0,1205.3,1,0,0
HG09716,36,89300,1,0,1,South,High school or less,1840,6,15,4,0,863.11,1,0,0
HG09717,35,79200,2,1,0,South,Graduate,1130,0,0,44,0,979.2,0,0,0
HG09718,44,102600,3,1,1,South,Graduate,3730,0,0,43,0,1073.97,0,0,0
HG09719,51,127700,6,4,0,South,Bachelor's,4610,11,12,3,0,1335.13,0,0,0
HG09720,46,295600,5,2,1,South,Graduate,3760,8,26,1,0,1838.2,1,0,0
HG09721,47,90200,4,1,1,Northeast,Some college/associate,2930,0,0,52,0,1348.28,0,1,179.26
HG09722,45,155900,3,0,1,Midwest,Bachelor's,2340,6,14,7,0,1023.59,1,1,30.97
HG09723,31,44300,2,0,1,Northeast,Some college/associate,1930,5,16,0,0.375,982.88,0,1,149.02
HG09724,27,42500,1,0,0,South,Some college/associate,1900,0,0,71,0,690,0,0,0
HG09725,43,81400,2,0,1,Midwest,Bachelor's,1010,9,12,0,0,869.27,1,0,0
HG09726,35,142100,5,0,1,Northeast,Some college/associate,2680,6,27,3,0,1439.95,0,0,0
HG09727,68,102200,1,0,1,Midwest,Bachelor's,1610,5,14,6,0,1045.09,1,0,0
HG09728,36,213800,2,1,1,South,Some college/associate,1790,9,28,3,0,1372,1,0,0
HG09729,41,93900,1,0,1,South,Some college/associate,1240,11,32,0,0,838.8,0,0,0
HG09730,43,90700,4,1,0,Northeast,Some college/associate,2400,1,1,11,0,1082.09,0,0,0
HG09731,55,78600,2,0,1,Northeast,Bachelor's,1460,5,17,6,0,797.89,0,0,0
HG09732,32,67600,5,1,1,West,Some college/associate,2740,0,0,95,0,1011.87,0,0,0
HG09733,44,100900,4,2,1,Northeast,Bachelor's,2290,8,19,3,0,1170.51,0,0,0
HG09734,26,67100,1,0,0,South,High school or less,1350,5,26,4,0,778.46,0,0,0
HG09735,79,75300,4,0,0,West,Graduate,1280,19,57,3,0,872.73,1,0,0
HG09736,36,105900,1,0,1,Northeast,High school or less,1470,18,48,0,0,740.08,0,0,0
HG09737,61,44700,1,0,1,Northeast,High school or less,1230,5,20,3,0.533333333,736.78,1,1,64.98
HG09738,38,82000,1,0,0,Midwest,Some college/associate,1050,5,15,0,0,915.25,1,0,0
HG09739,29,36400,2,0,1,West,Some college/associate,1480,0,0,60,0,1006.5,0,0,0
HG09740,37,121800,1,0,1,South,Some college/associate,1880,6,19,0,0,889.09,1,0,0
HG09741,20,41800,1,0,0,South,High school or less,1070,0,0,70,0,704.58,1,0,0
HG09742,46,80500,4,2,0,South,Graduate,1580,11,22,2,0,954.46,0,0,0
HG09743,49,127400,3,2,1,Midwest,Bachelor's,1100,26,86,0,0,1107.34,1,0,0
HG09744,31,45300,1,0,0,South,Bachelor's,1610,3,11,12,0.125,1012.86,1,0,0
HG09745,33,77500,1,0,0,West,Graduate,910,5,12,8,0,855.77,1,0,0
HG09746,44,44300,6,1,1,West,High school or less,3360,0,0,54,0,1172.28,0,0,0
HG09747,49,92700,3,0,1,South,Some college/associate,3030,0,0,57,0,1122.23,0,0,0
HG09748,51,95400,3,1,1,Midwest,Some college/associate,1690,5,12,1,0,1201.21,1,1,150.63
HG09749,34,57000,5,1,1,South,High school or less,3060,0,0,90,0,873.83,1,0,0
HG09750,46,257900,3,1,1,South,Graduate,3210,11,22,2,0,1726.13,0,0,0
HG09751,36,52900,2,0,0,West,High school or less,1470,0,0,66,0,713.3,1,0,0
HG09752,57,165400,3,0,0,South,Graduate,1270,12,36,0,0,974.09,0,0,0
HG09753,40,53300,3,2,0,South,Bachelor's,1800,0,0,99,0,1107.98,0,0,0
HG09754,54,63000,2,0,1,Northeast,Bachelor's,1700,0,0,48,0,1124.15,0,1,244.99
HG09755,36,124400,4,1,0,Midwest,Bachelor's,2190,8,14,2,0,1424.77,1,1,95.45
HG09756,61,,2,0,1,South,High school or less,1620,2,7,3,0,807.01,1,0,0
HG09757,37,72300,2,0,1,Midwest,Some college/associate,2120,9,23,1,0,1130.02,0,0,0
HG09758,60,137900,2,0,1,Midwest,Graduate,1710,9,20,2,0,1116.44,0,1,189.91
HG09759,19,116900,1,0,0,West,Some college/associate,1350,6,10,5,0,986.61,1,1,73.06
HG09760,36,138400,3,1,1,Northeast,Bachelor's,2820,10,42,3,0,1203.63,1,0,0
HG09761,42,77800,1,0,1,South,Graduate,1330,4,14,10,0,833.66,1,0,0
HG09762,37,94600,2,1,1,Midwest,Some college/associate,1300,3,11,2,0,788.87,1,0,0
HG09763,70,84100,2,0,1,West,Some college/associate,1800,11,23,0,0,1142.23,1,0,0
HG09764,28,33700,1,0,0,West,High school or less,750,4,15,3,0,767.67,0,0,0
HG09765,48,69500,4,0,1,South,High school or less,2110,0,0,82,0,696.39,0,0,0
HG09766,32,32900,4,2,0,South,High school or less,980,12,36,1,0,920.61,1,0,0
HG09767,32,64600,1,0,0,South,Bachelor's,900,0,0,52,0,815.46,0,0,0
HG09768,47,31500,4,2,1,South,High school or less,,6,16,1,0,687.16,1,0,0
HG09769,50,34900,4,2,1,West,High school or less,2270,0,0,54,0,760.87,1,0,0
HG09770,67,69100,1,0,1,South,Bachelor's,1160,7,22,9,0,906.4,0,0,0
HG09771,44,73500,2,1,0,Midwest,High school or less,1180,14,53,0,0,766.75,0,1,52.73
HG09772,37,104400,3,0,0,Midwest,Bachelor's,1290,9,17,0,0,1030.35,1,0,0
HG09773,49,134500,3,1,0,South,Graduate,2920,0,0,83,0,1192.23,1,0,0
HG09774,65,90600,2,0,1,Northeast,Graduate,1340,7,29,0,0,1041.57,1,0,0
HG09775,48,62400,6,1,0,South,High school or less,3810,0,0,85,0,896.64,1,0,0
HG09776,65,82700,2,0,1,South,High school or less,1260,9,24,2,0,1164.43,0,0,0
HG09777,35,82300,2,1,0,West,Some college/associate,1230,3,2,0,0,851.49,1,1,240.71
HG09778,40,214200,3,0,1,South,Bachelor's,1540,18,84,5,0,1124.18,0,0,0
HG09779,44,36900,2,0,1,West,Bachelor's,1350,0,0,95,0,1182.61,0,0,0
HG09780,50,55900,2,0,1,West,Some college/associate,2180,2,4,7,0,998.41,0,0,0
HG09781,25,51500,1,0,0,South,Some college/associate,,1,4,29,0,733.14,1,0,0
HG09782,42,70700,3,0,1,South,Bachelor's,1400,0,0,64,0,1144.86,1,1,95.14
HG09783,57,148500,1,0,1,South,Graduate,980,18,42,1,0,1208.53,1,0,0
HG09784,58,72600,1,0,1,South,High school or less,1510,0,0,80,0,740.51,0,0,0
HG09785,53,62300,1,0,0,Midwest,High school or less,1010,5,22,7,0,740.73,0,0,0
HG09786,55,307800,3,1,1,West,Bachelor's,2730,20,53,0,0,1542.24,0,1,80.58
HG09787,65,70700,2,0,1,South,High school or less,1060,20,139,0,0,1032.66,0,0,0
HG09788,44,32200,1,0,0,West,High school or less,800,12,53,1,0,713.89,0,0,0
HG09789,43,169500,6,3,0,South,Bachelor's,2310,7,20,0,0,1384.07,0,0,0
HG09790,30,104400,1,0,0,West,Some college/associate,1380,4,19,0,0,781.45,1,0,0
HG09791,38,107800,3,0,1,Northeast,Bachelor's,3010,0,0,82,0,1042.62,1,0,0
HG09792,36,85500,6,2,0,South,Some college/associate,2840,8,18,2,0,1154.08,0,0,0
HG09793,58,86300,1,0,0,South,Some college/associate,1000,5,13,6,0,662.45,0,0,0
HG09794,40,56800,4,2,0,Northeast,High school or less,1220,6,13,9,0,1031.24,0,0,0
HG09795,26,43800,3,0,1,Northeast,Some college/associate,1940,0,0,68,0,1097.53,1,0,0
HG09796,46,45500,4,2,1,Midwest,High school or less,1830,11,44,1,0,1189.28,0,0,0
HG09797,29,21800,2,0,0,South,High school or less,1140,0,0,103,0,620.42,0,0,0
HG09798,29,72800,2,0,1,Midwest,Some college/associate,1810,5,20,2,0,937.59,0,0,0
HG09799,43,47900,2,1,0,Northeast,High school or less,880,0,0,73,0,691.36,0,0,0
HG09800,38,137500,3,1,1,West,Graduate,1390,8,32,3,0,1056.7,0,0,0
HG09801,25,107600,1,0,0,South,Some college/associate,1290,2,6,7,0,614.67,1,0,0
HG09802,43,60200,1,0,0,Midwest,Some college/associate,1800,0,0,75,0,726.24,0,0,0
HG09803,59,74400,1,0,1,South,Some college/associate,1780,4,13,1,0,895.65,0,0,0
HG09804,34,57700,1,0,0,Northeast,High school or less,830,4,7,15,0,690.65,1,0,0
HG09805,56,67700,1,0,1,West,High school or less,1200,2,9,7,0.5,915.07,0,0,0
HG09806,57,44300,4,0,1,Midwest,High school or less,2400,6,7,0,0,1035.18,1,1,120.92
HG09807,40,103600,2,0,1,Northeast,Some college/associate,1440,7,16,4,0,1221.94,1,0,0
HG09808,45,42100,1,0,0,Midwest,High school or less,,0,0,55,0,690.43,0,0,0
HG09809,52,92400,1,0,0,South,Bachelor's,1250,7,22,1,0,841.16,1,0,0
HG09810,39,145900,2,1,1,West,Some college/associate,1610,6,25,2,0,993.03,1,0,0
HG09811,51,58900,2,1,0,South,Bachelor's,1220,0,0,100,0,964.76,1,0,0
HG09812,41,163900,2,1,1,South,Bachelor's,1490,7,16,7,0,1029.64,1,0,0
HG09813,41,49200,2,1,0,South,Some college/associate,1200,6,22,2,0,967.71,1,0,0
HG09814,67,74100,1,0,0,Northeast,Some college/associate,1260,3,14,8,0,765.21,0,0,0
HG09815,37,45600,1,0,0,Northeast,High school or less,1260,0,0,94,0,487.5,0,0,0
HG09816,49,92000,2,1,0,Midwest,Some college/associate,1250,6,11,6,0,735.99,1,1,43.79
HG09817,48,100400,2,0,1,Midwest,Some college/associate,1310,4,14,0,0,1024.33,0,1,51.32
HG09818,53,350000,3,2,1,Northeast,Graduate,1960,12,31,1,0,1635.72,0,0,0
HG09819,20,33300,1,0,0,South,High school or less,1000,3,3,15,0,767.33,0,0,0
HG09820,27,128600,2,1,0,South,Bachelor's,1610,7,8,3,0,1059.97,0,0,0
HG09821,43,65700,4,1,1,South,Bachelor's,4160,0,0,46,0,1166.96,0,0,0
HG09822,39,15500,5,0,0,West,High school or less,2080,0,0,50,0,847.58,0,0,0
HG09823,67,,3,0,1,Northeast,Bachelor's,1810,7,17,11,0,1250.28,1,0,0
HG09824,44,84500,2,0,0,South,Some college/associate,1600,9,21,1,0,854.11,1,0,0
HG09825,50,37900,5,2,0,Midwest,High school or less,2970,0,0,148,0,1048.21,0,0,0
HG09826,53,104700,2,0,1,South,Bachelor's,1800,11,31,3,0,963.9,1,0,0
HG09827,33,24000,1,0,0,Midwest,High school or less,920,8,15,4,0,722.67,0,1,53.78
HG09828,56,114500,1,0,1,Northeast,Some college/associate,1860,5,18,8,0,1119.71,1,0,0
HG09829,51,39800,2,0,1,South,High school or less,2260,0,0,55,0,802.02,0,0,0
HG09830,37,89100,3,0,1,South,Some college/associate,1750,6,27,10,0,1089.6,1,1,51.5
HG09831,41,119900,4,2,1,South,Bachelor's,1870,8,19,6,0,1119.49,0,0,0
HG09832,38,57500,1,0,1,South,Some college/associate,2040,0,0,90,0,866.22,1,1,136.01
HG09833,42,48300,2,0,1,West,High school or less,820,13,44,0,0,907.76,0,1,46.35
HG09834,59,37700,1,0,1,Midwest,High school or less,1900,5,23,1,0.25,829.49,1,0,0
HG09835,71,66900,1,0,1,West,Some college/associate,1210,4,18,8,0.380952381,818.79,1,0,0
HG09836,26,49200,1,0,0,West,High school or less,1030,7,31,0,0.555555556,898.38,0,1,127.72
HG09837,48,73900,1,0,1,South,Graduate,1400,5,19,3,0,1023.6,0,0,0
HG09838,36,78300,2,0,0,West,Bachelor's,1430,0,0,91,0,1044.66,0,0,0
HG09839,58,229700,3,1,1,South,Graduate,1900,6,18,3,0,1311.63,1,0,0
HG09840,51,60400,1,0,0,South,High school or less,1050,3,14,9,0,639.44,0,0,0
HG09841,38,228000,2,0,1,West,Graduate,3850,4,8,11,0,1480.59,0,1,328.3
HG09842,34,44100,1,0,1,West,High school or less,810,10,26,10,0,903.77,1,0,0
HG09843,77,60300,3,0,1,Northeast,Some college/associate,2500,5,11,5,0.166666667,922.82,1,0,0
HG09844,48,59500,2,1,0,West,Some college/associate,2070,4,16,4,0,1181.58,1,1,204.2
HG09845,54,63200,1,0,0,South,High school or less,1060,5,31,3,0,909.63,1,0,0
HG09846,44,96300,3,0,1,Northeast,Bachelor's,2470,0,0,59,0,1030.84,1,0,0
HG09847,46,61000,1,0,0,Midwest,Bachelor's,1340,0,0,72,0,829.4,1,1,164.58
HG09848,42,280100,2,1,1,South,Bachelor's,2440,9,44,7,0,1380.57,0,0,0
HG09849,35,47100,1,0,0,Northeast,Some college/associate,1110,3,7,0,0,545.71,1,0,0
HG09850,75,102000,4,0,0,South,Bachelor's,1700,0,0,101,0,1160.56,0,0,0
HG09851,40,51500,1,0,1,West,High school or less,1020,7,26,0,0,880.88,1,0,0
HG09852,58,78700,1,0,0,Midwest,High school or less,1170,7,25,0,0,859.2,0,0,0
HG09853,46,28100,2,1,0,Northeast,Bachelor's,1250,0,0,106,0,924.7,1,0,0
HG09854,49,78400,6,3,1,West,Graduate,4490,0,0,43,0,1210.76,0,0,0
HG09855,44,56900,1,0,1,West,Bachelor's,1300,0,0,82,0,908.88,0,0,0
HG09856,60,57900,1,0,1,Northeast,Some college/associate,1160,4,7,2,0.375,848.79,0,0,0
HG09857,23,54800,1,0,0,South,High school or less,1350,3,11,8,0,852.4,0,1,133.5
HG09858,57,127900,2,0,1,West,Bachelor's,2000,4,11,16,0,1212.99,1,1,147.8
HG09859,50,69200,3,0,0,Northeast,High school or less,1350,0,0,81,0,822.53,0,1,42.4
HG09860,41,50000,3,0,1,Northeast,Some college/associate,1610,0,0,114,0,855.78,1,0,0
HG09861,56,87900,5,0,1,Midwest,Graduate,2020,5,22,0,0,946.89,1,0,0
HG09862,43,42900,1,0,0,West,High school or less,800,5,21,1,0,729.53,0,0,0
HG09863,38,108900,3,2,0,South,Graduate,1710,0,0,64,0,952.3,1,0,0
HG09864,33,19500,3,0,0,Northeast,High school or less,1370,0,0,83,0,761.79,0,0,0
HG09865,40,131800,1,0,1,West,Graduate,1090,24,98,1,0,1295.4,0,1,85.8
HG09866,65,105800,1,0,0,West,Graduate,1290,5,12,0,0,824.79,1,0,0
HG09867,39,40300,1,0,1,South,Some college/associate,1540,7,17,1,0.363636364,660.86,0,0,0
HG09868,25,30100,4,0,1,Northeast,High school or less,1540,12,41,0,0,692.59,1,0,0
HG09869,43,136000,4,3,0,Midwest,High school or less,1910,3,11,1,0,893.32,0,0,0
HG09870,58,124800,4,1,1,Midwest,Graduate,2010,6,27,0,0,1099.25,1,0,0
HG09871,25,67000,2,0,1,West,High school or less,1300,16,55,3,0,857.22,1,1,61.94
HG09872,49,89100,1,0,0,Midwest,Some college/associate,1380,5,23,8,0,737.27,1,0,0
HG09873,37,34500,5,2,0,Midwest,Some college/associate,1740,0,0,64,0,880.29,1,0,0
HG09874,51,31400,5,2,0,South,High school or less,1950,0,0,71,0,1156.08,1,0,0
HG09875,37,149800,1,0,0,Northeast,Some college/associate,1060,19,58,2,0,954.2,0,0,0
HG09876,60,61500,1,0,1,South,High school or less,,5,21,5,0,935.79,1,0,0
HG09877,32,64100,2,1,1,West,Some college/associate,1620,0,0,72,0,956.63,0,0,0
HG09878,32,142000,4,2,1,South,Bachelor's,2920,6,13,1,0,1279.99,1,0,0
HG09879,54,50300,1,0,0,Midwest,High school or less,880,7,24,2,0,917.93,0,1,67.06
HG09880,60,89300,1,0,1,South,Bachelor's,1740,0,0,64,0,1125.33,0,0,0
HG09881,55,71000,1,0,1,Northeast,Some college/associate,1070,3,4,2,0,824.24,0,0,0
HG09882,21,37100,2,0,0,Midwest,High school or less,1010,9,26,1,0,729.85,1,0,0
HG09883,62,76300,4,0,1,South,Bachelor's,3090,0,0,128,0,1007.62,1,0,0
HG09884,54,164600,1,0,1,West,Bachelor's,960,5,11,11,0,1010.42,0,0,0
HG09885,42,94000,5,1,1,South,Bachelor's,4060,0,0,43,0,1246.81,1,0,0
HG09886,73,92600,3,0,1,Northeast,Bachelor's,2170,6,23,9,0,1142.46,1,0,0
HG09887,37,206100,1,0,1,West,Bachelor's,1720,8,28,2,0,1357.85,1,1,367.91
HG09888,68,108400,2,0,1,South,Bachelor's,1940,7,23,0,0.210526316,1274.83,1,0,0
HG09889,36,306100,2,0,1,Northeast,Graduate,1830,17,50,0,0,1350.76,1,0,0
HG09890,50,59700,2,0,1,South,Bachelor's,1680,5,16,7,0,915.66,0,0,0
HG09891,34,46500,6,4,1,Northeast,High school or less,2970,0,0,60,0,1108.01,0,0,0
HG09892,53,98500,1,0,1,Northeast,High school or less,1670,6,19,0,0,1293.34,0,0,0
HG09893,45,49900,1,0,1,Midwest,High school or less,1520,6,34,5,0.461538462,584.52,1,0,0
HG09894,62,83900,1,0,0,Midwest,High school or less,1150,3,14,14,0.538461538,593.32,1,0,0
HG09895,40,104900,1,0,0,Northeast,Bachelor's,720,10,31,1,0,1163.41,0,1,113.01
HG09896,33,28400,4,0,1,Northeast,High school or less,1780,0,0,72,0,884.62,1,0,0
HG09897,43,95900,5,2,0,South,Bachelor's,2100,8,18,1,0,978.42,1,0,0
HG09898,56,48800,2,0,0,West,High school or less,990,3,16,12,0.444444444,705.9,1,1,479.87
HG09899,62,70100,4,0,1,Northeast,High school or less,,10,35,4,0.272727273,851.52,1,0,0
HG09900,20,,1,0,1,South,Some college/associate,1720,8,24,6,0,845.57,1,1,28.23
HG09901,32,57000,3,2,1,South,Some college/associate,2260,0,0,50,0,880.2,0,0,0
HG09902,50,27300,2,0,1,Northeast,High school or less,1610,0,0,59,0,934.6,0,0,0
HG09903,43,188900,4,1,1,Northeast,Some college/associate,1830,6,21,12,0,1293.08,1,0,0
HG09904,36,95300,3,2,0,Northeast,Graduate,1900,4,12,4,0,1141.59,0,0,0
HG09905,59,64900,2,0,0,West,High school or less,1300,0,0,62,0,736.36,1,0,0
HG09906,34,60400,3,1,1,Midwest,Bachelor's,1360,4,7,5,0,908.67,0,0,0
HG09907,59,272400,2,1,1,Northeast,Graduate,2470,17,62,2,0,1158.41,1,0,0
HG09908,50,103700,4,1,0,West,Bachelor's,1650,9,32,4,0,1013.51,0,0,0
HG09909,36,70600,3,1,0,Midwest,High school or less,2210,0,0,90,0,736.83,1,0,0
HG09910,72,128500,1,0,1,South,Graduate,1400,7,24,3,0.4375,978.53,1,0,0
HG09911,55,81800,1,0,1,Midwest,Bachelor's,1230,0,0,75,0,1085.41,1,0,0
HG09912,40,27700,2,0,1,South,High school or less,2020,0,0,85,0,922.66,1,0,0
HG09913,36,115000,2,0,1,West,Some college/associate,2100,3,8,9,0,1213.68,0,0,0
HG09914,46,62000,2,0,1,South,High school or less,1600,14,43,0,0,873.02,1,1,191.79
HG09915,30,50000,5,2,1,South,Bachelor's,2570,3,2,1,0,1091.51,0,1,36.99
HG09916,41,44400,2,1,0,South,High school or less,1170,0,0,98,0,725.27,0,0,0
HG09917,39,,3,1,0,South,Bachelor's,1340,7,23,4,0,832.3,1,1,72.47
HG09918,60,60200,5,2,1,South,High school or less,,0,0,47,0,1319.75,0,0,0
HG09919,53,43100,1,0,1,South,Bachelor's,1880,0,0,73,0,897.15,1,0,0
HG09920,69,110800,1,0,1,Northeast,Bachelor's,1260,6,38,4,0.238095238,864.17,1,0,0
HG09921,58,55200,5,1,0,Midwest,Bachelor's,3120,0,0,57,0,1257.62,1,0,0
HG09922,67,66200,2,1,1,Northeast,Some college/associate,2510,7,30,13,0.7,1049.68,1,0,0
HG09923,59,174700,1,0,1,Northeast,Graduate,2220,2,4,18,0.125,1418.57,1,0,0
HG09924,47,78400,3,0,1,Midwest,Bachelor's,2160,4,13,5,0,863.24,0,0,0
HG09925,62,54900,2,0,1,West,Bachelor's,3040,0,0,127,0,1101.8,1,1,274.79
HG09926,27,155100,4,0,0,West,Bachelor's,1500,12,42,0,0,1104.78,1,1,275
HG09927,56,139600,1,0,1,South,Graduate,1380,9,22,6,0,1180.21,1,1,98.82
HG09928,45,83500,1,0,0,South,Some college/associate,1110,7,18,1,0,854.5,0,0,0
HG09929,20,52100,2,0,0,West,High school or less,1330,0,0,77,0,642.16,0,0,0
HG09930,38,38300,1,0,0,Midwest,High school or less,840,4,5,1,0.333333333,668.08,1,1,190.03
HG09931,62,89200,2,0,0,Midwest,Some college/associate,1530,6,13,15,0,895.15,1,0,0
HG09932,45,27000,1,0,1,South,High school or less,930,5,9,0,0.416666667,663.02,1,0,0
HG09933,30,89100,5,1,0,South,Bachelor's,1520,17,47,3,0,820.27,1,0,0
HG09934,48,257200,3,0,1,West,Graduate,2700,14,59,2,0,1408.88,1,0,0
HG09935,34,59100,3,1,0,West,High school or less,2550,0,0,61,0,843.47,0,0,0
HG09936,55,58400,4,1,0,Northeast,High school or less,2030,0,0,150,0,915.33,1,0,0
HG09937,34,105500,2,0,0,West,Some college/associate,1250,5,11,1,0,1000.78,0,1,66.55
HG09938,59,65100,2,0,0,West,Some college/associate,1180,8,32,2,0,825.85,0,0,0
HG09939,39,38900,1,0,0,Midwest,High school or less,1280,0,0,96,0,827.68,0,0,0
HG09940,56,53000,1,0,0,West,Some college/associate,1180,0,0,74,0,1321.84,0,1,563.86
HG09941,57,73400,1,0,0,South,Some college/associate,1120,6,12,1,0,911.16,0,1,92.1
HG09942,25,46700,3,0,0,West,Bachelor's,2590,0,0,92,0,970,0,0,0
HG09943,37,75300,1,0,1,South,Some college/associate,1290,0,0,106,0,790.74,0,0,0
HG09944,23,123800,5,1,0,Midwest,Bachelor's,1850,7,24,3,0,943.51,0,1,288.03
HG09945,43,22400,3,2,1,West,High school or less,1790,0,0,54,0,783.34,0,0,0
HG09946,37,43500,3,0,1,West,High school or less,1100,10,43,1,0,732.39,0,0,0
HG09947,43,107600,2,0,1,South,Bachelor's,2270,10,30,0,0,1259.82,0,1,358.43
HG09948,55,67700,2,1,1,Northeast,Graduate,1840,0,0,110,0,789.05,1,0,0
HG09949,38,106700,4,2,0,Midwest,Bachelor's,1510,8,16,0,0,854.08,0,0,0
HG09950,26,32800,2,1,1,South,High school or less,1480,0,0,68,0,928.94,1,0,0
HG09951,31,149900,2,0,0,South,Bachelor's,1510,9,21,0,0,1015.87,1,0,0
HG09952,45,98400,5,2,1,West,Graduate,2040,4,10,4,0,1103.02,1,0,0
HG09953,38,84400,2,1,1,South,Bachelor's,1530,6,26,2,0.25,772.53,1,0,0
HG09954,37,42500,5,2,1,West,High school or less,1820,0,0,100,0,1047.77,0,0,0
HG09955,46,74400,1,0,1,West,Some college/associate,900,9,21,7,0,779.96,1,0,0
HG09956,40,68100,4,1,1,Midwest,Bachelor's,3150,0,0,87,0,1103.63,0,0,0
HG09957,36,50200,2,0,0,Northeast,High school or less,1410,7,22,0,0,871.08,1,0,0
HG09958,26,224400,2,0,1,South,Graduate,1470,3,13,8,0,1249.06,0,0,0
HG09959,45,96100,2,1,1,Midwest,Some college/associate,1620,0,0,52,0,844.59,1,1,46.37
HG09960,29,46100,1,0,0,West,High school or less,890,4,14,0,0,468.3,0,0,0
HG09961,30,65300,4,1,0,Northeast,High school or less,2580,0,0,67,0,1150.59,0,1,161.69
HG09962,59,113700,3,0,1,South,Some college/associate,2030,7,22,2,0.222222222,1288.2,0,0,0
HG09963,76,161900,1,0,1,Northeast,Bachelor's,2080,3,9,3,0.1,954.32,0,0,0
HG09964,35,,2,0,0,West,High school or less,1540,0,0,50,0,839.13,1,1,47.23
HG09965,51,60800,4,3,1,West,Some college/associate,1840,7,26,1,0.25,1226.36,0,0,0
HG09966,43,62900,2,0,0,West,Bachelor's,2080,0,0,56,0,1026.88,0,0,0
HG09967,45,121600,4,0,0,South,Some college/associate,1250,16,50,0,0,990.02,0,0,0
HG09968,29,30700,1,0,0,South,High school or less,780,3,9,6,0,1056.38,0,0,0
HG09969,58,112800,1,0,0,South,High school or less,1080,3,8,8,0,843.11,1,1,67.6
HG09970,48,64200,6,5,0,South,Some college/associate,3600,0,0,108,0,1412.33,1,0,0
HG09971,71,65000,3,0,1,West,High school or less,2230,6,20,0,0,1089.4,1,0,0
HG09972,51,74400,5,3,0,South,Some college/associate,1690,22,101,1,0,1024.85,1,1,108.07
HG09973,41,167400,4,2,1,South,Bachelor's,3360,6,18,2,0,1505.97,1,1,262.31
HG09974,27,141700,3,0,0,Midwest,Bachelor's,1800,5,12,5,0,1348.91,1,1,459.45
HG09975,25,104800,2,0,1,South,High school or less,1580,11,30,0,0,802.73,0,0,0
HG09976,37,63600,1,0,0,Midwest,Bachelor's,1370,11,59,1,0,799.33,0,0,0
HG09977,55,67200,3,2,0,Midwest,Graduate,2430,8,27,8,0,905.02,0,0,0
HG09978,70,95600,2,0,1,Northeast,Some college/associate,2800,7,23,0,0,1363.97,1,1,186.14
HG09979,34,75700,3,1,0,Midwest,High school or less,1560,8,15,5,0,984.58,0,0,0
HG09980,57,73000,3,0,1,Midwest,High school or less,2080,5,25,5,0.5,677.75,0,0,0
HG09981,49,169200,1,0,1,West,Bachelor's,1930,20,64,2,0,1496.39,1,1,166.81
HG09982,24,111900,3,1,1,Northeast,Some college/associate,1610,9,28,8,0,1145.62,0,0,0
HG09983,32,43700,1,0,1,Midwest,High school or less,1060,13,40,1,0,821.9,0,1,262.06
HG09984,29,80000,2,1,1,Northeast,Bachelor's,1380,13,36,2,0,1094.58,1,1,106.92
HG09985,29,98600,4,1,0,Midwest,Some college/associate,1420,8,18,1,0,910.59,0,0,0
HG09986,53,45900,1,0,1,Northeast,High school or less,1400,0,0,65,0,665.69,0,0,0
HG09987,30,88600,2,0,1,West,Some college/associate,1140,2,4,1,0,1079.95,0,0,0
HG09988,54,61300,1,0,1,Northeast,Bachelor's,1040,4,20,1,0,938.13,1,0,0
HG09989,73,61800,1,0,1,Northeast,Some college/associate,1500,1,2,10,0.083333333,1243.24,0,0,0
HG09990,53,45200,1,0,0,West,High school or less,950,5,19,0,0,743.17,0,0,0
HG09991,43,85000,4,0,0,South,High school or less,2480,6,13,0,0,742.76,0,0,0
HG09992,54,213900,2,0,1,South,Graduate,1630,19,77,1,0,1550.41,0,1,53.34
HG09993,37,79800,2,1,1,Northeast,High school or less,1140,0,0,83,0,807.78,1,0,0
HG09994,55,82300,1,0,1,Northeast,Bachelor's,1640,4,16,0,0.352941176,1081.03,1,0,0
HG09995,56,85600,2,1,1,Northeast,Graduate,1790,19,87,0,0,1023.12,0,1,210.88
HG09996,36,30700,3,1,1,West,High school or less,1760,7,17,9,0.3,919.37,0,0,0
HG09997,77,121500,3,0,1,West,Some college/associate,2020,5,13,1,0,1149.71,1,0,0
HG09998,26,81700,1,0,0,South,High school or less,1250,10,23,1,0,962.12,1,0,0
HG09999,47,51600,3,1,1,Northeast,Some college/associate,2740,0,0,65,0,1184.37,0,0,0
HG10000,67,62700,1,0,1,Northeast,Some college/associate,1270,8,21,1,0,933.38,0,0,0
